ISO-10303-21;
HEADER;
FILE_DESCRIPTION(('Open CASCADE Model'),'2;1');
FILE_NAME('Open CASCADE Shape Model','1970-01-01T00:00:00',('Author'),(
    'Open CASCADE'),'Open CASCADE STEP processor 7.7','Open CASCADE 7.7'
  ,'Unknown');
FILE_SCHEMA(('AUTOMOTIVE_DESIGN { 1 0 10303 214 1 1 1 1 }'));
ENDSEC;
DATA;
#1 = APPLICATION_PROTOCOL_DEFINITION('international standard',
  'automotive_design',2000,#2);
#2 = APPLICATION_CONTEXT(
  'core data for automotive mechanical design processes');
#3 = SHAPE_DEFINITION_REPRESENTATION(#4,#10);
#4 = PRODUCT_DEFINITION_SHAPE('','',#5);
#5 = PRODUCT_DEFINITION('design','',#6,#9);
#6 = PRODUCT_DEFINITION_FORMATION('','',#7);
#7 = PRODUCT('Open CASCADE STEP translator 7.7 1',
  'Open CASCADE STEP translator 7.7 1','',(#8));
#8 = PRODUCT_CONTEXT('',#2,'mechanical');
#9 = PRODUCT_DEFINITION_CONTEXT('part definition',#2,'design');
#10 = ADVANCED_BREP_SHAPE_REPRESENTATION('',(#11,#15),#2617);
#11 = AXIS2_PLACEMENT_3D('',#12,#13,#14);
#12 = CARTESIAN_POINT('',(0.,0.,0.));
#13 = DIRECTION('',(0.,0.,1.));
#14 = DIRECTION('',(1.,0.,-0.));
#15 = BREP_WITH_VOIDS('',#16,(#1001));
#16 = CLOSED_SHELL('',(#17,#63,#124,#165,#238,#305,#375,#442,#503,#561,
    #602,#660,#721,#779,#820,#878,#939,#997));
#17 = ADVANCED_FACE('',(#18),#31,.F.);
#18 = FACE_BOUND('',#19,.T.);
#19 = EDGE_LOOP('',(#20));
#20 = ORIENTED_EDGE('',*,*,#21,.F.);
#21 = EDGE_CURVE('',#22,#22,#24,.T.);
#22 = VERTEX_POINT('',#23);
#23 = CARTESIAN_POINT('',(21.5,0.,3.3));
#24 = SURFACE_CURVE('',#25,(#30,#42),.PCURVE_S1.);
#25 = CIRCLE('',#26,21.5);
#26 = AXIS2_PLACEMENT_3D('',#27,#28,#29);
#27 = CARTESIAN_POINT('',(0.,0.,3.3));
#28 = DIRECTION('',(0.,0.,1.));
#29 = DIRECTION('',(1.,0.,-0.));
#30 = PCURVE('',#31,#36);
#31 = PLANE('',#32);
#32 = AXIS2_PLACEMENT_3D('',#33,#34,#35);
#33 = CARTESIAN_POINT('',(0.,0.,3.3));
#34 = DIRECTION('',(0.,0.,1.));
#35 = DIRECTION('',(1.,0.,-0.));
#36 = DEFINITIONAL_REPRESENTATION('',(#37),#41);
#37 = CIRCLE('',#38,21.5);
#38 = AXIS2_PLACEMENT_2D('',#39,#40);
#39 = CARTESIAN_POINT('',(0.,0.));
#40 = DIRECTION('',(1.,-0.));
#41 = ( GEOMETRIC_REPRESENTATION_CONTEXT(2)
PARAMETRIC_REPRESENTATION_CONTEXT() REPRESENTATION_CONTEXT('2D SPACE',''
  ) );
#42 = PCURVE('',#43,#57);
#43 = SURFACE_OF_REVOLUTION('',#44,#54);
#44 = B_SPLINE_CURVE_WITH_KNOTS('',5,(#45,#46,#47,#48,#49,#50,#51,#52,
    #53),.UNSPECIFIED.,.F.,.F.,(6,3,6),(0.,1.,1.59192255263),
  .UNSPECIFIED.);
#45 = CARTESIAN_POINT('',(21.5,0.,3.3));
#46 = CARTESIAN_POINT('',(22.221449994142,0.,3.3));
#47 = CARTESIAN_POINT('',(22.942899988285,0.,3.3));
#48 = CARTESIAN_POINT('',(23.408869812115,0.,2.303372711841));
#49 = CARTESIAN_POINT('',(24.277367189089,0.,1.624121078952));
#50 = CARTESIAN_POINT('',(25.145864566064,0.,0.944869446063));
#51 = CARTESIAN_POINT('',(25.155672685842,0.,0.));
#52 = CARTESIAN_POINT('',(25.577836342921,0.,0.));
#53 = CARTESIAN_POINT('',(26.,0.,0.));
#54 = AXIS1_PLACEMENT('',#55,#56);
#55 = CARTESIAN_POINT('',(0.,0.,0.));
#56 = DIRECTION('',(0.,0.,1.));
#57 = DEFINITIONAL_REPRESENTATION('',(#58),#62);
#58 = LINE('',#59,#60);
#59 = CARTESIAN_POINT('',(0.,0.));
#60 = VECTOR('',#61,1.);
#61 = DIRECTION('',(1.,0.));
#62 = ( GEOMETRIC_REPRESENTATION_CONTEXT(2)
PARAMETRIC_REPRESENTATION_CONTEXT() REPRESENTATION_CONTEXT('2D SPACE',''
  ) );
#63 = ADVANCED_FACE('',(#64),#43,.T.);
#64 = FACE_BOUND('',#65,.T.);
#65 = EDGE_LOOP('',(#66,#67,#96,#123));
#66 = ORIENTED_EDGE('',*,*,#21,.T.);
#67 = ORIENTED_EDGE('',*,*,#68,.T.);
#68 = EDGE_CURVE('',#22,#69,#71,.T.);
#69 = VERTEX_POINT('',#70);
#70 = CARTESIAN_POINT('',(26.,0.,0.));
#71 = SEAM_CURVE('',#72,(#82,#89),.PCURVE_S1.);
#72 = B_SPLINE_CURVE_WITH_KNOTS('',5,(#73,#74,#75,#76,#77,#78,#79,#80,
    #81),.UNSPECIFIED.,.F.,.F.,(6,3,6),(0.,1.,1.59192255263),
  .UNSPECIFIED.);
#73 = CARTESIAN_POINT('',(21.5,0.,3.3));
#74 = CARTESIAN_POINT('',(22.221449994142,0.,3.3));
#75 = CARTESIAN_POINT('',(22.942899988285,0.,3.3));
#76 = CARTESIAN_POINT('',(23.408869812115,0.,2.303372711841));
#77 = CARTESIAN_POINT('',(24.277367189089,0.,1.624121078952));
#78 = CARTESIAN_POINT('',(25.145864566064,0.,0.944869446063));
#79 = CARTESIAN_POINT('',(25.155672685842,0.,0.));
#80 = CARTESIAN_POINT('',(25.577836342921,0.,0.));
#81 = CARTESIAN_POINT('',(26.,0.,0.));
#82 = PCURVE('',#43,#83);
#83 = DEFINITIONAL_REPRESENTATION('',(#84),#88);
#84 = LINE('',#85,#86);
#85 = CARTESIAN_POINT('',(6.28318530718,0.));
#86 = VECTOR('',#87,1.);
#87 = DIRECTION('',(0.,1.));
#88 = ( GEOMETRIC_REPRESENTATION_CONTEXT(2)
PARAMETRIC_REPRESENTATION_CONTEXT() REPRESENTATION_CONTEXT('2D SPACE',''
  ) );
#89 = PCURVE('',#43,#90);
#90 = DEFINITIONAL_REPRESENTATION('',(#91),#95);
#91 = LINE('',#92,#93);
#92 = CARTESIAN_POINT('',(0.,0.));
#93 = VECTOR('',#94,1.);
#94 = DIRECTION('',(0.,1.));
#95 = ( GEOMETRIC_REPRESENTATION_CONTEXT(2)
PARAMETRIC_REPRESENTATION_CONTEXT() REPRESENTATION_CONTEXT('2D SPACE',''
  ) );
#96 = ORIENTED_EDGE('',*,*,#97,.F.);
#97 = EDGE_CURVE('',#69,#69,#98,.T.);
#98 = SURFACE_CURVE('',#99,(#104,#111),.PCURVE_S1.);
#99 = CIRCLE('',#100,26.);
#100 = AXIS2_PLACEMENT_3D('',#101,#102,#103);
#101 = CARTESIAN_POINT('',(0.,0.,0.));
#102 = DIRECTION('',(0.,0.,1.));
#103 = DIRECTION('',(1.,0.,-0.));
#104 = PCURVE('',#43,#105);
#105 = DEFINITIONAL_REPRESENTATION('',(#106),#110);
#106 = LINE('',#107,#108);
#107 = CARTESIAN_POINT('',(0.,1.59192255263));
#108 = VECTOR('',#109,1.);
#109 = DIRECTION('',(1.,0.));
#110 = ( GEOMETRIC_REPRESENTATION_CONTEXT(2)
PARAMETRIC_REPRESENTATION_CONTEXT() REPRESENTATION_CONTEXT('2D SPACE',''
  ) );
#111 = PCURVE('',#112,#117);
#112 = PLANE('',#113);
#113 = AXIS2_PLACEMENT_3D('',#114,#115,#116);
#114 = CARTESIAN_POINT('',(0.,0.,0.));
#115 = DIRECTION('',(0.,0.,1.));
#116 = DIRECTION('',(1.,0.,-0.));
#117 = DEFINITIONAL_REPRESENTATION('',(#118),#122);
#118 = CIRCLE('',#119,26.);
#119 = AXIS2_PLACEMENT_2D('',#120,#121);
#120 = CARTESIAN_POINT('',(0.,0.));
#121 = DIRECTION('',(1.,-0.));
#122 = ( GEOMETRIC_REPRESENTATION_CONTEXT(2)
PARAMETRIC_REPRESENTATION_CONTEXT() REPRESENTATION_CONTEXT('2D SPACE',''
  ) );
#123 = ORIENTED_EDGE('',*,*,#68,.F.);
#124 = ADVANCED_FACE('',(#125,#128),#112,.F.);
#125 = FACE_BOUND('',#126,.T.);
#126 = EDGE_LOOP('',(#127));
#127 = ORIENTED_EDGE('',*,*,#97,.T.);
#128 = FACE_BOUND('',#129,.T.);
#129 = EDGE_LOOP('',(#130));
#130 = ORIENTED_EDGE('',*,*,#131,.F.);
#131 = EDGE_CURVE('',#132,#132,#134,.T.);
#132 = VERTEX_POINT('',#133);
#133 = CARTESIAN_POINT('',(28.5,0.,0.));
#134 = SURFACE_CURVE('',#135,(#140,#147),.PCURVE_S1.);
#135 = CIRCLE('',#136,28.5);
#136 = AXIS2_PLACEMENT_3D('',#137,#138,#139);
#137 = CARTESIAN_POINT('',(0.,0.,0.));
#138 = DIRECTION('',(0.,0.,1.));
#139 = DIRECTION('',(1.,0.,-0.));
#140 = PCURVE('',#112,#141);
#141 = DEFINITIONAL_REPRESENTATION('',(#142),#146);
#142 = CIRCLE('',#143,28.5);
#143 = AXIS2_PLACEMENT_2D('',#144,#145);
#144 = CARTESIAN_POINT('',(0.,0.));
#145 = DIRECTION('',(1.,-0.));
#146 = ( GEOMETRIC_REPRESENTATION_CONTEXT(2)
PARAMETRIC_REPRESENTATION_CONTEXT() REPRESENTATION_CONTEXT('2D SPACE',''
  ) );
#147 = PCURVE('',#148,#159);
#148 = SURFACE_OF_REVOLUTION('',#149,#156);
#149 = B_SPLINE_CURVE_WITH_KNOTS('',5,(#150,#151,#152,#153,#154,#155),
  .UNSPECIFIED.,.F.,.F.,(6,6),(0.,1.),.PIECEWISE_BEZIER_KNOTS.);
#150 = CARTESIAN_POINT('',(28.5,0.,0.));
#151 = CARTESIAN_POINT('',(28.698822509939,0.,0.));
#152 = CARTESIAN_POINT('',(28.897645019878,0.,0.));
#153 = CARTESIAN_POINT('',(29.837258300203,0.,0.587258300203));
#154 = CARTESIAN_POINT('',(30.168629150102,0.,0.918629150102));
#155 = CARTESIAN_POINT('',(30.5,0.,1.25));
#156 = AXIS1_PLACEMENT('',#157,#158);
#157 = CARTESIAN_POINT('',(0.,0.,0.));
#158 = DIRECTION('',(0.,0.,1.));
#159 = DEFINITIONAL_REPRESENTATION('',(#160),#164);
#160 = LINE('',#161,#162);
#161 = CARTESIAN_POINT('',(0.,0.));
#162 = VECTOR('',#163,1.);
#163 = DIRECTION('',(1.,0.));
#164 = ( GEOMETRIC_REPRESENTATION_CONTEXT(2)
PARAMETRIC_REPRESENTATION_CONTEXT() REPRESENTATION_CONTEXT('2D SPACE',''
  ) );
#165 = ADVANCED_FACE('',(#166),#148,.T.);
#166 = FACE_BOUND('',#167,.T.);
#167 = EDGE_LOOP('',(#168,#169,#195,#237));
#168 = ORIENTED_EDGE('',*,*,#131,.T.);
#169 = ORIENTED_EDGE('',*,*,#170,.T.);
#170 = EDGE_CURVE('',#132,#171,#173,.T.);
#171 = VERTEX_POINT('',#172);
#172 = CARTESIAN_POINT('',(30.5,0.,1.25));
#173 = SEAM_CURVE('',#174,(#181,#188),.PCURVE_S1.);
#174 = B_SPLINE_CURVE_WITH_KNOTS('',5,(#175,#176,#177,#178,#179,#180),
  .UNSPECIFIED.,.F.,.F.,(6,6),(0.,1.),.PIECEWISE_BEZIER_KNOTS.);
#175 = CARTESIAN_POINT('',(28.5,0.,0.));
#176 = CARTESIAN_POINT('',(28.698822509939,0.,0.));
#177 = CARTESIAN_POINT('',(28.897645019878,0.,0.));
#178 = CARTESIAN_POINT('',(29.837258300203,0.,0.587258300203));
#179 = CARTESIAN_POINT('',(30.168629150102,0.,0.918629150102));
#180 = CARTESIAN_POINT('',(30.5,0.,1.25));
#181 = PCURVE('',#148,#182);
#182 = DEFINITIONAL_REPRESENTATION('',(#183),#187);
#183 = LINE('',#184,#185);
#184 = CARTESIAN_POINT('',(6.28318530718,0.));
#185 = VECTOR('',#186,1.);
#186 = DIRECTION('',(0.,1.));
#187 = ( GEOMETRIC_REPRESENTATION_CONTEXT(2)
PARAMETRIC_REPRESENTATION_CONTEXT() REPRESENTATION_CONTEXT('2D SPACE',''
  ) );
#188 = PCURVE('',#148,#189);
#189 = DEFINITIONAL_REPRESENTATION('',(#190),#194);
#190 = LINE('',#191,#192);
#191 = CARTESIAN_POINT('',(0.,0.));
#192 = VECTOR('',#193,1.);
#193 = DIRECTION('',(0.,1.));
#194 = ( GEOMETRIC_REPRESENTATION_CONTEXT(2)
PARAMETRIC_REPRESENTATION_CONTEXT() REPRESENTATION_CONTEXT('2D SPACE',''
  ) );
#195 = ORIENTED_EDGE('',*,*,#196,.F.);
#196 = EDGE_CURVE('',#171,#171,#197,.T.);
#197 = SURFACE_CURVE('',#198,(#203,#210),.PCURVE_S1.);
#198 = CIRCLE('',#199,30.5);
#199 = AXIS2_PLACEMENT_3D('',#200,#201,#202);
#200 = CARTESIAN_POINT('',(0.,0.,1.25));
#201 = DIRECTION('',(0.,0.,1.));
#202 = DIRECTION('',(1.,0.,-0.));
#203 = PCURVE('',#148,#204);
#204 = DEFINITIONAL_REPRESENTATION('',(#205),#209);
#205 = LINE('',#206,#207);
#206 = CARTESIAN_POINT('',(0.,1.));
#207 = VECTOR('',#208,1.);
#208 = DIRECTION('',(1.,0.));
#209 = ( GEOMETRIC_REPRESENTATION_CONTEXT(2)
PARAMETRIC_REPRESENTATION_CONTEXT() REPRESENTATION_CONTEXT('2D SPACE',''
  ) );
#210 = PCURVE('',#211,#231);
#211 = SURFACE_OF_REVOLUTION('',#212,#228);
#212 = B_SPLINE_CURVE_WITH_KNOTS('',5,(#213,#214,#215,#216,#217,#218,
    #219,#220,#221,#222,#223,#224,#225,#226,#227),.UNSPECIFIED.,.F.,.F.,
  (6,3,3,3,6),(0.,1.,2.058636439535,2.714549712935,3.091673329568),
  .UNSPECIFIED.);
#213 = CARTESIAN_POINT('',(30.5,0.,1.25));
#214 = CARTESIAN_POINT('',(31.031282434644,0.,1.781282434644));
#215 = CARTESIAN_POINT('',(31.562564869288,0.,2.312564869288));
#216 = CARTESIAN_POINT('',(32.333864415743,0.,2.560995638617));
#217 = CARTESIAN_POINT('',(33.534189019338,0.,3.52752993623));
#218 = CARTESIAN_POINT('',(34.734513622933,0.,4.494064233843));
#219 = CARTESIAN_POINT('',(35.625293672491,0.,4.884528343219));
#220 = CARTESIAN_POINT('',(36.333623476154,0.,5.868807035312));
#221 = CARTESIAN_POINT('',(37.041953279817,0.,6.853085727405));
#222 = CARTESIAN_POINT('',(37.398016509992,0.,7.371155637671));
#223 = CARTESIAN_POINT('',(37.557074425739,0.,8.102601798541));
#224 = CARTESIAN_POINT('',(37.716132341487,0.,8.834047959412));
#225 = CARTESIAN_POINT('',(37.8,0.,9.120028765903));
#226 = CARTESIAN_POINT('',(37.8,0.,9.410014382951));
#227 = CARTESIAN_POINT('',(37.8,0.,9.7));
#228 = AXIS1_PLACEMENT('',#229,#230);
#229 = CARTESIAN_POINT('',(0.,0.,0.));
#230 = DIRECTION('',(0.,0.,1.));
#231 = DEFINITIONAL_REPRESENTATION('',(#232),#236);
#232 = LINE('',#233,#234);
#233 = CARTESIAN_POINT('',(0.,0.));
#234 = VECTOR('',#235,1.);
#235 = DIRECTION('',(1.,0.));
#236 = ( GEOMETRIC_REPRESENTATION_CONTEXT(2)
PARAMETRIC_REPRESENTATION_CONTEXT() REPRESENTATION_CONTEXT('2D SPACE',''
  ) );
#237 = ORIENTED_EDGE('',*,*,#170,.F.);
#238 = ADVANCED_FACE('',(#239),#211,.T.);
#239 = FACE_BOUND('',#240,.T.);
#240 = EDGE_LOOP('',(#241,#242,#277,#304));
#241 = ORIENTED_EDGE('',*,*,#196,.T.);
#242 = ORIENTED_EDGE('',*,*,#243,.T.);
#243 = EDGE_CURVE('',#171,#244,#246,.T.);
#244 = VERTEX_POINT('',#245);
#245 = CARTESIAN_POINT('',(37.8,0.,9.7));
#246 = SEAM_CURVE('',#247,(#263,#270),.PCURVE_S1.);
#247 = B_SPLINE_CURVE_WITH_KNOTS('',5,(#248,#249,#250,#251,#252,#253,
    #254,#255,#256,#257,#258,#259,#260,#261,#262),.UNSPECIFIED.,.F.,.F.,
  (6,3,3,3,6),(0.,1.,2.058636439535,2.714549712935,3.091673329568),
  .UNSPECIFIED.);
#248 = CARTESIAN_POINT('',(30.5,0.,1.25));
#249 = CARTESIAN_POINT('',(31.031282434644,0.,1.781282434644));
#250 = CARTESIAN_POINT('',(31.562564869288,0.,2.312564869288));
#251 = CARTESIAN_POINT('',(32.333864415743,0.,2.560995638617));
#252 = CARTESIAN_POINT('',(33.534189019338,0.,3.52752993623));
#253 = CARTESIAN_POINT('',(34.734513622933,0.,4.494064233843));
#254 = CARTESIAN_POINT('',(35.625293672491,0.,4.884528343219));
#255 = CARTESIAN_POINT('',(36.333623476154,0.,5.868807035312));
#256 = CARTESIAN_POINT('',(37.041953279817,0.,6.853085727405));
#257 = CARTESIAN_POINT('',(37.398016509992,0.,7.371155637671));
#258 = CARTESIAN_POINT('',(37.557074425739,0.,8.102601798541));
#259 = CARTESIAN_POINT('',(37.716132341487,0.,8.834047959412));
#260 = CARTESIAN_POINT('',(37.8,0.,9.120028765903));
#261 = CARTESIAN_POINT('',(37.8,0.,9.410014382951));
#262 = CARTESIAN_POINT('',(37.8,0.,9.7));
#263 = PCURVE('',#211,#264);
#264 = DEFINITIONAL_REPRESENTATION('',(#265),#269);
#265 = LINE('',#266,#267);
#266 = CARTESIAN_POINT('',(6.28318530718,0.));
#267 = VECTOR('',#268,1.);
#268 = DIRECTION('',(0.,1.));
#269 = ( GEOMETRIC_REPRESENTATION_CONTEXT(2)
PARAMETRIC_REPRESENTATION_CONTEXT() REPRESENTATION_CONTEXT('2D SPACE',''
  ) );
#270 = PCURVE('',#211,#271);
#271 = DEFINITIONAL_REPRESENTATION('',(#272),#276);
#272 = LINE('',#273,#274);
#273 = CARTESIAN_POINT('',(0.,0.));
#274 = VECTOR('',#275,1.);
#275 = DIRECTION('',(0.,1.));
#276 = ( GEOMETRIC_REPRESENTATION_CONTEXT(2)
PARAMETRIC_REPRESENTATION_CONTEXT() REPRESENTATION_CONTEXT('2D SPACE',''
  ) );
#277 = ORIENTED_EDGE('',*,*,#278,.F.);
#278 = EDGE_CURVE('',#244,#244,#279,.T.);
#279 = SURFACE_CURVE('',#280,(#285,#292),.PCURVE_S1.);
#280 = CIRCLE('',#281,37.8);
#281 = AXIS2_PLACEMENT_3D('',#282,#283,#284);
#282 = CARTESIAN_POINT('',(0.,0.,9.7));
#283 = DIRECTION('',(0.,0.,1.));
#284 = DIRECTION('',(1.,0.,-0.));
#285 = PCURVE('',#211,#286);
#286 = DEFINITIONAL_REPRESENTATION('',(#287),#291);
#287 = LINE('',#288,#289);
#288 = CARTESIAN_POINT('',(0.,3.091673329568));
#289 = VECTOR('',#290,1.);
#290 = DIRECTION('',(1.,0.));
#291 = ( GEOMETRIC_REPRESENTATION_CONTEXT(2)
PARAMETRIC_REPRESENTATION_CONTEXT() REPRESENTATION_CONTEXT('2D SPACE',''
  ) );
#292 = PCURVE('',#293,#298);
#293 = CYLINDRICAL_SURFACE('',#294,37.8);
#294 = AXIS2_PLACEMENT_3D('',#295,#296,#297);
#295 = CARTESIAN_POINT('',(0.,0.,9.7));
#296 = DIRECTION('',(0.,0.,1.));
#297 = DIRECTION('',(1.,0.,-0.));
#298 = DEFINITIONAL_REPRESENTATION('',(#299),#303);
#299 = LINE('',#300,#301);
#300 = CARTESIAN_POINT('',(0.,0.));
#301 = VECTOR('',#302,1.);
#302 = DIRECTION('',(1.,0.));
#303 = ( GEOMETRIC_REPRESENTATION_CONTEXT(2)
PARAMETRIC_REPRESENTATION_CONTEXT() REPRESENTATION_CONTEXT('2D SPACE',''
  ) );
#304 = ORIENTED_EDGE('',*,*,#243,.F.);
#305 = ADVANCED_FACE('',(#306),#293,.T.);
#306 = FACE_BOUND('',#307,.T.);
#307 = EDGE_LOOP('',(#308,#309,#332,#374));
#308 = ORIENTED_EDGE('',*,*,#278,.T.);
#309 = ORIENTED_EDGE('',*,*,#310,.T.);
#310 = EDGE_CURVE('',#244,#311,#313,.T.);
#311 = VERTEX_POINT('',#312);
#312 = CARTESIAN_POINT('',(37.8,0.,100.5));
#313 = SEAM_CURVE('',#314,(#318,#325),.PCURVE_S1.);
#314 = LINE('',#315,#316);
#315 = CARTESIAN_POINT('',(37.8,0.,9.7));
#316 = VECTOR('',#317,1.);
#317 = DIRECTION('',(0.,0.,1.));
#318 = PCURVE('',#293,#319);
#319 = DEFINITIONAL_REPRESENTATION('',(#320),#324);
#320 = LINE('',#321,#322);
#321 = CARTESIAN_POINT('',(6.28318530718,0.));
#322 = VECTOR('',#323,1.);
#323 = DIRECTION('',(0.,1.));
#324 = ( GEOMETRIC_REPRESENTATION_CONTEXT(2)
PARAMETRIC_REPRESENTATION_CONTEXT() REPRESENTATION_CONTEXT('2D SPACE',''
  ) );
#325 = PCURVE('',#293,#326);
#326 = DEFINITIONAL_REPRESENTATION('',(#327),#331);
#327 = LINE('',#328,#329);
#328 = CARTESIAN_POINT('',(0.,0.));
#329 = VECTOR('',#330,1.);
#330 = DIRECTION('',(0.,1.));
#331 = ( GEOMETRIC_REPRESENTATION_CONTEXT(2)
PARAMETRIC_REPRESENTATION_CONTEXT() REPRESENTATION_CONTEXT('2D SPACE',''
  ) );
#332 = ORIENTED_EDGE('',*,*,#333,.F.);
#333 = EDGE_CURVE('',#311,#311,#334,.T.);
#334 = SURFACE_CURVE('',#335,(#340,#347),.PCURVE_S1.);
#335 = CIRCLE('',#336,37.8);
#336 = AXIS2_PLACEMENT_3D('',#337,#338,#339);
#337 = CARTESIAN_POINT('',(0.,0.,100.5));
#338 = DIRECTION('',(0.,0.,1.));
#339 = DIRECTION('',(1.,0.,-0.));
#340 = PCURVE('',#293,#341);
#341 = DEFINITIONAL_REPRESENTATION('',(#342),#346);
#342 = LINE('',#343,#344);
#343 = CARTESIAN_POINT('',(0.,90.8));
#344 = VECTOR('',#345,1.);
#345 = DIRECTION('',(1.,0.));
#346 = ( GEOMETRIC_REPRESENTATION_CONTEXT(2)
PARAMETRIC_REPRESENTATION_CONTEXT() REPRESENTATION_CONTEXT('2D SPACE',''
  ) );
#347 = PCURVE('',#348,#368);
#348 = SURFACE_OF_REVOLUTION('',#349,#365);
#349 = B_SPLINE_CURVE_WITH_KNOTS('',5,(#350,#351,#352,#353,#354,#355,
    #356,#357,#358,#359,#360,#361,#362,#363,#364),.UNSPECIFIED.,.F.,.F.,
  (6,3,3,3,6),(0.,1.,3.333661039486,6.054941657819,8.133905876604),
  .UNSPECIFIED.);
#350 = CARTESIAN_POINT('',(37.8,0.,100.5));
#351 = CARTESIAN_POINT('',(37.8,0.,100.8815245626));
#352 = CARTESIAN_POINT('',(37.8,0.,101.2630491252));
#353 = CARTESIAN_POINT('',(37.724996502642,0.,101.642533025));
#354 = CARTESIAN_POINT('',(37.599990043165,0.,102.90510209662));
#355 = CARTESIAN_POINT('',(37.474983583688,0.,104.16767116824));
#356 = CARTESIAN_POINT('',(37.356158153613,0.,105.07949040656));
#357 = CARTESIAN_POINT('',(36.970421181318,0.,106.94288776148));
#358 = CARTESIAN_POINT('',(36.584684209022,0.,108.80628511641));
#359 = CARTESIAN_POINT('',(36.211947397553,0.,110.03663286579));
#360 = CARTESIAN_POINT('',(35.407625572502,0.,111.50369389662));
#361 = CARTESIAN_POINT('',(34.603303747451,0.,112.97075492744));
#362 = CARTESIAN_POINT('',(32.6,0.,112.97075492744));
#363 = CARTESIAN_POINT('',(32.6,0.,113.78537746372));
#364 = CARTESIAN_POINT('',(32.6,0.,114.6));
#365 = AXIS1_PLACEMENT('',#366,#367);
#366 = CARTESIAN_POINT('',(0.,0.,0.));
#367 = DIRECTION('',(0.,0.,1.));
#368 = DEFINITIONAL_REPRESENTATION('',(#369),#373);
#369 = LINE('',#370,#371);
#370 = CARTESIAN_POINT('',(0.,0.));
#371 = VECTOR('',#372,1.);
#372 = DIRECTION('',(1.,0.));
#373 = ( GEOMETRIC_REPRESENTATION_CONTEXT(2)
PARAMETRIC_REPRESENTATION_CONTEXT() REPRESENTATION_CONTEXT('2D SPACE',''
  ) );
#374 = ORIENTED_EDGE('',*,*,#310,.F.);
#375 = ADVANCED_FACE('',(#376),#348,.T.);
#376 = FACE_BOUND('',#377,.T.);
#377 = EDGE_LOOP('',(#378,#379,#414,#441));
#378 = ORIENTED_EDGE('',*,*,#333,.T.);
#379 = ORIENTED_EDGE('',*,*,#380,.T.);
#380 = EDGE_CURVE('',#311,#381,#383,.T.);
#381 = VERTEX_POINT('',#382);
#382 = CARTESIAN_POINT('',(32.6,0.,114.6));
#383 = SEAM_CURVE('',#384,(#400,#407),.PCURVE_S1.);
#384 = B_SPLINE_CURVE_WITH_KNOTS('',5,(#385,#386,#387,#388,#389,#390,
    #391,#392,#393,#394,#395,#396,#397,#398,#399),.UNSPECIFIED.,.F.,.F.,
  (6,3,3,3,6),(0.,1.,3.333661039486,6.054941657819,8.133905876604),
  .UNSPECIFIED.);
#385 = CARTESIAN_POINT('',(37.8,0.,100.5));
#386 = CARTESIAN_POINT('',(37.8,0.,100.8815245626));
#387 = CARTESIAN_POINT('',(37.8,0.,101.2630491252));
#388 = CARTESIAN_POINT('',(37.724996502642,0.,101.642533025));
#389 = CARTESIAN_POINT('',(37.599990043165,0.,102.90510209662));
#390 = CARTESIAN_POINT('',(37.474983583688,0.,104.16767116824));
#391 = CARTESIAN_POINT('',(37.356158153613,0.,105.07949040656));
#392 = CARTESIAN_POINT('',(36.970421181318,0.,106.94288776148));
#393 = CARTESIAN_POINT('',(36.584684209022,0.,108.80628511641));
#394 = CARTESIAN_POINT('',(36.211947397553,0.,110.03663286579));
#395 = CARTESIAN_POINT('',(35.407625572502,0.,111.50369389662));
#396 = CARTESIAN_POINT('',(34.603303747451,0.,112.97075492744));
#397 = CARTESIAN_POINT('',(32.6,0.,112.97075492744));
#398 = CARTESIAN_POINT('',(32.6,0.,113.78537746372));
#399 = CARTESIAN_POINT('',(32.6,0.,114.6));
#400 = PCURVE('',#348,#401);
#401 = DEFINITIONAL_REPRESENTATION('',(#402),#406);
#402 = LINE('',#403,#404);
#403 = CARTESIAN_POINT('',(6.28318530718,0.));
#404 = VECTOR('',#405,1.);
#405 = DIRECTION('',(0.,1.));
#406 = ( GEOMETRIC_REPRESENTATION_CONTEXT(2)
PARAMETRIC_REPRESENTATION_CONTEXT() REPRESENTATION_CONTEXT('2D SPACE',''
  ) );
#407 = PCURVE('',#348,#408);
#408 = DEFINITIONAL_REPRESENTATION('',(#409),#413);
#409 = LINE('',#410,#411);
#410 = CARTESIAN_POINT('',(0.,0.));
#411 = VECTOR('',#412,1.);
#412 = DIRECTION('',(0.,1.));
#413 = ( GEOMETRIC_REPRESENTATION_CONTEXT(2)
PARAMETRIC_REPRESENTATION_CONTEXT() REPRESENTATION_CONTEXT('2D SPACE',''
  ) );
#414 = ORIENTED_EDGE('',*,*,#415,.F.);
#415 = EDGE_CURVE('',#381,#381,#416,.T.);
#416 = SURFACE_CURVE('',#417,(#422,#429),.PCURVE_S1.);
#417 = CIRCLE('',#418,32.6);
#418 = AXIS2_PLACEMENT_3D('',#419,#420,#421);
#419 = CARTESIAN_POINT('',(0.,0.,114.6));
#420 = DIRECTION('',(0.,0.,1.));
#421 = DIRECTION('',(1.,0.,-0.));
#422 = PCURVE('',#348,#423);
#423 = DEFINITIONAL_REPRESENTATION('',(#424),#428);
#424 = LINE('',#425,#426);
#425 = CARTESIAN_POINT('',(0.,8.133905876604));
#426 = VECTOR('',#427,1.);
#427 = DIRECTION('',(1.,0.));
#428 = ( GEOMETRIC_REPRESENTATION_CONTEXT(2)
PARAMETRIC_REPRESENTATION_CONTEXT() REPRESENTATION_CONTEXT('2D SPACE',''
  ) );
#429 = PCURVE('',#430,#435);
#430 = CYLINDRICAL_SURFACE('',#431,32.6);
#431 = AXIS2_PLACEMENT_3D('',#432,#433,#434);
#432 = CARTESIAN_POINT('',(0.,0.,114.6));
#433 = DIRECTION('',(0.,0.,1.));
#434 = DIRECTION('',(1.,0.,-0.));
#435 = DEFINITIONAL_REPRESENTATION('',(#436),#440);
#436 = LINE('',#437,#438);
#437 = CARTESIAN_POINT('',(0.,0.));
#438 = VECTOR('',#439,1.);
#439 = DIRECTION('',(1.,0.));
#440 = ( GEOMETRIC_REPRESENTATION_CONTEXT(2)
PARAMETRIC_REPRESENTATION_CONTEXT() REPRESENTATION_CONTEXT('2D SPACE',''
  ) );
#441 = ORIENTED_EDGE('',*,*,#380,.F.);
#442 = ADVANCED_FACE('',(#443),#430,.T.);
#443 = FACE_BOUND('',#444,.T.);
#444 = EDGE_LOOP('',(#445,#446,#469,#502));
#445 = ORIENTED_EDGE('',*,*,#415,.T.);
#446 = ORIENTED_EDGE('',*,*,#447,.T.);
#447 = EDGE_CURVE('',#381,#448,#450,.T.);
#448 = VERTEX_POINT('',#449);
#449 = CARTESIAN_POINT('',(32.6,0.,116.));
#450 = SEAM_CURVE('',#451,(#455,#462),.PCURVE_S1.);
#451 = LINE('',#452,#453);
#452 = CARTESIAN_POINT('',(32.6,0.,114.6));
#453 = VECTOR('',#454,1.);
#454 = DIRECTION('',(0.,0.,1.));
#455 = PCURVE('',#430,#456);
#456 = DEFINITIONAL_REPRESENTATION('',(#457),#461);
#457 = LINE('',#458,#459);
#458 = CARTESIAN_POINT('',(6.28318530718,0.));
#459 = VECTOR('',#460,1.);
#460 = DIRECTION('',(0.,1.));
#461 = ( GEOMETRIC_REPRESENTATION_CONTEXT(2)
PARAMETRIC_REPRESENTATION_CONTEXT() REPRESENTATION_CONTEXT('2D SPACE',''
  ) );
#462 = PCURVE('',#430,#463);
#463 = DEFINITIONAL_REPRESENTATION('',(#464),#468);
#464 = LINE('',#465,#466);
#465 = CARTESIAN_POINT('',(0.,0.));
#466 = VECTOR('',#467,1.);
#467 = DIRECTION('',(0.,1.));
#468 = ( GEOMETRIC_REPRESENTATION_CONTEXT(2)
PARAMETRIC_REPRESENTATION_CONTEXT() REPRESENTATION_CONTEXT('2D SPACE',''
  ) );
#469 = ORIENTED_EDGE('',*,*,#470,.F.);
#470 = EDGE_CURVE('',#448,#448,#471,.T.);
#471 = SURFACE_CURVE('',#472,(#477,#484),.PCURVE_S1.);
#472 = CIRCLE('',#473,32.6);
#473 = AXIS2_PLACEMENT_3D('',#474,#475,#476);
#474 = CARTESIAN_POINT('',(0.,0.,116.));
#475 = DIRECTION('',(0.,0.,1.));
#476 = DIRECTION('',(1.,0.,-0.));
#477 = PCURVE('',#430,#478);
#478 = DEFINITIONAL_REPRESENTATION('',(#479),#483);
#479 = LINE('',#480,#481);
#480 = CARTESIAN_POINT('',(0.,1.4));
#481 = VECTOR('',#482,1.);
#482 = DIRECTION('',(1.,0.));
#483 = ( GEOMETRIC_REPRESENTATION_CONTEXT(2)
PARAMETRIC_REPRESENTATION_CONTEXT() REPRESENTATION_CONTEXT('2D SPACE',''
  ) );
#484 = PCURVE('',#485,#496);
#485 = SURFACE_OF_REVOLUTION('',#486,#493);
#486 = B_SPLINE_CURVE_WITH_KNOTS('',5,(#487,#488,#489,#490,#491,#492),
  .UNSPECIFIED.,.F.,.F.,(6,6),(0.,1.),.PIECEWISE_BEZIER_KNOTS.);
#487 = CARTESIAN_POINT('',(32.6,0.,116.));
#488 = CARTESIAN_POINT('',(32.6,0.,116.14580317395));
#489 = CARTESIAN_POINT('',(32.6,0.,116.29160634791));
#490 = CARTESIAN_POINT('',(32.834903320081,0.,116.55));
#491 = CARTESIAN_POINT('',(32.967451660041,0.,116.55));
#492 = CARTESIAN_POINT('',(33.1,0.,116.55));
#493 = AXIS1_PLACEMENT('',#494,#495);
#494 = CARTESIAN_POINT('',(0.,0.,0.));
#495 = DIRECTION('',(0.,0.,1.));
#496 = DEFINITIONAL_REPRESENTATION('',(#497),#501);
#497 = LINE('',#498,#499);
#498 = CARTESIAN_POINT('',(0.,0.));
#499 = VECTOR('',#500,1.);
#500 = DIRECTION('',(1.,0.));
#501 = ( GEOMETRIC_REPRESENTATION_CONTEXT(2)
PARAMETRIC_REPRESENTATION_CONTEXT() REPRESENTATION_CONTEXT('2D SPACE',''
  ) );
#502 = ORIENTED_EDGE('',*,*,#447,.F.);
#503 = ADVANCED_FACE('',(#504),#485,.T.);
#504 = FACE_BOUND('',#505,.T.);
#505 = EDGE_LOOP('',(#506,#507,#533,#560));
#506 = ORIENTED_EDGE('',*,*,#470,.T.);
#507 = ORIENTED_EDGE('',*,*,#508,.T.);
#508 = EDGE_CURVE('',#448,#509,#511,.T.);
#509 = VERTEX_POINT('',#510);
#510 = CARTESIAN_POINT('',(33.1,0.,116.55));
#511 = SEAM_CURVE('',#512,(#519,#526),.PCURVE_S1.);
#512 = B_SPLINE_CURVE_WITH_KNOTS('',5,(#513,#514,#515,#516,#517,#518),
  .UNSPECIFIED.,.F.,.F.,(6,6),(0.,1.),.PIECEWISE_BEZIER_KNOTS.);
#513 = CARTESIAN_POINT('',(32.6,0.,116.));
#514 = CARTESIAN_POINT('',(32.6,0.,116.14580317395));
#515 = CARTESIAN_POINT('',(32.6,0.,116.29160634791));
#516 = CARTESIAN_POINT('',(32.834903320081,0.,116.55));
#517 = CARTESIAN_POINT('',(32.967451660041,0.,116.55));
#518 = CARTESIAN_POINT('',(33.1,0.,116.55));
#519 = PCURVE('',#485,#520);
#520 = DEFINITIONAL_REPRESENTATION('',(#521),#525);
#521 = LINE('',#522,#523);
#522 = CARTESIAN_POINT('',(6.28318530718,0.));
#523 = VECTOR('',#524,1.);
#524 = DIRECTION('',(0.,1.));
#525 = ( GEOMETRIC_REPRESENTATION_CONTEXT(2)
PARAMETRIC_REPRESENTATION_CONTEXT() REPRESENTATION_CONTEXT('2D SPACE',''
  ) );
#526 = PCURVE('',#485,#527);
#527 = DEFINITIONAL_REPRESENTATION('',(#528),#532);
#528 = LINE('',#529,#530);
#529 = CARTESIAN_POINT('',(0.,0.));
#530 = VECTOR('',#531,1.);
#531 = DIRECTION('',(0.,1.));
#532 = ( GEOMETRIC_REPRESENTATION_CONTEXT(2)
PARAMETRIC_REPRESENTATION_CONTEXT() REPRESENTATION_CONTEXT('2D SPACE',''
  ) );
#533 = ORIENTED_EDGE('',*,*,#534,.F.);
#534 = EDGE_CURVE('',#509,#509,#535,.T.);
#535 = SURFACE_CURVE('',#536,(#541,#548),.PCURVE_S1.);
#536 = CIRCLE('',#537,33.1);
#537 = AXIS2_PLACEMENT_3D('',#538,#539,#540);
#538 = CARTESIAN_POINT('',(0.,0.,116.55));
#539 = DIRECTION('',(0.,0.,1.));
#540 = DIRECTION('',(1.,0.,-0.));
#541 = PCURVE('',#485,#542);
#542 = DEFINITIONAL_REPRESENTATION('',(#543),#547);
#543 = LINE('',#544,#545);
#544 = CARTESIAN_POINT('',(0.,1.));
#545 = VECTOR('',#546,1.);
#546 = DIRECTION('',(1.,0.));
#547 = ( GEOMETRIC_REPRESENTATION_CONTEXT(2)
PARAMETRIC_REPRESENTATION_CONTEXT() REPRESENTATION_CONTEXT('2D SPACE',''
  ) );
#548 = PCURVE('',#549,#554);
#549 = PLANE('',#550);
#550 = AXIS2_PLACEMENT_3D('',#551,#552,#553);
#551 = CARTESIAN_POINT('',(0.,0.,116.55));
#552 = DIRECTION('',(0.,0.,1.));
#553 = DIRECTION('',(1.,0.,-0.));
#554 = DEFINITIONAL_REPRESENTATION('',(#555),#559);
#555 = CIRCLE('',#556,33.1);
#556 = AXIS2_PLACEMENT_2D('',#557,#558);
#557 = CARTESIAN_POINT('',(0.,0.));
#558 = DIRECTION('',(1.,-0.));
#559 = ( GEOMETRIC_REPRESENTATION_CONTEXT(2)
PARAMETRIC_REPRESENTATION_CONTEXT() REPRESENTATION_CONTEXT('2D SPACE',''
  ) );
#560 = ORIENTED_EDGE('',*,*,#508,.F.);
#561 = ADVANCED_FACE('',(#562,#565),#549,.F.);
#562 = FACE_BOUND('',#563,.T.);
#563 = EDGE_LOOP('',(#564));
#564 = ORIENTED_EDGE('',*,*,#534,.T.);
#565 = FACE_BOUND('',#566,.T.);
#566 = EDGE_LOOP('',(#567));
#567 = ORIENTED_EDGE('',*,*,#568,.F.);
#568 = EDGE_CURVE('',#569,#569,#571,.T.);
#569 = VERTEX_POINT('',#570);
#570 = CARTESIAN_POINT('',(33.4,0.,116.55));
#571 = SURFACE_CURVE('',#572,(#577,#584),.PCURVE_S1.);
#572 = CIRCLE('',#573,33.4);
#573 = AXIS2_PLACEMENT_3D('',#574,#575,#576);
#574 = CARTESIAN_POINT('',(0.,0.,116.55));
#575 = DIRECTION('',(0.,0.,1.));
#576 = DIRECTION('',(1.,0.,-0.));
#577 = PCURVE('',#549,#578);
#578 = DEFINITIONAL_REPRESENTATION('',(#579),#583);
#579 = CIRCLE('',#580,33.4);
#580 = AXIS2_PLACEMENT_2D('',#581,#582);
#581 = CARTESIAN_POINT('',(0.,0.));
#582 = DIRECTION('',(1.,-0.));
#583 = ( GEOMETRIC_REPRESENTATION_CONTEXT(2)
PARAMETRIC_REPRESENTATION_CONTEXT() REPRESENTATION_CONTEXT('2D SPACE',''
  ) );
#584 = PCURVE('',#585,#596);
#585 = SURFACE_OF_REVOLUTION('',#586,#593);
#586 = B_SPLINE_CURVE_WITH_KNOTS('',5,(#587,#588,#589,#590,#591,#592),
  .UNSPECIFIED.,.F.,.F.,(6,6),(0.,1.),.PIECEWISE_BEZIER_KNOTS.);
#587 = CARTESIAN_POINT('',(33.4,0.,116.55));
#588 = CARTESIAN_POINT('',(33.638587011927,0.,116.55));
#589 = CARTESIAN_POINT('',(33.877174023854,0.,116.55));
#590 = CARTESIAN_POINT('',(34.3,0.,117.11376796819));
#591 = CARTESIAN_POINT('',(34.3,0.,117.43188398409));
#592 = CARTESIAN_POINT('',(34.3,0.,117.75));
#593 = AXIS1_PLACEMENT('',#594,#595);
#594 = CARTESIAN_POINT('',(0.,0.,0.));
#595 = DIRECTION('',(0.,0.,1.));
#596 = DEFINITIONAL_REPRESENTATION('',(#597),#601);
#597 = LINE('',#598,#599);
#598 = CARTESIAN_POINT('',(0.,0.));
#599 = VECTOR('',#600,1.);
#600 = DIRECTION('',(1.,0.));
#601 = ( GEOMETRIC_REPRESENTATION_CONTEXT(2)
PARAMETRIC_REPRESENTATION_CONTEXT() REPRESENTATION_CONTEXT('2D SPACE',''
  ) );
#602 = ADVANCED_FACE('',(#603),#585,.T.);
#603 = FACE_BOUND('',#604,.T.);
#604 = EDGE_LOOP('',(#605,#606,#632,#659));
#605 = ORIENTED_EDGE('',*,*,#568,.T.);
#606 = ORIENTED_EDGE('',*,*,#607,.T.);
#607 = EDGE_CURVE('',#569,#608,#610,.T.);
#608 = VERTEX_POINT('',#609);
#609 = CARTESIAN_POINT('',(34.3,0.,117.75));
#610 = SEAM_CURVE('',#611,(#618,#625),.PCURVE_S1.);
#611 = B_SPLINE_CURVE_WITH_KNOTS('',5,(#612,#613,#614,#615,#616,#617),
  .UNSPECIFIED.,.F.,.F.,(6,6),(0.,1.),.PIECEWISE_BEZIER_KNOTS.);
#612 = CARTESIAN_POINT('',(33.4,0.,116.55));
#613 = CARTESIAN_POINT('',(33.638587011927,0.,116.55));
#614 = CARTESIAN_POINT('',(33.877174023854,0.,116.55));
#615 = CARTESIAN_POINT('',(34.3,0.,117.11376796819));
#616 = CARTESIAN_POINT('',(34.3,0.,117.43188398409));
#617 = CARTESIAN_POINT('',(34.3,0.,117.75));
#618 = PCURVE('',#585,#619);
#619 = DEFINITIONAL_REPRESENTATION('',(#620),#624);
#620 = LINE('',#621,#622);
#621 = CARTESIAN_POINT('',(6.28318530718,0.));
#622 = VECTOR('',#623,1.);
#623 = DIRECTION('',(0.,1.));
#624 = ( GEOMETRIC_REPRESENTATION_CONTEXT(2)
PARAMETRIC_REPRESENTATION_CONTEXT() REPRESENTATION_CONTEXT('2D SPACE',''
  ) );
#625 = PCURVE('',#585,#626);
#626 = DEFINITIONAL_REPRESENTATION('',(#627),#631);
#627 = LINE('',#628,#629);
#628 = CARTESIAN_POINT('',(0.,0.));
#629 = VECTOR('',#630,1.);
#630 = DIRECTION('',(0.,1.));
#631 = ( GEOMETRIC_REPRESENTATION_CONTEXT(2)
PARAMETRIC_REPRESENTATION_CONTEXT() REPRESENTATION_CONTEXT('2D SPACE',''
  ) );
#632 = ORIENTED_EDGE('',*,*,#633,.F.);
#633 = EDGE_CURVE('',#608,#608,#634,.T.);
#634 = SURFACE_CURVE('',#635,(#640,#647),.PCURVE_S1.);
#635 = CIRCLE('',#636,34.3);
#636 = AXIS2_PLACEMENT_3D('',#637,#638,#639);
#637 = CARTESIAN_POINT('',(0.,0.,117.75));
#638 = DIRECTION('',(0.,0.,1.));
#639 = DIRECTION('',(1.,0.,-0.));
#640 = PCURVE('',#585,#641);
#641 = DEFINITIONAL_REPRESENTATION('',(#642),#646);
#642 = LINE('',#643,#644);
#643 = CARTESIAN_POINT('',(0.,1.));
#644 = VECTOR('',#645,1.);
#645 = DIRECTION('',(1.,0.));
#646 = ( GEOMETRIC_REPRESENTATION_CONTEXT(2)
PARAMETRIC_REPRESENTATION_CONTEXT() REPRESENTATION_CONTEXT('2D SPACE',''
  ) );
#647 = PCURVE('',#648,#653);
#648 = CYLINDRICAL_SURFACE('',#649,34.3);
#649 = AXIS2_PLACEMENT_3D('',#650,#651,#652);
#650 = CARTESIAN_POINT('',(0.,0.,117.75));
#651 = DIRECTION('',(0.,0.,1.));
#652 = DIRECTION('',(1.,0.,-0.));
#653 = DEFINITIONAL_REPRESENTATION('',(#654),#658);
#654 = LINE('',#655,#656);
#655 = CARTESIAN_POINT('',(0.,0.));
#656 = VECTOR('',#657,1.);
#657 = DIRECTION('',(1.,0.));
#658 = ( GEOMETRIC_REPRESENTATION_CONTEXT(2)
PARAMETRIC_REPRESENTATION_CONTEXT() REPRESENTATION_CONTEXT('2D SPACE',''
  ) );
#659 = ORIENTED_EDGE('',*,*,#607,.F.);
#660 = ADVANCED_FACE('',(#661),#648,.T.);
#661 = FACE_BOUND('',#662,.T.);
#662 = EDGE_LOOP('',(#663,#664,#687,#720));
#663 = ORIENTED_EDGE('',*,*,#633,.T.);
#664 = ORIENTED_EDGE('',*,*,#665,.T.);
#665 = EDGE_CURVE('',#608,#666,#668,.T.);
#666 = VERTEX_POINT('',#667);
#667 = CARTESIAN_POINT('',(34.3,0.,118.8));
#668 = SEAM_CURVE('',#669,(#673,#680),.PCURVE_S1.);
#669 = LINE('',#670,#671);
#670 = CARTESIAN_POINT('',(34.3,0.,117.75));
#671 = VECTOR('',#672,1.);
#672 = DIRECTION('',(0.,0.,1.));
#673 = PCURVE('',#648,#674);
#674 = DEFINITIONAL_REPRESENTATION('',(#675),#679);
#675 = LINE('',#676,#677);
#676 = CARTESIAN_POINT('',(6.28318530718,0.));
#677 = VECTOR('',#678,1.);
#678 = DIRECTION('',(0.,1.));
#679 = ( GEOMETRIC_REPRESENTATION_CONTEXT(2)
PARAMETRIC_REPRESENTATION_CONTEXT() REPRESENTATION_CONTEXT('2D SPACE',''
  ) );
#680 = PCURVE('',#648,#681);
#681 = DEFINITIONAL_REPRESENTATION('',(#682),#686);
#682 = LINE('',#683,#684);
#683 = CARTESIAN_POINT('',(0.,0.));
#684 = VECTOR('',#685,1.);
#685 = DIRECTION('',(0.,1.));
#686 = ( GEOMETRIC_REPRESENTATION_CONTEXT(2)
PARAMETRIC_REPRESENTATION_CONTEXT() REPRESENTATION_CONTEXT('2D SPACE',''
  ) );
#687 = ORIENTED_EDGE('',*,*,#688,.F.);
#688 = EDGE_CURVE('',#666,#666,#689,.T.);
#689 = SURFACE_CURVE('',#690,(#695,#702),.PCURVE_S1.);
#690 = CIRCLE('',#691,34.3);
#691 = AXIS2_PLACEMENT_3D('',#692,#693,#694);
#692 = CARTESIAN_POINT('',(0.,0.,118.8));
#693 = DIRECTION('',(0.,0.,1.));
#694 = DIRECTION('',(1.,0.,-0.));
#695 = PCURVE('',#648,#696);
#696 = DEFINITIONAL_REPRESENTATION('',(#697),#701);
#697 = LINE('',#698,#699);
#698 = CARTESIAN_POINT('',(0.,1.05));
#699 = VECTOR('',#700,1.);
#700 = DIRECTION('',(1.,0.));
#701 = ( GEOMETRIC_REPRESENTATION_CONTEXT(2)
PARAMETRIC_REPRESENTATION_CONTEXT() REPRESENTATION_CONTEXT('2D SPACE',''
  ) );
#702 = PCURVE('',#703,#714);
#703 = SURFACE_OF_REVOLUTION('',#704,#711);
#704 = B_SPLINE_CURVE_WITH_KNOTS('',5,(#705,#706,#707,#708,#709,#710),
  .UNSPECIFIED.,.F.,.F.,(6,6),(0.,1.),.PIECEWISE_BEZIER_KNOTS.);
#705 = CARTESIAN_POINT('',(34.3,0.,118.8));
#706 = CARTESIAN_POINT('',(34.3,0.,119.1181160159));
#707 = CARTESIAN_POINT('',(34.3,0.,119.4362320318));
#708 = CARTESIAN_POINT('',(33.92415468787,0.,120.));
#709 = CARTESIAN_POINT('',(33.712077343935,0.,120.));
#710 = CARTESIAN_POINT('',(33.5,0.,120.));
#711 = AXIS1_PLACEMENT('',#712,#713);
#712 = CARTESIAN_POINT('',(0.,0.,0.));
#713 = DIRECTION('',(0.,0.,1.));
#714 = DEFINITIONAL_REPRESENTATION('',(#715),#719);
#715 = LINE('',#716,#717);
#716 = CARTESIAN_POINT('',(0.,0.));
#717 = VECTOR('',#718,1.);
#718 = DIRECTION('',(1.,0.));
#719 = ( GEOMETRIC_REPRESENTATION_CONTEXT(2)
PARAMETRIC_REPRESENTATION_CONTEXT() REPRESENTATION_CONTEXT('2D SPACE',''
  ) );
#720 = ORIENTED_EDGE('',*,*,#665,.F.);
#721 = ADVANCED_FACE('',(#722),#703,.T.);
#722 = FACE_BOUND('',#723,.T.);
#723 = EDGE_LOOP('',(#724,#725,#751,#778));
#724 = ORIENTED_EDGE('',*,*,#688,.T.);
#725 = ORIENTED_EDGE('',*,*,#726,.T.);
#726 = EDGE_CURVE('',#666,#727,#729,.T.);
#727 = VERTEX_POINT('',#728);
#728 = CARTESIAN_POINT('',(33.5,0.,120.));
#729 = SEAM_CURVE('',#730,(#737,#744),.PCURVE_S1.);
#730 = B_SPLINE_CURVE_WITH_KNOTS('',5,(#731,#732,#733,#734,#735,#736),
  .UNSPECIFIED.,.F.,.F.,(6,6),(0.,1.),.PIECEWISE_BEZIER_KNOTS.);
#731 = CARTESIAN_POINT('',(34.3,0.,118.8));
#732 = CARTESIAN_POINT('',(34.3,0.,119.1181160159));
#733 = CARTESIAN_POINT('',(34.3,0.,119.4362320318));
#734 = CARTESIAN_POINT('',(33.92415468787,0.,120.));
#735 = CARTESIAN_POINT('',(33.712077343935,0.,120.));
#736 = CARTESIAN_POINT('',(33.5,0.,120.));
#737 = PCURVE('',#703,#738);
#738 = DEFINITIONAL_REPRESENTATION('',(#739),#743);
#739 = LINE('',#740,#741);
#740 = CARTESIAN_POINT('',(6.28318530718,0.));
#741 = VECTOR('',#742,1.);
#742 = DIRECTION('',(0.,1.));
#743 = ( GEOMETRIC_REPRESENTATION_CONTEXT(2)
PARAMETRIC_REPRESENTATION_CONTEXT() REPRESENTATION_CONTEXT('2D SPACE',''
  ) );
#744 = PCURVE('',#703,#745);
#745 = DEFINITIONAL_REPRESENTATION('',(#746),#750);
#746 = LINE('',#747,#748);
#747 = CARTESIAN_POINT('',(0.,0.));
#748 = VECTOR('',#749,1.);
#749 = DIRECTION('',(0.,1.));
#750 = ( GEOMETRIC_REPRESENTATION_CONTEXT(2)
PARAMETRIC_REPRESENTATION_CONTEXT() REPRESENTATION_CONTEXT('2D SPACE',''
  ) );
#751 = ORIENTED_EDGE('',*,*,#752,.F.);
#752 = EDGE_CURVE('',#727,#727,#753,.T.);
#753 = SURFACE_CURVE('',#754,(#759,#766),.PCURVE_S1.);
#754 = CIRCLE('',#755,33.5);
#755 = AXIS2_PLACEMENT_3D('',#756,#757,#758);
#756 = CARTESIAN_POINT('',(0.,0.,120.));
#757 = DIRECTION('',(0.,0.,1.));
#758 = DIRECTION('',(1.,0.,-0.));
#759 = PCURVE('',#703,#760);
#760 = DEFINITIONAL_REPRESENTATION('',(#761),#765);
#761 = LINE('',#762,#763);
#762 = CARTESIAN_POINT('',(0.,1.));
#763 = VECTOR('',#764,1.);
#764 = DIRECTION('',(1.,0.));
#765 = ( GEOMETRIC_REPRESENTATION_CONTEXT(2)
PARAMETRIC_REPRESENTATION_CONTEXT() REPRESENTATION_CONTEXT('2D SPACE',''
  ) );
#766 = PCURVE('',#767,#772);
#767 = PLANE('',#768);
#768 = AXIS2_PLACEMENT_3D('',#769,#770,#771);
#769 = CARTESIAN_POINT('',(0.,0.,120.));
#770 = DIRECTION('',(0.,0.,1.));
#771 = DIRECTION('',(1.,0.,-0.));
#772 = DEFINITIONAL_REPRESENTATION('',(#773),#777);
#773 = CIRCLE('',#774,33.5);
#774 = AXIS2_PLACEMENT_2D('',#775,#776);
#775 = CARTESIAN_POINT('',(0.,0.));
#776 = DIRECTION('',(1.,0.));
#777 = ( GEOMETRIC_REPRESENTATION_CONTEXT(2)
PARAMETRIC_REPRESENTATION_CONTEXT() REPRESENTATION_CONTEXT('2D SPACE',''
  ) );
#778 = ORIENTED_EDGE('',*,*,#726,.F.);
#779 = ADVANCED_FACE('',(#780,#783),#767,.T.);
#780 = FACE_BOUND('',#781,.T.);
#781 = EDGE_LOOP('',(#782));
#782 = ORIENTED_EDGE('',*,*,#752,.T.);
#783 = FACE_BOUND('',#784,.T.);
#784 = EDGE_LOOP('',(#785));
#785 = ORIENTED_EDGE('',*,*,#786,.F.);
#786 = EDGE_CURVE('',#787,#787,#789,.T.);
#787 = VERTEX_POINT('',#788);
#788 = CARTESIAN_POINT('',(32.35,0.,120.));
#789 = SURFACE_CURVE('',#790,(#795,#802),.PCURVE_S1.);
#790 = CIRCLE('',#791,32.35);
#791 = AXIS2_PLACEMENT_3D('',#792,#793,#794);
#792 = CARTESIAN_POINT('',(0.,0.,120.));
#793 = DIRECTION('',(0.,0.,1.));
#794 = DIRECTION('',(1.,0.,-0.));
#795 = PCURVE('',#767,#796);
#796 = DEFINITIONAL_REPRESENTATION('',(#797),#801);
#797 = CIRCLE('',#798,32.35);
#798 = AXIS2_PLACEMENT_2D('',#799,#800);
#799 = CARTESIAN_POINT('',(0.,0.));
#800 = DIRECTION('',(1.,0.));
#801 = ( GEOMETRIC_REPRESENTATION_CONTEXT(2)
PARAMETRIC_REPRESENTATION_CONTEXT() REPRESENTATION_CONTEXT('2D SPACE',''
  ) );
#802 = PCURVE('',#803,#814);
#803 = SURFACE_OF_REVOLUTION('',#804,#811);
#804 = B_SPLINE_CURVE_WITH_KNOTS('',5,(#805,#806,#807,#808,#809,#810),
  .UNSPECIFIED.,.F.,.F.,(6,6),(0.,1.),.PIECEWISE_BEZIER_KNOTS.);
#805 = CARTESIAN_POINT('',(32.35,0.,120.));
#806 = CARTESIAN_POINT('',(32.124667822069,0.,120.));
#807 = CARTESIAN_POINT('',(31.899335644138,0.,120.));
#808 = CARTESIAN_POINT('',(31.5,0.,119.4362320318));
#809 = CARTESIAN_POINT('',(31.5,0.,119.1181160159));
#810 = CARTESIAN_POINT('',(31.5,0.,118.8));
#811 = AXIS1_PLACEMENT('',#812,#813);
#812 = CARTESIAN_POINT('',(0.,0.,0.));
#813 = DIRECTION('',(0.,0.,1.));
#814 = DEFINITIONAL_REPRESENTATION('',(#815),#819);
#815 = LINE('',#816,#817);
#816 = CARTESIAN_POINT('',(0.,0.));
#817 = VECTOR('',#818,1.);
#818 = DIRECTION('',(1.,0.));
#819 = ( GEOMETRIC_REPRESENTATION_CONTEXT(2)
PARAMETRIC_REPRESENTATION_CONTEXT() REPRESENTATION_CONTEXT('2D SPACE',''
  ) );
#820 = ADVANCED_FACE('',(#821),#803,.T.);
#821 = FACE_BOUND('',#822,.T.);
#822 = EDGE_LOOP('',(#823,#824,#850,#877));
#823 = ORIENTED_EDGE('',*,*,#786,.T.);
#824 = ORIENTED_EDGE('',*,*,#825,.T.);
#825 = EDGE_CURVE('',#787,#826,#828,.T.);
#826 = VERTEX_POINT('',#827);
#827 = CARTESIAN_POINT('',(31.5,0.,118.8));
#828 = SEAM_CURVE('',#829,(#836,#843),.PCURVE_S1.);
#829 = B_SPLINE_CURVE_WITH_KNOTS('',5,(#830,#831,#832,#833,#834,#835),
  .UNSPECIFIED.,.F.,.F.,(6,6),(0.,1.),.PIECEWISE_BEZIER_KNOTS.);
#830 = CARTESIAN_POINT('',(32.35,0.,120.));
#831 = CARTESIAN_POINT('',(32.124667822069,0.,120.));
#832 = CARTESIAN_POINT('',(31.899335644138,0.,120.));
#833 = CARTESIAN_POINT('',(31.5,0.,119.4362320318));
#834 = CARTESIAN_POINT('',(31.5,0.,119.1181160159));
#835 = CARTESIAN_POINT('',(31.5,0.,118.8));
#836 = PCURVE('',#803,#837);
#837 = DEFINITIONAL_REPRESENTATION('',(#838),#842);
#838 = LINE('',#839,#840);
#839 = CARTESIAN_POINT('',(6.28318530718,0.));
#840 = VECTOR('',#841,1.);
#841 = DIRECTION('',(0.,1.));
#842 = ( GEOMETRIC_REPRESENTATION_CONTEXT(2)
PARAMETRIC_REPRESENTATION_CONTEXT() REPRESENTATION_CONTEXT('2D SPACE',''
  ) );
#843 = PCURVE('',#803,#844);
#844 = DEFINITIONAL_REPRESENTATION('',(#845),#849);
#845 = LINE('',#846,#847);
#846 = CARTESIAN_POINT('',(0.,0.));
#847 = VECTOR('',#848,1.);
#848 = DIRECTION('',(0.,1.));
#849 = ( GEOMETRIC_REPRESENTATION_CONTEXT(2)
PARAMETRIC_REPRESENTATION_CONTEXT() REPRESENTATION_CONTEXT('2D SPACE',''
  ) );
#850 = ORIENTED_EDGE('',*,*,#851,.F.);
#851 = EDGE_CURVE('',#826,#826,#852,.T.);
#852 = SURFACE_CURVE('',#853,(#858,#865),.PCURVE_S1.);
#853 = CIRCLE('',#854,31.5);
#854 = AXIS2_PLACEMENT_3D('',#855,#856,#857);
#855 = CARTESIAN_POINT('',(0.,0.,118.8));
#856 = DIRECTION('',(0.,0.,1.));
#857 = DIRECTION('',(1.,0.,-0.));
#858 = PCURVE('',#803,#859);
#859 = DEFINITIONAL_REPRESENTATION('',(#860),#864);
#860 = LINE('',#861,#862);
#861 = CARTESIAN_POINT('',(0.,1.));
#862 = VECTOR('',#863,1.);
#863 = DIRECTION('',(1.,0.));
#864 = ( GEOMETRIC_REPRESENTATION_CONTEXT(2)
PARAMETRIC_REPRESENTATION_CONTEXT() REPRESENTATION_CONTEXT('2D SPACE',''
  ) );
#865 = PCURVE('',#866,#871);
#866 = CYLINDRICAL_SURFACE('',#867,31.5);
#867 = AXIS2_PLACEMENT_3D('',#868,#869,#870);
#868 = CARTESIAN_POINT('',(0.,0.,118.8));
#869 = DIRECTION('',(-0.,-0.,-1.));
#870 = DIRECTION('',(1.,0.,0.));
#871 = DEFINITIONAL_REPRESENTATION('',(#872),#876);
#872 = LINE('',#873,#874);
#873 = CARTESIAN_POINT('',(-0.,0.));
#874 = VECTOR('',#875,1.);
#875 = DIRECTION('',(-1.,0.));
#876 = ( GEOMETRIC_REPRESENTATION_CONTEXT(2)
PARAMETRIC_REPRESENTATION_CONTEXT() REPRESENTATION_CONTEXT('2D SPACE',''
  ) );
#877 = ORIENTED_EDGE('',*,*,#825,.F.);
#878 = ADVANCED_FACE('',(#879),#866,.F.);
#879 = FACE_BOUND('',#880,.T.);
#880 = EDGE_LOOP('',(#881,#882,#905,#938));
#881 = ORIENTED_EDGE('',*,*,#851,.T.);
#882 = ORIENTED_EDGE('',*,*,#883,.T.);
#883 = EDGE_CURVE('',#826,#884,#886,.T.);
#884 = VERTEX_POINT('',#885);
#885 = CARTESIAN_POINT('',(31.5,0.,118.2));
#886 = SEAM_CURVE('',#887,(#891,#898),.PCURVE_S1.);
#887 = LINE('',#888,#889);
#888 = CARTESIAN_POINT('',(31.5,0.,118.8));
#889 = VECTOR('',#890,1.);
#890 = DIRECTION('',(0.,0.,-1.));
#891 = PCURVE('',#866,#892);
#892 = DEFINITIONAL_REPRESENTATION('',(#893),#897);
#893 = LINE('',#894,#895);
#894 = CARTESIAN_POINT('',(-6.28318530718,0.));
#895 = VECTOR('',#896,1.);
#896 = DIRECTION('',(-0.,1.));
#897 = ( GEOMETRIC_REPRESENTATION_CONTEXT(2)
PARAMETRIC_REPRESENTATION_CONTEXT() REPRESENTATION_CONTEXT('2D SPACE',''
  ) );
#898 = PCURVE('',#866,#899);
#899 = DEFINITIONAL_REPRESENTATION('',(#900),#904);
#900 = LINE('',#901,#902);
#901 = CARTESIAN_POINT('',(-0.,0.));
#902 = VECTOR('',#903,1.);
#903 = DIRECTION('',(-0.,1.));
#904 = ( GEOMETRIC_REPRESENTATION_CONTEXT(2)
PARAMETRIC_REPRESENTATION_CONTEXT() REPRESENTATION_CONTEXT('2D SPACE',''
  ) );
#905 = ORIENTED_EDGE('',*,*,#906,.F.);
#906 = EDGE_CURVE('',#884,#884,#907,.T.);
#907 = SURFACE_CURVE('',#908,(#913,#920),.PCURVE_S1.);
#908 = CIRCLE('',#909,31.5);
#909 = AXIS2_PLACEMENT_3D('',#910,#911,#912);
#910 = CARTESIAN_POINT('',(0.,0.,118.2));
#911 = DIRECTION('',(0.,0.,1.));
#912 = DIRECTION('',(1.,0.,-0.));
#913 = PCURVE('',#866,#914);
#914 = DEFINITIONAL_REPRESENTATION('',(#915),#919);
#915 = LINE('',#916,#917);
#916 = CARTESIAN_POINT('',(-0.,0.6));
#917 = VECTOR('',#918,1.);
#918 = DIRECTION('',(-1.,0.));
#919 = ( GEOMETRIC_REPRESENTATION_CONTEXT(2)
PARAMETRIC_REPRESENTATION_CONTEXT() REPRESENTATION_CONTEXT('2D SPACE',''
  ) );
#920 = PCURVE('',#921,#932);
#921 = SURFACE_OF_REVOLUTION('',#922,#929);
#922 = B_SPLINE_CURVE_WITH_KNOTS('',5,(#923,#924,#925,#926,#927,#928),
  .UNSPECIFIED.,.F.,.F.,(6,6),(0.,1.),.PIECEWISE_BEZIER_KNOTS.);
#923 = CARTESIAN_POINT('',(31.5,0.,118.2));
#924 = CARTESIAN_POINT('',(31.5,0.,118.06745166004));
#925 = CARTESIAN_POINT('',(31.5,0.,117.93490332008));
#926 = CARTESIAN_POINT('',(31.171135351886,0.,117.7));
#927 = CARTESIAN_POINT('',(30.985567675943,0.,117.7));
#928 = CARTESIAN_POINT('',(30.8,0.,117.7));
#929 = AXIS1_PLACEMENT('',#930,#931);
#930 = CARTESIAN_POINT('',(0.,0.,0.));
#931 = DIRECTION('',(0.,0.,1.));
#932 = DEFINITIONAL_REPRESENTATION('',(#933),#937);
#933 = LINE('',#934,#935);
#934 = CARTESIAN_POINT('',(0.,0.));
#935 = VECTOR('',#936,1.);
#936 = DIRECTION('',(1.,0.));
#937 = ( GEOMETRIC_REPRESENTATION_CONTEXT(2)
PARAMETRIC_REPRESENTATION_CONTEXT() REPRESENTATION_CONTEXT('2D SPACE',''
  ) );
#938 = ORIENTED_EDGE('',*,*,#883,.F.);
#939 = ADVANCED_FACE('',(#940),#921,.T.);
#940 = FACE_BOUND('',#941,.T.);
#941 = EDGE_LOOP('',(#942,#943,#969,#996));
#942 = ORIENTED_EDGE('',*,*,#906,.T.);
#943 = ORIENTED_EDGE('',*,*,#944,.T.);
#944 = EDGE_CURVE('',#884,#945,#947,.T.);
#945 = VERTEX_POINT('',#946);
#946 = CARTESIAN_POINT('',(30.8,0.,117.7));
#947 = SEAM_CURVE('',#948,(#955,#962),.PCURVE_S1.);
#948 = B_SPLINE_CURVE_WITH_KNOTS('',5,(#949,#950,#951,#952,#953,#954),
  .UNSPECIFIED.,.F.,.F.,(6,6),(0.,1.),.PIECEWISE_BEZIER_KNOTS.);
#949 = CARTESIAN_POINT('',(31.5,0.,118.2));
#950 = CARTESIAN_POINT('',(31.5,0.,118.06745166004));
#951 = CARTESIAN_POINT('',(31.5,0.,117.93490332008));
#952 = CARTESIAN_POINT('',(31.171135351886,0.,117.7));
#953 = CARTESIAN_POINT('',(30.985567675943,0.,117.7));
#954 = CARTESIAN_POINT('',(30.8,0.,117.7));
#955 = PCURVE('',#921,#956);
#956 = DEFINITIONAL_REPRESENTATION('',(#957),#961);
#957 = LINE('',#958,#959);
#958 = CARTESIAN_POINT('',(6.28318530718,0.));
#959 = VECTOR('',#960,1.);
#960 = DIRECTION('',(0.,1.));
#961 = ( GEOMETRIC_REPRESENTATION_CONTEXT(2)
PARAMETRIC_REPRESENTATION_CONTEXT() REPRESENTATION_CONTEXT('2D SPACE',''
  ) );
#962 = PCURVE('',#921,#963);
#963 = DEFINITIONAL_REPRESENTATION('',(#964),#968);
#964 = LINE('',#965,#966);
#965 = CARTESIAN_POINT('',(0.,0.));
#966 = VECTOR('',#967,1.);
#967 = DIRECTION('',(0.,1.));
#968 = ( GEOMETRIC_REPRESENTATION_CONTEXT(2)
PARAMETRIC_REPRESENTATION_CONTEXT() REPRESENTATION_CONTEXT('2D SPACE',''
  ) );
#969 = ORIENTED_EDGE('',*,*,#970,.F.);
#970 = EDGE_CURVE('',#945,#945,#971,.T.);
#971 = SURFACE_CURVE('',#972,(#977,#984),.PCURVE_S1.);
#972 = CIRCLE('',#973,30.8);
#973 = AXIS2_PLACEMENT_3D('',#974,#975,#976);
#974 = CARTESIAN_POINT('',(0.,0.,117.7));
#975 = DIRECTION('',(0.,0.,1.));
#976 = DIRECTION('',(1.,0.,-0.));
#977 = PCURVE('',#921,#978);
#978 = DEFINITIONAL_REPRESENTATION('',(#979),#983);
#979 = LINE('',#980,#981);
#980 = CARTESIAN_POINT('',(0.,1.));
#981 = VECTOR('',#982,1.);
#982 = DIRECTION('',(1.,0.));
#983 = ( GEOMETRIC_REPRESENTATION_CONTEXT(2)
PARAMETRIC_REPRESENTATION_CONTEXT() REPRESENTATION_CONTEXT('2D SPACE',''
  ) );
#984 = PCURVE('',#985,#990);
#985 = PLANE('',#986);
#986 = AXIS2_PLACEMENT_3D('',#987,#988,#989);
#987 = CARTESIAN_POINT('',(0.,0.,117.7));
#988 = DIRECTION('',(0.,0.,1.));
#989 = DIRECTION('',(1.,0.,-0.));
#990 = DEFINITIONAL_REPRESENTATION('',(#991),#995);
#991 = CIRCLE('',#992,30.8);
#992 = AXIS2_PLACEMENT_2D('',#993,#994);
#993 = CARTESIAN_POINT('',(0.,0.));
#994 = DIRECTION('',(1.,0.));
#995 = ( GEOMETRIC_REPRESENTATION_CONTEXT(2)
PARAMETRIC_REPRESENTATION_CONTEXT() REPRESENTATION_CONTEXT('2D SPACE',''
  ) );
#996 = ORIENTED_EDGE('',*,*,#944,.F.);
#997 = ADVANCED_FACE('',(#998),#985,.T.);
#998 = FACE_BOUND('',#999,.T.);
#999 = EDGE_LOOP('',(#1000));
#1000 = ORIENTED_EDGE('',*,*,#970,.T.);
#1001 = ORIENTED_CLOSED_SHELL('',*,#1002,.F.);
#1002 = CLOSED_SHELL('',(#1003,#1050,#1214,#1526,#1599,#1606,#1677,#1791
    ,#1841,#2101,#2143,#2225,#2301,#2351,#2399,#2475,#2537,#2613));
#1003 = ADVANCED_FACE('',(#1004),#1017,.F.);
#1004 = FACE_BOUND('',#1005,.T.);
#1005 = EDGE_LOOP('',(#1006));
#1006 = ORIENTED_EDGE('',*,*,#1007,.F.);
#1007 = EDGE_CURVE('',#1008,#1008,#1010,.T.);
#1008 = VERTEX_POINT('',#1009);
#1009 = CARTESIAN_POINT('',(21.5,0.,3.5));
#1010 = SURFACE_CURVE('',#1011,(#1016,#1028),.PCURVE_S1.);
#1011 = CIRCLE('',#1012,21.5);
#1012 = AXIS2_PLACEMENT_3D('',#1013,#1014,#1015);
#1013 = CARTESIAN_POINT('',(0.,0.,3.5));
#1014 = DIRECTION('',(0.,-0.,1.));
#1015 = DIRECTION('',(1.,0.,0.));
#1016 = PCURVE('',#1017,#1022);
#1017 = PLANE('',#1018);
#1018 = AXIS2_PLACEMENT_3D('',#1019,#1020,#1021);
#1019 = CARTESIAN_POINT('',(0.,0.,3.5));
#1020 = DIRECTION('',(0.,0.,1.));
#1021 = DIRECTION('',(1.,0.,-0.));
#1022 = DEFINITIONAL_REPRESENTATION('',(#1023),#1027);
#1023 = CIRCLE('',#1024,21.5);
#1024 = AXIS2_PLACEMENT_2D('',#1025,#1026);
#1025 = CARTESIAN_POINT('',(0.,0.));
#1026 = DIRECTION('',(1.,-0.));
#1027 = ( GEOMETRIC_REPRESENTATION_CONTEXT(2)
PARAMETRIC_REPRESENTATION_CONTEXT() REPRESENTATION_CONTEXT('2D SPACE',''
  ) );
#1028 = PCURVE('',#1029,#1044);
#1029 = OFFSET_SURFACE('',#1030,-0.2,.F.);
#1030 = SURFACE_OF_REVOLUTION('',#1031,#1041);
#1031 = B_SPLINE_CURVE_WITH_KNOTS('',5,(#1032,#1033,#1034,#1035,#1036,
    #1037,#1038,#1039,#1040),.UNSPECIFIED.,.F.,.F.,(6,3,6),(0.,1.,
    1.59192255263),.UNSPECIFIED.);
#1032 = CARTESIAN_POINT('',(21.5,0.,3.3));
#1033 = CARTESIAN_POINT('',(22.221449994142,0.,3.3));
#1034 = CARTESIAN_POINT('',(22.942899988285,0.,3.3));
#1035 = CARTESIAN_POINT('',(23.408869812115,0.,2.303372711841));
#1036 = CARTESIAN_POINT('',(24.277367189089,0.,1.624121078952));
#1037 = CARTESIAN_POINT('',(25.145864566064,0.,0.944869446063));
#1038 = CARTESIAN_POINT('',(25.155672685842,0.,0.));
#1039 = CARTESIAN_POINT('',(25.577836342921,0.,0.));
#1040 = CARTESIAN_POINT('',(26.,0.,0.));
#1041 = AXIS1_PLACEMENT('',#1042,#1043);
#1042 = CARTESIAN_POINT('',(0.,0.,0.));
#1043 = DIRECTION('',(0.,0.,1.));
#1044 = DEFINITIONAL_REPRESENTATION('',(#1045),#1049);
#1045 = LINE('',#1046,#1047);
#1046 = CARTESIAN_POINT('',(0.,0.));
#1047 = VECTOR('',#1048,1.);
#1048 = DIRECTION('',(1.,0.));
#1049 = ( GEOMETRIC_REPRESENTATION_CONTEXT(2)
PARAMETRIC_REPRESENTATION_CONTEXT() REPRESENTATION_CONTEXT('2D SPACE',''
  ) );
#1050 = ADVANCED_FACE('',(#1051),#1029,.T.);
#1051 = FACE_BOUND('',#1052,.T.);
#1052 = EDGE_LOOP('',(#1053,#1054,#1186,#1213));
#1053 = ORIENTED_EDGE('',*,*,#1007,.T.);
#1054 = ORIENTED_EDGE('',*,*,#1055,.T.);
#1055 = EDGE_CURVE('',#1008,#1056,#1058,.T.);
#1056 = VERTEX_POINT('',#1057);
#1057 = CARTESIAN_POINT('',(26.,0.,0.2));
#1058 = SEAM_CURVE('',#1059,(#1172,#1179),.PCURVE_S1.);
#1059 = B_SPLINE_CURVE_WITH_KNOTS('',12,(#1060,#1061,#1062,#1063,#1064,
    #1065,#1066,#1067,#1068,#1069,#1070,#1071,#1072,#1073,#1074,#1075,
    #1076,#1077,#1078,#1079,#1080,#1081,#1082,#1083,#1084,#1085,#1086,
    #1087,#1088,#1089,#1090,#1091,#1092,#1093,#1094,#1095,#1096,#1097,
    #1098,#1099,#1100,#1101,#1102,#1103,#1104,#1105,#1106,#1107,#1108,
    #1109,#1110,#1111,#1112,#1113,#1114,#1115,#1116,#1117,#1118,#1119,
    #1120,#1121,#1122,#1123,#1124,#1125,#1126,#1127,#1128,#1129,#1130,
    #1131,#1132,#1133,#1134,#1135,#1136,#1137,#1138,#1139,#1140,#1141,
    #1142,#1143,#1144,#1145,#1146,#1147,#1148,#1149,#1150,#1151,#1152,
    #1153,#1154,#1155,#1156,#1157,#1158,#1159,#1160,#1161,#1162,#1163,
    #1164,#1165,#1166,#1167,#1168,#1169,#1170,#1171),.UNSPECIFIED.,.F.,
  .F.,(13,11,11,11,11,11,11,11,11,11,13),(0.,0.397980638157,
    0.795961276315,0.994951595393,1.007388490336,1.019825385278,
    1.044699175163,1.094446754933,1.193941914472,1.392932233551,
    1.59192255263),.UNSPECIFIED.);
#1060 = CARTESIAN_POINT('',(21.5,-5.265981236334E-15,3.5));
#1061 = CARTESIAN_POINT('',(21.619634637111,-5.295283271414E-15,3.5));
#1062 = CARTESIAN_POINT('',(21.743244030092,-5.325558840907E-15,
    3.500005378266));
#1063 = CARTESIAN_POINT('',(21.869303273984,-5.356434450811E-15,
    3.497130496347));
#1064 = CARTESIAN_POINT('',(21.99660548399,-5.38761449962E-15,
    3.488885707621));
#1065 = CARTESIAN_POINT('',(22.124294988408,-5.418889408182E-15,
    3.47320633024));
#1066 = CARTESIAN_POINT('',(22.251408322225,-5.450023195676E-15,
    3.448555796725));
#1067 = CARTESIAN_POINT('',(22.376761471817,-5.480725862341E-15,
    3.414095921377));
#1068 = CARTESIAN_POINT('',(22.499245329119,-5.510725755113E-15,
    3.369787296211));
#1069 = CARTESIAN_POINT('',(22.618186161361,-5.539857857003E-15,
    3.316277751137));
#1070 = CARTESIAN_POINT('',(22.733394125287,-5.568075669859E-15,
    3.25455660828));
#1071 = CARTESIAN_POINT('',(22.844860414523,-5.595377036723E-15,
    3.185597109028));
#1072 = CARTESIAN_POINT('',(23.060684706144,-5.648238742305E-15,
    3.035560708882));
#1073 = CARTESIAN_POINT('',(23.165040625921,-5.67379857093E-15,
    2.954473335599));
#1074 = CARTESIAN_POINT('',(23.266027602181,-5.698533246379E-15,
    2.868473617254));
#1075 = CARTESIAN_POINT('',(23.363990086017,-5.722527134827E-15,
    2.778762757688));
#1076 = CARTESIAN_POINT('',(23.45933431982,-5.745879736983E-15,
    2.686568806851));
#1077 = CARTESIAN_POINT('',(23.552467817759,-5.768690865003E-15,
    2.593118193215));
#1078 = CARTESIAN_POINT('',(23.643767490947,-5.791052835519E-15,
    2.499596912456));
#1079 = CARTESIAN_POINT('',(23.733570210052,-5.813048158013E-15,
    2.40710196613));
#1080 = CARTESIAN_POINT('',(23.822179590244,-5.834751196782E-15,
    2.316583644727));
#1081 = CARTESIAN_POINT('',(23.909882792216,-5.856232285895E-15,
    2.228779248784));
#1082 = CARTESIAN_POINT('',(23.996971124705,-5.87756277542E-15,
    2.14413884239));
#1083 = CARTESIAN_POINT('',(24.127151798292,-5.909447844464E-15,
    2.022046028157));
#1084 = CARTESIAN_POINT('',(24.170470087615,-5.920057765337E-15,
    1.982160156044));
#1085 = CARTESIAN_POINT('',(24.213753788273,-5.930659214431E-15,
    1.943097891078));
#1086 = CARTESIAN_POINT('',(24.257044085959,-5.941262279327E-15,
    1.904848348768));
#1087 = CARTESIAN_POINT('',(24.300384749604,-5.951877680333E-15,
    1.867376810182));
#1088 = CARTESIAN_POINT('',(24.343823235834,-5.962517040952E-15,
    1.830623490779));
#1089 = CARTESIAN_POINT('',(24.387410814837,-5.973192918778E-15,
    1.794502153178));
#1090 = CARTESIAN_POINT('',(24.431201725553,-5.983918598503E-15,
    1.758898564332));
#1091 = CARTESIAN_POINT('',(24.475251350975,-5.99470764506E-15,
    1.723668796575));
#1092 = CARTESIAN_POINT('',(24.519613422487,-6.005573218836E-15,
    1.688637373041));
#1093 = CARTESIAN_POINT('',(24.564336246061,-6.016527151384E-15,
    1.653595257064));
#1094 = CARTESIAN_POINT('',(24.612278061859,-6.028269509636E-15,
    1.616091587606));
#1095 = CARTESIAN_POINT('',(24.615099040688,-6.028960450175E-15,
    1.613885122522));
#1096 = CARTESIAN_POINT('',(24.617933697991,-6.029654740973E-15,
    1.611667324968));
#1097 = CARTESIAN_POINT('',(24.620689596172,-6.030329741351E-15,
    1.609514381045));
#1098 = CARTESIAN_POINT('',(24.623739896453,-6.031076849444E-15,
    1.607123900229));
#1099 = CARTESIAN_POINT('',(24.626134720404,-6.031663412146E-15,
    1.605256652244));
#1100 = CARTESIAN_POINT('',(24.629452341806,-6.032475995026E-15,
    1.602658993033));
#1101 = CARTESIAN_POINT('',(24.631982266857,-6.033095647955E-15,
    1.600680734932));
#1102 = CARTESIAN_POINT('',(24.634995136367,-6.033833588151E-15,
    1.598322406468));
#1103 = CARTESIAN_POINT('',(24.637830558984,-6.0345280664E-15,
    1.596101433704));
#1104 = CARTESIAN_POINT('',(24.640722240184,-6.035236324024E-15,
    1.59383454883));
#1105 = CARTESIAN_POINT('',(24.646513865867,-6.036654863195E-15,
    1.58928962866));
#1106 = CARTESIAN_POINT('',(24.649419304899,-6.037366490517E-15,
    1.587007285693));
#1107 = CARTESIAN_POINT('',(24.652334070721,-6.038080402245E-15,
    1.584714915665));
#1108 = CARTESIAN_POINT('',(24.655257863717,-6.038796524989E-15,
    1.582412374378));
#1109 = CARTESIAN_POINT('',(24.658190384696,-6.039514785479E-15,
    1.580099517673));
#1110 = CARTESIAN_POINT('',(24.661131333807,-6.040235110258E-15,
    1.577776201332));
#1111 = CARTESIAN_POINT('',(24.664080412023,-6.040957426101E-15,
    1.575442281208));
#1112 = CARTESIAN_POINT('',(24.667037319485,-6.04168165955E-15,
    1.573097613083));
#1113 = CARTESIAN_POINT('',(24.670001757014,-6.042407737338E-15,
    1.570742052798));
#1114 = CARTESIAN_POINT('',(24.672973424983,-6.04313558607E-15,
    1.568375456154));
#1115 = CARTESIAN_POINT('',(24.675952023998,-6.043865132421E-15,
    1.565997678974));
#1116 = CARTESIAN_POINT('',(24.684907715732,-6.046058644264E-15,
    1.558830373266));
#1117 = CARTESIAN_POINT('',(24.690904738537,-6.047527491221E-15,
    1.55400697182));
#1118 = CARTESIAN_POINT('',(24.69692591026,-6.049002252954E-15,
    1.549137306922));
#1119 = CARTESIAN_POINT('',(24.702968850169,-6.050482346363E-15,
    1.544220376352));
#1120 = CARTESIAN_POINT('',(24.709031210401,-6.051967196365E-15,
    1.539255241522));
#1121 = CARTESIAN_POINT('',(24.715110674404,-6.053456235602E-15,
    1.534241027392));
#1122 = CARTESIAN_POINT('',(24.721204959149,-6.054948904853E-15,
    1.529176922599));
#1123 = CARTESIAN_POINT('',(24.727311812589,-6.056444652564E-15,
    1.524062179303));
#1124 = CARTESIAN_POINT('',(24.733429016042,-6.057942935286E-15,
    1.518896113335));
#1125 = CARTESIAN_POINT('',(24.739554382366,-6.05944321734E-15,
    1.513678104079));
#1126 = CARTESIAN_POINT('',(24.745685757091,-6.060944971025E-15,
    1.50840759455));
#1127 = CARTESIAN_POINT('',(24.764091539405,-6.065453087505E-15,
    1.492437084959));
#1128 = CARTESIAN_POINT('',(24.776378088035,-6.068462423995E-15,
    1.481577816771));
#1129 = CARTESIAN_POINT('',(24.788663421917,-6.07147146296E-15,
    1.470502803065));
#1130 = CARTESIAN_POINT('',(24.800931402705,-6.074476251637E-15,
    1.459209547373));
#1131 = CARTESIAN_POINT('',(24.81316699667,-6.077473107839E-15,
    1.447696540532));
#1132 = CARTESIAN_POINT('',(24.825356272707,-6.080458619409E-15,
    1.435963260592));
#1133 = CARTESIAN_POINT('',(24.837486405122,-6.083429644983E-15,
    1.424010172948));
#1134 = CARTESIAN_POINT('',(24.849545670472,-6.086383313119E-15,
    1.411838730189));
#1135 = CARTESIAN_POINT('',(24.861523450509,-6.08931702312E-15,
    1.399451372237));
#1136 = CARTESIAN_POINT('',(24.873410229917,-6.092228444389E-15,
    1.386851526244));
#1137 = CARTESIAN_POINT('',(24.885197597737,-6.095115516844E-15,
    1.374043606655));
#1138 = CARTESIAN_POINT('',(24.920239544475,-6.103698318425E-15,
    1.335011832212));
#1139 = CARTESIAN_POINT('',(24.943175350908,-6.109315970811E-15,
    1.308177966068));
#1140 = CARTESIAN_POINT('',(24.965627927049,-6.114815265915E-15,
    1.28057069135));
#1141 = CARTESIAN_POINT('',(24.987560288349,-6.120187145121E-15,
    1.252239091068));
#1142 = CARTESIAN_POINT('',(25.008953279872,-6.12542691685E-15,
    1.223239408256));
#1143 = CARTESIAN_POINT('',(25.029802788637,-6.130533573672E-15,
    1.193632954883));
#1144 = CARTESIAN_POINT('',(25.050117097685,-6.135509144396E-15,
    1.163484578256));
#1145 = CARTESIAN_POINT('',(25.069914375444,-6.140358078953E-15,
    1.132861684628));
#1146 = CARTESIAN_POINT('',(25.089220307724,-6.145086668594E-15,
    1.101833820335));
#1147 = CARTESIAN_POINT('',(25.108065865374,-6.149702498961E-15,
    1.070472810162));
#1148 = CARTESIAN_POINT('',(25.126485213134,-6.154213938018E-15,
    1.03885345317));
#1149 = CARTESIAN_POINT('',(25.180570841827,-6.167461096429E-15,
    0.943457421157));
#1150 = CARTESIAN_POINT('',(25.215067183768,-6.175910263377E-15,
    0.879143320171));
#1151 = CARTESIAN_POINT('',(25.24828483233,-6.184046240776E-15,
    0.814731268112));
#1152 = CARTESIAN_POINT('',(25.280557345239,-6.191950726699E-15,
    0.750905967735));
#1153 = CARTESIAN_POINT('',(25.31219446916,-6.199699587214E-15,
    0.68839522786));
#1154 = CARTESIAN_POINT('',(25.343474460569,-6.207360975478E-15,
    0.627969274986));
#1155 = CARTESIAN_POINT('',(25.374639476518,-6.21499420289E-15,
    0.570437158109));
#1156 = CARTESIAN_POINT('',(25.405864055147,-6.22264201894E-15,
    0.51662144484));
#1157 = CARTESIAN_POINT('',(25.437201318645,-6.23031743483E-15,
    0.467298625655));
#1158 = CARTESIAN_POINT('',(25.468546115741,-6.237994695915E-15,
    0.423098860947));
#1159 = CARTESIAN_POINT('',(25.499688934167,-6.245622486496E-15,
    0.38436492425));
#1160 = CARTESIAN_POINT('',(25.561449069653,-6.260749356944E-15,
    0.317587901792));
#1161 = CARTESIAN_POINT('',(25.592077620474,-6.26825118829E-15,
    0.289559093517));
#1162 = CARTESIAN_POINT('',(25.62231548779,-6.275657329771E-15,
    0.2667199668));
#1163 = CARTESIAN_POINT('',(25.652542712476,-6.283060864569E-15,
    0.248750598537));
#1164 = CARTESIAN_POINT('',(25.682657304609,-6.290436812332E-15,
    0.234504583758));
#1165 = CARTESIAN_POINT('',(25.714436962662,-6.298220583646E-15,
    0.222598543986));
#1166 = CARTESIAN_POINT('',(25.75021317645,-6.306983228775E-15,
    0.212729121982));
#1167 = CARTESIAN_POINT('',(25.79089149353,-6.316946542945E-15,
    0.205647271046));
#1168 = CARTESIAN_POINT('',(25.836248781096,-6.328055874347E-15,
    0.201683964986));
#1169 = CARTESIAN_POINT('',(25.88633279291,-6.340322919301E-15,
    0.199986940722));
#1170 = CARTESIAN_POINT('',(25.940866080896,-6.353679722616E-15,0.2));
#1171 = CARTESIAN_POINT('',(26.,-6.368163355566E-15,0.2));
#1172 = PCURVE('',#1029,#1173);
#1173 = DEFINITIONAL_REPRESENTATION('',(#1174),#1178);
#1174 = LINE('',#1175,#1176);
#1175 = CARTESIAN_POINT('',(6.28318530718,0.));
#1176 = VECTOR('',#1177,1.);
#1177 = DIRECTION('',(0.,1.));
#1178 = ( GEOMETRIC_REPRESENTATION_CONTEXT(2)
PARAMETRIC_REPRESENTATION_CONTEXT() REPRESENTATION_CONTEXT('2D SPACE',''
  ) );
#1179 = PCURVE('',#1029,#1180);
#1180 = DEFINITIONAL_REPRESENTATION('',(#1181),#1185);
#1181 = LINE('',#1182,#1183);
#1182 = CARTESIAN_POINT('',(0.,0.));
#1183 = VECTOR('',#1184,1.);
#1184 = DIRECTION('',(0.,1.));
#1185 = ( GEOMETRIC_REPRESENTATION_CONTEXT(2)
PARAMETRIC_REPRESENTATION_CONTEXT() REPRESENTATION_CONTEXT('2D SPACE',''
  ) );
#1186 = ORIENTED_EDGE('',*,*,#1187,.F.);
#1187 = EDGE_CURVE('',#1056,#1056,#1188,.T.);
#1188 = SURFACE_CURVE('',#1189,(#1194,#1201),.PCURVE_S1.);
#1189 = CIRCLE('',#1190,26.);
#1190 = AXIS2_PLACEMENT_3D('',#1191,#1192,#1193);
#1191 = CARTESIAN_POINT('',(0.,0.,0.2));
#1192 = DIRECTION('',(0.,-0.,1.));
#1193 = DIRECTION('',(1.,0.,0.));
#1194 = PCURVE('',#1029,#1195);
#1195 = DEFINITIONAL_REPRESENTATION('',(#1196),#1200);
#1196 = LINE('',#1197,#1198);
#1197 = CARTESIAN_POINT('',(0.,1.59192255263));
#1198 = VECTOR('',#1199,1.);
#1199 = DIRECTION('',(1.,0.));
#1200 = ( GEOMETRIC_REPRESENTATION_CONTEXT(2)
PARAMETRIC_REPRESENTATION_CONTEXT() REPRESENTATION_CONTEXT('2D SPACE',''
  ) );
#1201 = PCURVE('',#1202,#1207);
#1202 = PLANE('',#1203);
#1203 = AXIS2_PLACEMENT_3D('',#1204,#1205,#1206);
#1204 = CARTESIAN_POINT('',(0.,0.,0.2));
#1205 = DIRECTION('',(0.,0.,1.));
#1206 = DIRECTION('',(1.,0.,-0.));
#1207 = DEFINITIONAL_REPRESENTATION('',(#1208),#1212);
#1208 = CIRCLE('',#1209,26.);
#1209 = AXIS2_PLACEMENT_2D('',#1210,#1211);
#1210 = CARTESIAN_POINT('',(0.,0.));
#1211 = DIRECTION('',(1.,-0.));
#1212 = ( GEOMETRIC_REPRESENTATION_CONTEXT(2)
PARAMETRIC_REPRESENTATION_CONTEXT() REPRESENTATION_CONTEXT('2D SPACE',''
  ) );
#1213 = ORIENTED_EDGE('',*,*,#1055,.F.);
#1214 = ADVANCED_FACE('',(#1215),#1238,.T.);
#1215 = FACE_BOUND('',#1216,.T.);
#1216 = EDGE_LOOP('',(#1217,#1284,#1498,#1525));
#1217 = ORIENTED_EDGE('',*,*,#1218,.T.);
#1218 = EDGE_CURVE('',#1219,#1219,#1221,.T.);
#1219 = VERTEX_POINT('',#1220);
#1220 = CARTESIAN_POINT('',(30.358578643763,0.,1.391421356237));
#1221 = SURFACE_CURVE('',#1222,(#1237,#1265),.PCURVE_S1.);
#1222 = B_SPLINE_CURVE_WITH_KNOTS('',13,(#1223,#1224,#1225,#1226,#1227,
    #1228,#1229,#1230,#1231,#1232,#1233,#1234,#1235,#1236),
  .UNSPECIFIED.,.T.,.F.,(14,14),(0.,6.28318530718),
  .PIECEWISE_BEZIER_KNOTS.);
#1223 = CARTESIAN_POINT('',(30.358578643763,-9.897198473763E-15,
    1.391421356237));
#1224 = CARTESIAN_POINT('',(30.358578643766,14.672967329333,
    1.391421356237));
#1225 = CARTESIAN_POINT('',(22.675788758251,29.345940526192,
    1.391421356238));
#1226 = CARTESIAN_POINT('',(7.310666379938,39.630471057331,
    1.391421356235));
#1227 = CARTESIAN_POINT('',(-12.98197122229,41.138654739958,
    1.391421356242));
#1228 = CARTESIAN_POINT('',(-32.67861894636,31.404998647012,
    1.391421356231));
#1229 = CARTESIAN_POINT('',(-45.04302251509,11.823077791105,
    1.391421356245));
#1230 = CARTESIAN_POINT('',(-45.04302251489,-11.82307779111,
    1.39142135623));
#1231 = CARTESIAN_POINT('',(-32.67861894652,-31.404998647,1.391421356243
    ));
#1232 = CARTESIAN_POINT('',(-12.98197122219,-41.13865473997,
    1.391421356234));
#1233 = CARTESIAN_POINT('',(7.310666379888,-39.63047105732,
    1.391421356239));
#1234 = CARTESIAN_POINT('',(22.675788758268,-29.34594052619,
    1.391421356237));
#1235 = CARTESIAN_POINT('',(30.358578643762,-14.67296732933,
    1.391421356237));
#1236 = CARTESIAN_POINT('',(30.358578643763,1.88023830639E-14,
    1.391421356237));
#1237 = PCURVE('',#1238,#1259);
#1238 = OFFSET_SURFACE('',#1239,-0.2,.F.);
#1239 = SURFACE_OF_REVOLUTION('',#1240,#1256);
#1240 = B_SPLINE_CURVE_WITH_KNOTS('',5,(#1241,#1242,#1243,#1244,#1245,
    #1246,#1247,#1248,#1249,#1250,#1251,#1252,#1253,#1254,#1255),
  .UNSPECIFIED.,.F.,.F.,(6,3,3,3,6),(0.,1.,2.058636439535,2.714549712935
    ,3.091673329568),.UNSPECIFIED.);
#1241 = CARTESIAN_POINT('',(30.5,0.,1.25));
#1242 = CARTESIAN_POINT('',(31.031282434644,0.,1.781282434644));
#1243 = CARTESIAN_POINT('',(31.562564869288,0.,2.312564869288));
#1244 = CARTESIAN_POINT('',(32.333864415743,0.,2.560995638617));
#1245 = CARTESIAN_POINT('',(33.534189019338,0.,3.52752993623));
#1246 = CARTESIAN_POINT('',(34.734513622933,0.,4.494064233843));
#1247 = CARTESIAN_POINT('',(35.625293672491,0.,4.884528343219));
#1248 = CARTESIAN_POINT('',(36.333623476154,0.,5.868807035312));
#1249 = CARTESIAN_POINT('',(37.041953279817,0.,6.853085727405));
#1250 = CARTESIAN_POINT('',(37.398016509992,0.,7.371155637671));
#1251 = CARTESIAN_POINT('',(37.557074425739,0.,8.102601798541));
#1252 = CARTESIAN_POINT('',(37.716132341487,0.,8.834047959412));
#1253 = CARTESIAN_POINT('',(37.8,0.,9.120028765903));
#1254 = CARTESIAN_POINT('',(37.8,0.,9.410014382951));
#1255 = CARTESIAN_POINT('',(37.8,0.,9.7));
#1256 = AXIS1_PLACEMENT('',#1257,#1258);
#1257 = CARTESIAN_POINT('',(0.,0.,0.));
#1258 = DIRECTION('',(0.,0.,1.));
#1259 = DEFINITIONAL_REPRESENTATION('',(#1260),#1264);
#1260 = LINE('',#1261,#1262);
#1261 = CARTESIAN_POINT('',(0.,0.));
#1262 = VECTOR('',#1263,1.);
#1263 = DIRECTION('',(1.,0.));
#1264 = ( GEOMETRIC_REPRESENTATION_CONTEXT(2)
PARAMETRIC_REPRESENTATION_CONTEXT() REPRESENTATION_CONTEXT('2D SPACE',''
  ) );
#1265 = PCURVE('',#1266,#1278);
#1266 = OFFSET_SURFACE('',#1267,-0.2,.F.);
#1267 = SURFACE_OF_REVOLUTION('',#1268,#1275);
#1268 = B_SPLINE_CURVE_WITH_KNOTS('',5,(#1269,#1270,#1271,#1272,#1273,
    #1274),.UNSPECIFIED.,.F.,.F.,(6,6),(0.,1.),
  .PIECEWISE_BEZIER_KNOTS.);
#1269 = CARTESIAN_POINT('',(28.5,0.,0.));
#1270 = CARTESIAN_POINT('',(28.698822509939,0.,0.));
#1271 = CARTESIAN_POINT('',(28.897645019878,0.,0.));
#1272 = CARTESIAN_POINT('',(29.837258300203,0.,0.587258300203));
#1273 = CARTESIAN_POINT('',(30.168629150102,0.,0.918629150102));
#1274 = CARTESIAN_POINT('',(30.5,0.,1.25));
#1275 = AXIS1_PLACEMENT('',#1276,#1277);
#1276 = CARTESIAN_POINT('',(0.,0.,0.));
#1277 = DIRECTION('',(0.,0.,1.));
#1278 = DEFINITIONAL_REPRESENTATION('',(#1279),#1283);
#1279 = LINE('',#1280,#1281);
#1280 = CARTESIAN_POINT('',(0.,1.));
#1281 = VECTOR('',#1282,1.);
#1282 = DIRECTION('',(1.,0.));
#1283 = ( GEOMETRIC_REPRESENTATION_CONTEXT(2)
PARAMETRIC_REPRESENTATION_CONTEXT() REPRESENTATION_CONTEXT('2D SPACE',''
  ) );
#1284 = ORIENTED_EDGE('',*,*,#1285,.T.);
#1285 = EDGE_CURVE('',#1219,#1286,#1288,.T.);
#1286 = VERTEX_POINT('',#1287);
#1287 = CARTESIAN_POINT('',(37.6,0.,9.7));
#1288 = SEAM_CURVE('',#1289,(#1484,#1491),.PCURVE_S1.);
#1289 = B_SPLINE_CURVE_WITH_KNOTS('',13,(#1290,#1291,#1292,#1293,#1294,
    #1295,#1296,#1297,#1298,#1299,#1300,#1301,#1302,#1303,#1304,#1305,
    #1306,#1307,#1308,#1309,#1310,#1311,#1312,#1313,#1314,#1315,#1316,
    #1317,#1318,#1319,#1320,#1321,#1322,#1323,#1324,#1325,#1326,#1327,
    #1328,#1329,#1330,#1331,#1332,#1333,#1334,#1335,#1336,#1337,#1338,
    #1339,#1340,#1341,#1342,#1343,#1344,#1345,#1346,#1347,#1348,#1349,
    #1350,#1351,#1352,#1353,#1354,#1355,#1356,#1357,#1358,#1359,#1360,
    #1361,#1362,#1363,#1364,#1365,#1366,#1367,#1368,#1369,#1370,#1371,
    #1372,#1373,#1374,#1375,#1376,#1377,#1378,#1379,#1380,#1381,#1382,
    #1383,#1384,#1385,#1386,#1387,#1388,#1389,#1390,#1391,#1392,#1393,
    #1394,#1395,#1396,#1397,#1398,#1399,#1400,#1401,#1402,#1403,#1404,
    #1405,#1406,#1407,#1408,#1409,#1410,#1411,#1412,#1413,#1414,#1415,
    #1416,#1417,#1418,#1419,#1420,#1421,#1422,#1423,#1424,#1425,#1426,
    #1427,#1428,#1429,#1430,#1431,#1432,#1433,#1434,#1435,#1436,#1437,
    #1438,#1439,#1440,#1441,#1442,#1443,#1444,#1445,#1446,#1447,#1448,
    #1449,#1450,#1451,#1452,#1453,#1454,#1455,#1456,#1457,#1458,#1459,
    #1460,#1461,#1462,#1463,#1464,#1465,#1466,#1467,#1468,#1469,#1470,
    #1471,#1472,#1473,#1474,#1475,#1476,#1477,#1478,#1479,#1480,#1481,
    #1482,#1483),.UNSPECIFIED.,.F.,.F.,(14,12,12,12,12,12,12,12,12,12,12
    ,12,12,12,12,12,14),(0.,0.772918332392,0.96614791549,1.062762707039,
    1.159377498588,1.545836664784,1.93229583098,2.028910622529,
    2.053064320416,2.077218018303,2.125525414078,2.318754997176,
    2.705214163372,2.753521559146,2.801828954921,2.89844374647,
    3.091673329568),.UNSPECIFIED.);
#1290 = CARTESIAN_POINT('',(30.358578643763,-7.435707232549E-15,
    1.391421356237));
#1291 = CARTESIAN_POINT('',(30.516516310454,-7.474390804146E-15,
    1.549359022935));
#1292 = CARTESIAN_POINT('',(30.677660624102,-7.513859777725E-15,
    1.710494265849));
#1293 = CARTESIAN_POINT('',(30.844584663506,-7.554744375844E-15,
    1.869004544879));
#1294 = CARTESIAN_POINT('',(31.01891302717,-7.597442510341E-15,
    2.021009372338));
#1295 = CARTESIAN_POINT('',(31.200588882101,-7.641940261209E-15,
    2.1644323552));
#1296 = CARTESIAN_POINT('',(31.388293190553,-7.687914557287E-15,
    2.298961688031));
#1297 = CARTESIAN_POINT('',(31.580069852138,-7.734886292268E-15,
    2.425768178368));
#1298 = CARTESIAN_POINT('',(31.773761290162,-7.782327012163E-15,
    2.546972564181));
#1299 = CARTESIAN_POINT('',(31.967228139308,-7.82971272369E-15,
    2.665041194698));
#1300 = CARTESIAN_POINT('',(32.158514333961,-7.876564328881E-15,
    2.782331092148));
#1301 = CARTESIAN_POINT('',(32.346124857729,-7.922515654369E-15,
    2.900901992658));
#1302 = CARTESIAN_POINT('',(32.52940787987,-7.967407047648E-15,
    3.022464179032));
#1303 = CARTESIAN_POINT('',(32.753492807929,-8.022292025625E-15,
    3.17930491487));
#1304 = CARTESIAN_POINT('',(32.79805869279,-8.033207519276E-15,
    3.210917974887));
#1305 = CARTESIAN_POINT('',(32.842378666525,-8.044062782066E-15,
    3.242790422525));
#1306 = CARTESIAN_POINT('',(32.886461594238,-8.05485998534E-15,
    3.274934244155));
#1307 = CARTESIAN_POINT('',(32.930320304734,-8.065602271207E-15,
    3.307358558549));
#1308 = CARTESIAN_POINT('',(32.973971871362,-8.076293821501E-15,
    3.340069237245));
#1309 = CARTESIAN_POINT('',(33.017437905613,-8.086939929417E-15,
    3.373068525661));
#1310 = CARTESIAN_POINT('',(33.060744832528,-8.097547067328E-15,
    3.406354663141));
#1311 = CARTESIAN_POINT('',(33.103924187817,-8.108122959158E-15,
    3.439921504278));
#1312 = CARTESIAN_POINT('',(33.147012893148,-8.118676648182E-15,
    3.473758138947));
#1313 = CARTESIAN_POINT('',(33.19005354995,-8.129218568694E-15,
    3.507848513442));
#1314 = CARTESIAN_POINT('',(33.233094720018,-8.139760614927E-15,
    3.542171050816));
#1315 = CARTESIAN_POINT('',(33.29773946092,-8.155594009931E-15,
    3.593961882145));
#1316 = CARTESIAN_POINT('',(33.319302533497,-8.160875439495E-15,
    3.611276432845));
#1317 = CARTESIAN_POINT('',(33.340868800376,-8.16615765143E-15,
    3.62863276856));
#1318 = CARTESIAN_POINT('',(33.362587310212,-8.171477152155E-15,
    3.646098114765));
#1319 = CARTESIAN_POINT('',(33.383856610962,-8.176686628346E-15,
    3.663298937247));
#1320 = CARTESIAN_POINT('',(33.406347956086,-8.182195419143E-15,
    3.681349457579));
#1321 = CARTESIAN_POINT('',(33.427062661183,-8.187269058566E-15,
    3.698076622007));
#1322 = CARTESIAN_POINT('',(33.449677674563,-8.192808139346E-15,
    3.716248203474));
#1323 = CARTESIAN_POINT('',(33.470998944858,-8.198030344409E-15,
    3.733375775508));
#1324 = CARTESIAN_POINT('',(33.49306123572,-8.203434047198E-15,
    3.751065157274));
#1325 = CARTESIAN_POINT('',(33.514931467446,-8.208790709049E-15,
    3.768559754765));
#1326 = CARTESIAN_POINT('',(33.536914545914,-8.214175010386E-15,
    3.78610182477));
#1327 = CARTESIAN_POINT('',(33.580987677749,-8.224969814352E-15,
    3.821173110636));
#1328 = CARTESIAN_POINT('',(33.60308398244,-8.230381848114E-15,
    3.838707394684));
#1329 = CARTESIAN_POINT('',(33.625242461358,-8.235809110174E-15,
    3.856237219162));
#1330 = CARTESIAN_POINT('',(33.647465218329,-8.241252115804E-15,
    3.873759695907));
#1331 = CARTESIAN_POINT('',(33.669754027766,-8.246711299646E-15,
    3.891272149542));
#1332 = CARTESIAN_POINT('',(33.692110330306,-8.252187014494E-15,
    3.908772116963));
#1333 = CARTESIAN_POINT('',(33.714535239749,-8.257679533231E-15,
    3.926257348149));
#1334 = CARTESIAN_POINT('',(33.737029533969,-8.263189046294E-15,
    3.943725805106));
#1335 = CARTESIAN_POINT('',(33.759593664808,-8.26871566443E-15,
    3.961175663014));
#1336 = CARTESIAN_POINT('',(33.782227749101,-8.274259416198E-15,
    3.978605309186));
#1337 = CARTESIAN_POINT('',(33.804931575444,-8.279820249853E-15,
    3.996013343856));
#1338 = CARTESIAN_POINT('',(33.827704599989,-8.285398032176E-15,
    4.013398579684));
#1339 = CARTESIAN_POINT('',(33.941911342804,-8.313370616582E-15,
    4.100205891318));
#1340 = CARTESIAN_POINT('',(34.034372086518,-8.336016967345E-15,
    4.169271776506));
#1341 = CARTESIAN_POINT('',(34.127877162157,-8.358919105677E-15,
    4.237891065607));
#1342 = CARTESIAN_POINT('',(34.222306136354,-8.382047533841E-15,
    4.306050372366));
#1343 = CARTESIAN_POINT('',(34.317478667399,-8.405358081008E-15,
    4.373780151855));
#1344 = CARTESIAN_POINT('',(34.413164246104,-8.428794288451E-15,
    4.441145961944));
#1345 = CARTESIAN_POINT('',(34.509092173236,-8.452289854343E-15,
    4.508240392034));
#1346 = CARTESIAN_POINT('',(34.604961768624,-8.475771132865E-15,
    4.575175656825));
#1347 = CARTESIAN_POINT('',(34.700452818464,-8.49915969465E-15,
    4.642076858135));
#1348 = CARTESIAN_POINT('',(34.795236253368,-8.522374940637E-15,
    4.70907591128));
#1349 = CARTESIAN_POINT('',(34.888985064422,-8.545336776934E-15,
    4.776306139462));
#1350 = CARTESIAN_POINT('',(34.981385451211,-8.567968344512E-15,
    4.84389753327));
#1351 = CARTESIAN_POINT('',(35.162910961002,-8.612429271419E-15,
    4.98004782142));
#1352 = CARTESIAN_POINT('',(35.252035848259,-8.634258573001E-15,
    5.048607456341));
#1353 = CARTESIAN_POINT('',(35.33923720856,-8.655616746348E-15,
    5.117774791624));
#1354 = CARTESIAN_POINT('',(35.424251199871,-8.676439168837E-15,
    5.187668885821));
#1355 = CARTESIAN_POINT('',(35.506852688576,-8.69667069855E-15,
    5.258399623522));
#1356 = CARTESIAN_POINT('',(35.586869032112,-8.716269050399E-15,
    5.330066479568));
#1357 = CARTESIAN_POINT('',(35.664191323715,-8.735207549724E-15,
    5.402759623288));
#1358 = CARTESIAN_POINT('',(35.738783614024,-8.753477391691E-15,
    5.476561905845));
#1359 = CARTESIAN_POINT('',(35.810690700708,-8.771089548359E-15,
    5.551550287032));
#1360 = CARTESIAN_POINT('',(35.880044988206,-8.788076449622E-15,
    5.627795242489));
#1361 = CARTESIAN_POINT('',(35.947073008534,-8.80449357972E-15,
    5.705356707554));
#1362 = CARTESIAN_POINT('',(36.012102118188,-8.820421117922E-15,
    5.784275101016));
#1363 = CARTESIAN_POINT('',(36.091434397389,-8.83985192228E-15,
    5.884626201525));
#1364 = CARTESIAN_POINT('',(36.107203364311,-8.843714205255E-15,
    5.9047814562));
#1365 = CARTESIAN_POINT('',(36.122881527299,-8.847554247672E-15,
    5.925021977374));
#1366 = CARTESIAN_POINT('',(36.138476095602,-8.851373815319E-15,
    5.945347801186));
#1367 = CARTESIAN_POINT('',(36.153994802646,-8.855174802273E-15,
    5.965758767916));
#1368 = CARTESIAN_POINT('',(36.169445906168,-8.858959231208E-15,
    5.986254522139));
#1369 = CARTESIAN_POINT('',(36.184838188165,-8.862729252935E-15,
    6.006834512486));
#1370 = CARTESIAN_POINT('',(36.200180954654,-8.866487146956E-15,
    6.027497991936));
#1371 = CARTESIAN_POINT('',(36.215484036333,-8.870235320919E-15,
    6.048244017524));
#1372 = CARTESIAN_POINT('',(36.230757787585,-8.873976311056E-15,
    6.069071450583));
#1373 = CARTESIAN_POINT('',(36.246013087541,-8.8777127819E-15,
    6.089978956579));
#1374 = CARTESIAN_POINT('',(36.261261339221,-8.881447526424E-15,
    6.110965005202));
#1375 = CARTESIAN_POINT('',(36.280327752782,-8.886117450893E-15,
    6.137293586607));
#1376 = CARTESIAN_POINT('',(36.284141328113,-8.887051507453E-15,
    6.142564105952));
#1377 = CARTESIAN_POINT('',(36.28795539811,-8.887985685192E-15,
    6.147839393228));
#1378 = CARTESIAN_POINT('',(36.291770164754,-8.888920033504E-15,
    6.153119413327));
#1379 = CARTESIAN_POINT('',(36.295585830105,-8.889854602046E-15,
    6.15840413108));
#1380 = CARTESIAN_POINT('',(36.29940259622,-8.890789440031E-15,
    6.163693511441));
#1381 = CARTESIAN_POINT('',(36.303220664951,-8.891724597269E-15,
    6.168987519162));
#1382 = CARTESIAN_POINT('',(36.307040238644,-8.89266012291E-15,
    6.174286119265));
#1383 = CARTESIAN_POINT('',(36.310861518922,-8.893596066714E-15,
    6.179589276477));
#1384 = CARTESIAN_POINT('',(36.314684708175,-8.894532477969E-15,
    6.184896955787));
#1385 = CARTESIAN_POINT('',(36.318510008175,-8.895469406267E-15,
    6.190209121997));
#1386 = CARTESIAN_POINT('',(36.322337621073,-8.896406901039E-15,
    6.195525740016));
#1387 = CARTESIAN_POINT('',(36.329997876628,-8.898283122528E-15,
    6.206167809392));
#1388 = CARTESIAN_POINT('',(36.333828904982,-8.899221453853E-15,
    6.2114910051));
#1389 = CARTESIAN_POINT('',(36.337667551049,-8.900161650967E-15,
    6.216825350182));
#1390 = CARTESIAN_POINT('',(36.341508147602,-8.901102325846E-15,
    6.222162346571));
#1391 = CARTESIAN_POINT('',(36.345346464526,-8.902042442311E-15,
    6.227495915503));
#1392 = CARTESIAN_POINT('',(36.349182551072,-8.90298201259E-15,
    6.232826314053));
#1393 = CARTESIAN_POINT('',(36.353018601749,-8.903921573965E-15,
    6.238156864316));
#1394 = CARTESIAN_POINT('',(36.356856049476,-8.904861477632E-15,
    6.243489671268));
#1395 = CARTESIAN_POINT('',(36.360694342023,-8.905801588134E-15,
    6.248823879577));
#1396 = CARTESIAN_POINT('',(36.364532047866,-8.906741554987E-15,
    6.254157394049));
#1397 = CARTESIAN_POINT('',(36.368369192079,-8.907681384256E-15,
    6.259490362386));
#1398 = CARTESIAN_POINT('',(36.372207920257,-8.908621601493E-15,
    6.264826093529));
#1399 = CARTESIAN_POINT('',(36.383724647103,-8.911442386026E-15,
    6.28083518933));
#1400 = CARTESIAN_POINT('',(36.391404558552,-8.913323421823E-15,
    6.291512602056));
#1401 = CARTESIAN_POINT('',(36.39908723135,-8.915205133948E-15,
    6.302196154642));
#1402 = CARTESIAN_POINT('',(36.406773268545,-8.91708767013E-15,
    6.312887253567));
#1403 = CARTESIAN_POINT('',(36.414463206009,-8.918971161565E-15,
    6.323587253528));
#1404 = CARTESIAN_POINT('',(36.422157516888,-8.920855724243E-15,
    6.334297458542));
#1405 = CARTESIAN_POINT('',(36.429856605052,-8.922741456927E-15,
    6.345019120281));
#1406 = CARTESIAN_POINT('',(36.43756081302,-8.924628443706E-15,
    6.355753440162));
#1407 = CARTESIAN_POINT('',(36.44527041398,-8.926516751289E-15,
    6.366501567141));
#1408 = CARTESIAN_POINT('',(36.452985618508,-8.928406431424E-15,
    6.377264599678));
#1409 = CARTESIAN_POINT('',(36.460706569846,-8.930297519079E-15,
    6.388043584265));
#1410 = CARTESIAN_POINT('',(36.468433346645,-8.932190033578E-15,
    6.398839516342));
#1411 = CARTESIAN_POINT('',(36.507096421821,-8.941659755829E-15,
    6.452908633817));
#1412 = CARTESIAN_POINT('',(36.538120250631,-8.949258402361E-15,
    6.49644982229));
#1413 = CARTESIAN_POINT('',(36.56923962872,-8.956880451711E-15,
    6.540338502892));
#1414 = CARTESIAN_POINT('',(36.600441512564,-8.96452270915E-15,
    6.584623299861));
#1415 = CARTESIAN_POINT('',(36.631699239414,-8.972178644175E-15,
    6.629340655819));
#1416 = CARTESIAN_POINT('',(36.662974126662,-8.979838782287E-15,
    6.674515622526));
#1417 = CARTESIAN_POINT('',(36.694217080754,-8.987491099035E-15,
    6.720162653454));
#1418 = CARTESIAN_POINT('',(36.725370192563,-8.995121410762E-15,
    6.766286393724));
#1419 = CARTESIAN_POINT('',(36.756368348766,-9.002713769322E-15,
    6.812882473218));
#1420 = CARTESIAN_POINT('',(36.787140827372,-9.010250852804E-15,
    6.859938296492));
#1421 = CARTESIAN_POINT('',(36.817612906401,-9.017714359614E-15,
    6.907433835389));
#1422 = CARTESIAN_POINT('',(36.847707463471,-9.025085400212E-15,
    6.955342419752));
#1423 = CARTESIAN_POINT('',(36.936624814701,-9.046863870126E-15,
    7.100209748209));
#1424 = CARTESIAN_POINT('',(36.994083776771,-9.060937256925E-15,
    7.198312594988));
#1425 = CARTESIAN_POINT('',(37.049098331054,-9.074411936477E-15,
    7.297685230062));
#1426 = CARTESIAN_POINT('',(37.101053172544,-9.087137202566E-15,
    7.397995598567));
#1427 = CARTESIAN_POINT('',(37.149373055099,-9.098972160425E-15,
    7.498869203949));
#1428 = CARTESIAN_POINT('',(37.193592062704,-9.109802693712E-15,
    7.599931792496));
#1429 = CARTESIAN_POINT('',(37.233424796543,-9.119558899639E-15,
    7.700865962203));
#1430 = CARTESIAN_POINT('',(37.268818619886,-9.1282278862E-15,
    7.801480675577));
#1431 = CARTESIAN_POINT('',(37.299982279258,-9.135860781289E-15,
    7.901785596031));
#1432 = CARTESIAN_POINT('',(37.327402508558,-9.142576800528E-15,
    8.002055139146));
#1433 = CARTESIAN_POINT('',(37.351876396496,-9.14857117422E-15,
    8.102860069052));
#1434 = CARTESIAN_POINT('',(37.374603571578,-9.154137726667E-15,
    8.205037438048));
#1435 = CARTESIAN_POINT('',(37.400247818824,-9.160418755728E-15,
    8.32262826055));
#1436 = CARTESIAN_POINT('',(37.403100886743,-9.161117555825E-15,
    8.335741686247));
#1437 = CARTESIAN_POINT('',(37.405936557971,-9.161812094972E-15,
    8.348798456544));
#1438 = CARTESIAN_POINT('',(37.408858031051,-9.162527649484E-15,
    8.362246815533));
#1439 = CARTESIAN_POINT('',(37.411658862658,-9.16321365541E-15,
    8.375098460824));
#1440 = CARTESIAN_POINT('',(37.414565533509,-9.163925584394E-15,
    8.388476106166));
#1441 = CARTESIAN_POINT('',(37.417464599934,-9.164635650929E-15,
    8.401775074707));
#1442 = CARTESIAN_POINT('',(37.420311348344,-9.165332903149E-15,
    8.414788294222));
#1443 = CARTESIAN_POINT('',(37.423247151296,-9.16605196752E-15,
    8.428233886999));
#1444 = CARTESIAN_POINT('',(37.426135193967,-9.166759333943E-15,
    8.441390819904));
#1445 = CARTESIAN_POINT('',(37.42905659991,-9.167474872039E-15,
    8.45469261954));
#1446 = CARTESIAN_POINT('',(37.431980033356,-9.168190906719E-15,
    8.467968402478));
#1447 = CARTESIAN_POINT('',(37.437844894647,-9.169627383441E-15,
    8.494546557254));
#1448 = CARTESIAN_POINT('',(37.440785598558,-9.170347648169E-15,
    8.507844419594));
#1449 = CARTESIAN_POINT('',(37.443734148651,-9.171069834648E-15,
    8.521150023739));
#1450 = CARTESIAN_POINT('',(37.446689989209,-9.171793806802E-15,
    8.53446237099));
#1451 = CARTESIAN_POINT('',(37.449652433442,-9.172519396341E-15,
    8.547780506602));
#1452 = CARTESIAN_POINT('',(37.452620668226,-9.173246404227E-15,
    8.561103520757));
#1453 = CARTESIAN_POINT('',(37.455593746683,-9.173974598385E-15,
    8.574430547034));
#1454 = CARTESIAN_POINT('',(37.458570597759,-9.174703716654E-15,
    8.587760764384));
#1455 = CARTESIAN_POINT('',(37.461550015912,-9.175433463605E-15,
    8.60109339501));
#1456 = CARTESIAN_POINT('',(37.464530670414,-9.176163513422E-15,
    8.614427706269));
#1457 = CARTESIAN_POINT('',(37.467511098336,-9.176893507717E-15,
    8.627763009247));
#1458 = CARTESIAN_POINT('',(37.470489708925,-9.177623056904E-15,
    8.641098659643));
#1459 = CARTESIAN_POINT('',(37.47941492634,-9.17980910469E-15,
    8.681104852688));
#1460 = CARTESIAN_POINT('',(37.48535132703,-9.181263103518E-15,
    8.70777455252));
#1461 = CARTESIAN_POINT('',(37.491260820413,-9.182710511927E-15,
    8.734438470832));
#1462 = CARTESIAN_POINT('',(37.497129008796,-9.184147803602E-15,
    8.761092489229));
#1463 = CARTESIAN_POINT('',(37.502940524073,-9.185571214229E-15,
    8.787733074725));
#1464 = CARTESIAN_POINT('',(37.508679289412,-9.186976806475E-15,
    8.814357297036));
#1465 = CARTESIAN_POINT('',(37.514328786058,-9.188360533928E-15,
    8.840962846882));
#1466 = CARTESIAN_POINT('',(37.519872311934,-9.189718306307E-15,
    8.867548052729));
#1467 = CARTESIAN_POINT('',(37.525293251015,-9.191046053343E-15,
    8.894111899513));
#1468 = CARTESIAN_POINT('',(37.53057533096,-9.192339789864E-15,
    8.920654045269));
#1469 = CARTESIAN_POINT('',(37.535702891406,-9.193595679934E-15,
    8.947174839613));
#1470 = CARTESIAN_POINT('',(37.54066114422,-9.19481010163E-15,
    8.973675340852));
#1471 = CARTESIAN_POINT('',(37.554987027766,-9.198318931114E-15,
    9.053121320106));
#1472 = CARTESIAN_POINT('',(37.563805210186,-9.200478762891E-15,
    9.106011189894));
#1473 = CARTESIAN_POINT('',(37.571781623521,-9.202432420699E-15,
    9.158843873723));
#1474 = CARTESIAN_POINT('',(37.578821311366,-9.204156646944E-15,
    9.211647049513));
#1475 = CARTESIAN_POINT('',(37.584852653934,-9.205633899806E-15,
    9.264465415571));
#1476 = CARTESIAN_POINT('',(37.589832718031,-9.206853663735E-15,
    9.317364127621));
#1477 = CARTESIAN_POINT('',(37.59375087707,-9.207813335897E-15,
    9.370430193607));
#1478 = CARTESIAN_POINT('',(37.596632521732,-9.208519135304E-15,
    9.423772612635));
#1479 = CARTESIAN_POINT('',(37.598544726283,-9.208987490319E-15,
    9.477522055288));
#1480 = CARTESIAN_POINT('',(37.599605679695,-9.209247348973E-15,
    9.531830868792));
#1481 = CARTESIAN_POINT('',(37.599999750514,-9.20934386848E-15,
    9.586874205265));
#1482 = CARTESIAN_POINT('',(37.599999999992,-9.209343929587E-15,
    9.64285305787));
#1483 = CARTESIAN_POINT('',(37.6,-9.209343929588E-15,9.7));
#1484 = PCURVE('',#1238,#1485);
#1485 = DEFINITIONAL_REPRESENTATION('',(#1486),#1490);
#1486 = LINE('',#1487,#1488);
#1487 = CARTESIAN_POINT('',(6.28318530718,0.));
#1488 = VECTOR('',#1489,1.);
#1489 = DIRECTION('',(0.,1.));
#1490 = ( GEOMETRIC_REPRESENTATION_CONTEXT(2)
PARAMETRIC_REPRESENTATION_CONTEXT() REPRESENTATION_CONTEXT('2D SPACE',''
  ) );
#1491 = PCURVE('',#1238,#1492);
#1492 = DEFINITIONAL_REPRESENTATION('',(#1493),#1497);
#1493 = LINE('',#1494,#1495);
#1494 = CARTESIAN_POINT('',(0.,0.));
#1495 = VECTOR('',#1496,1.);
#1496 = DIRECTION('',(0.,1.));
#1497 = ( GEOMETRIC_REPRESENTATION_CONTEXT(2)
PARAMETRIC_REPRESENTATION_CONTEXT() REPRESENTATION_CONTEXT('2D SPACE',''
  ) );
#1498 = ORIENTED_EDGE('',*,*,#1499,.F.);
#1499 = EDGE_CURVE('',#1286,#1286,#1500,.T.);
#1500 = SURFACE_CURVE('',#1501,(#1506,#1513),.PCURVE_S1.);
#1501 = CIRCLE('',#1502,37.6);
#1502 = AXIS2_PLACEMENT_3D('',#1503,#1504,#1505);
#1503 = CARTESIAN_POINT('',(0.,0.,9.7));
#1504 = DIRECTION('',(0.,0.,1.));
#1505 = DIRECTION('',(1.,0.,0.));
#1506 = PCURVE('',#1238,#1507);
#1507 = DEFINITIONAL_REPRESENTATION('',(#1508),#1512);
#1508 = LINE('',#1509,#1510);
#1509 = CARTESIAN_POINT('',(0.,3.091673329568));
#1510 = VECTOR('',#1511,1.);
#1511 = DIRECTION('',(1.,0.));
#1512 = ( GEOMETRIC_REPRESENTATION_CONTEXT(2)
PARAMETRIC_REPRESENTATION_CONTEXT() REPRESENTATION_CONTEXT('2D SPACE',''
  ) );
#1513 = PCURVE('',#1514,#1519);
#1514 = CYLINDRICAL_SURFACE('',#1515,37.6);
#1515 = AXIS2_PLACEMENT_3D('',#1516,#1517,#1518);
#1516 = CARTESIAN_POINT('',(0.,0.,9.7));
#1517 = DIRECTION('',(0.,0.,1.));
#1518 = DIRECTION('',(1.,0.,-0.));
#1519 = DEFINITIONAL_REPRESENTATION('',(#1520),#1524);
#1520 = LINE('',#1521,#1522);
#1521 = CARTESIAN_POINT('',(0.,0.));
#1522 = VECTOR('',#1523,1.);
#1523 = DIRECTION('',(1.,0.));
#1524 = ( GEOMETRIC_REPRESENTATION_CONTEXT(2)
PARAMETRIC_REPRESENTATION_CONTEXT() REPRESENTATION_CONTEXT('2D SPACE',''
  ) );
#1525 = ORIENTED_EDGE('',*,*,#1285,.F.);
#1526 = ADVANCED_FACE('',(#1527),#1266,.T.);
#1527 = FACE_BOUND('',#1528,.T.);
#1528 = EDGE_LOOP('',(#1529,#1553,#1597,#1598));
#1529 = ORIENTED_EDGE('',*,*,#1530,.T.);
#1530 = EDGE_CURVE('',#1531,#1531,#1533,.T.);
#1531 = VERTEX_POINT('',#1532);
#1532 = CARTESIAN_POINT('',(28.5,0.,0.2));
#1533 = SURFACE_CURVE('',#1534,(#1539,#1546),.PCURVE_S1.);
#1534 = CIRCLE('',#1535,28.5);
#1535 = AXIS2_PLACEMENT_3D('',#1536,#1537,#1538);
#1536 = CARTESIAN_POINT('',(0.,0.,0.2));
#1537 = DIRECTION('',(0.,-0.,1.));
#1538 = DIRECTION('',(1.,0.,0.));
#1539 = PCURVE('',#1266,#1540);
#1540 = DEFINITIONAL_REPRESENTATION('',(#1541),#1545);
#1541 = LINE('',#1542,#1543);
#1542 = CARTESIAN_POINT('',(0.,0.));
#1543 = VECTOR('',#1544,1.);
#1544 = DIRECTION('',(1.,0.));
#1545 = ( GEOMETRIC_REPRESENTATION_CONTEXT(2)
PARAMETRIC_REPRESENTATION_CONTEXT() REPRESENTATION_CONTEXT('2D SPACE',''
  ) );
#1546 = PCURVE('',#1202,#1547);
#1547 = DEFINITIONAL_REPRESENTATION('',(#1548),#1552);
#1548 = CIRCLE('',#1549,28.5);
#1549 = AXIS2_PLACEMENT_2D('',#1550,#1551);
#1550 = CARTESIAN_POINT('',(0.,0.));
#1551 = DIRECTION('',(1.,-0.));
#1552 = ( GEOMETRIC_REPRESENTATION_CONTEXT(2)
PARAMETRIC_REPRESENTATION_CONTEXT() REPRESENTATION_CONTEXT('2D SPACE',''
  ) );
#1553 = ORIENTED_EDGE('',*,*,#1554,.T.);
#1554 = EDGE_CURVE('',#1531,#1219,#1555,.T.);
#1555 = SEAM_CURVE('',#1556,(#1583,#1590),.PCURVE_S1.);
#1556 = B_SPLINE_CURVE_WITH_KNOTS('',13,(#1557,#1558,#1559,#1560,#1561,
    #1562,#1563,#1564,#1565,#1566,#1567,#1568,#1569,#1570,#1571,#1572,
    #1573,#1574,#1575,#1576,#1577,#1578,#1579,#1580,#1581,#1582),
  .UNSPECIFIED.,.F.,.F.,(14,12,14),(0.,0.5,1.),.UNSPECIFIED.);
#1557 = CARTESIAN_POINT('',(28.5,-6.98048675514E-15,0.2));
#1558 = CARTESIAN_POINT('',(28.538235098063,-6.989851653231E-15,0.2));
#1559 = CARTESIAN_POINT('',(28.565090000168,-6.996429207213E-15,
    0.19997766153));
#1560 = CARTESIAN_POINT('',(28.586562767231,-7.001688518301E-15,
    0.202713283799));
#1561 = CARTESIAN_POINT('',(28.612677452116,-7.008084771358E-15,
    0.206520464245));
#1562 = CARTESIAN_POINT('',(28.660285126213,-7.019745288488E-15,
    0.211160597064));
#1563 = CARTESIAN_POINT('',(28.707617442077,-7.031338362325E-15,
    0.233007390127));
#1564 = CARTESIAN_POINT('',(28.773250870642,-7.047413915951E-15,
    0.251059544658));
#1565 = CARTESIAN_POINT('',(28.842973042337,-7.064490922845E-15,
    0.286041768375));
#1566 = CARTESIAN_POINT('',(28.923037244737,-7.084100996673E-15,
    0.322590209153));
#1567 = CARTESIAN_POINT('',(29.008777055159,-7.105101193559E-15,
    0.368479447693));
#1568 = CARTESIAN_POINT('',(29.099793043382,-7.127393681285E-15,
    0.419421275949));
#1569 = CARTESIAN_POINT('',(29.194199218475,-7.150516525315E-15,
    0.475561432486));
#1570 = CARTESIAN_POINT('',(29.386694424337,-7.197664252857E-15,
    0.59587093615));
#1571 = CARTESIAN_POINT('',(29.484779359068,-7.221688133131E-15,
    0.660060957824));
#1572 = CARTESIAN_POINT('',(29.583106721187,-7.245771390984E-15,
    0.727302823906));
#1573 = CARTESIAN_POINT('',(29.680089075199,-7.269525216877E-15,
    0.796566319185));
#1574 = CARTESIAN_POINT('',(29.774225334161,-7.292581950504E-15,
    0.866783110869));
#1575 = CARTESIAN_POINT('',(29.864207047352,-7.314621113937E-15,
    0.936956642893));
#1576 = CARTESIAN_POINT('',(29.949012920478,-7.335392562121E-15,
    1.006227387383));
#1577 = CARTESIAN_POINT('',(30.028006209896,-7.354740337959E-15,
    1.073905530824));
#1578 = CARTESIAN_POINT('',(30.101066825615,-7.372635027773E-15,
    1.139551367802));
#1579 = CARTESIAN_POINT('',(30.168770557872,-7.389217659587E-15,
    1.203162123034));
#1580 = CARTESIAN_POINT('',(30.2325717998,-7.404844456922E-15,
    1.26541262313));
#1581 = CARTESIAN_POINT('',(30.294853480321,-7.420099069063E-15,
    1.327696192795));
#1582 = CARTESIAN_POINT('',(30.358578643763,-7.435707232549E-15,
    1.391421356237));
#1583 = PCURVE('',#1266,#1584);
#1584 = DEFINITIONAL_REPRESENTATION('',(#1585),#1589);
#1585 = LINE('',#1586,#1587);
#1586 = CARTESIAN_POINT('',(6.28318530718,0.));
#1587 = VECTOR('',#1588,1.);
#1588 = DIRECTION('',(0.,1.));
#1589 = ( GEOMETRIC_REPRESENTATION_CONTEXT(2)
PARAMETRIC_REPRESENTATION_CONTEXT() REPRESENTATION_CONTEXT('2D SPACE',''
  ) );
#1590 = PCURVE('',#1266,#1591);
#1591 = DEFINITIONAL_REPRESENTATION('',(#1592),#1596);
#1592 = LINE('',#1593,#1594);
#1593 = CARTESIAN_POINT('',(0.,0.));
#1594 = VECTOR('',#1595,1.);
#1595 = DIRECTION('',(0.,1.));
#1596 = ( GEOMETRIC_REPRESENTATION_CONTEXT(2)
PARAMETRIC_REPRESENTATION_CONTEXT() REPRESENTATION_CONTEXT('2D SPACE',''
  ) );
#1597 = ORIENTED_EDGE('',*,*,#1218,.F.);
#1598 = ORIENTED_EDGE('',*,*,#1554,.F.);
#1599 = ADVANCED_FACE('',(#1600,#1603),#1202,.F.);
#1600 = FACE_BOUND('',#1601,.T.);
#1601 = EDGE_LOOP('',(#1602));
#1602 = ORIENTED_EDGE('',*,*,#1187,.T.);
#1603 = FACE_BOUND('',#1604,.T.);
#1604 = EDGE_LOOP('',(#1605));
#1605 = ORIENTED_EDGE('',*,*,#1530,.F.);
#1606 = ADVANCED_FACE('',(#1607),#1514,.T.);
#1607 = FACE_BOUND('',#1608,.T.);
#1608 = EDGE_LOOP('',(#1609,#1610,#1633,#1676));
#1609 = ORIENTED_EDGE('',*,*,#1499,.T.);
#1610 = ORIENTED_EDGE('',*,*,#1611,.T.);
#1611 = EDGE_CURVE('',#1286,#1612,#1614,.T.);
#1612 = VERTEX_POINT('',#1613);
#1613 = CARTESIAN_POINT('',(37.6,0.,100.5));
#1614 = SEAM_CURVE('',#1615,(#1619,#1626),.PCURVE_S1.);
#1615 = LINE('',#1616,#1617);
#1616 = CARTESIAN_POINT('',(37.6,0.,9.7));
#1617 = VECTOR('',#1618,1.);
#1618 = DIRECTION('',(0.,0.,1.));
#1619 = PCURVE('',#1514,#1620);
#1620 = DEFINITIONAL_REPRESENTATION('',(#1621),#1625);
#1621 = LINE('',#1622,#1623);
#1622 = CARTESIAN_POINT('',(6.28318530718,0.));
#1623 = VECTOR('',#1624,1.);
#1624 = DIRECTION('',(0.,1.));
#1625 = ( GEOMETRIC_REPRESENTATION_CONTEXT(2)
PARAMETRIC_REPRESENTATION_CONTEXT() REPRESENTATION_CONTEXT('2D SPACE',''
  ) );
#1626 = PCURVE('',#1514,#1627);
#1627 = DEFINITIONAL_REPRESENTATION('',(#1628),#1632);
#1628 = LINE('',#1629,#1630);
#1629 = CARTESIAN_POINT('',(0.,0.));
#1630 = VECTOR('',#1631,1.);
#1631 = DIRECTION('',(0.,1.));
#1632 = ( GEOMETRIC_REPRESENTATION_CONTEXT(2)
PARAMETRIC_REPRESENTATION_CONTEXT() REPRESENTATION_CONTEXT('2D SPACE',''
  ) );
#1633 = ORIENTED_EDGE('',*,*,#1634,.F.);
#1634 = EDGE_CURVE('',#1612,#1612,#1635,.T.);
#1635 = SURFACE_CURVE('',#1636,(#1641,#1648),.PCURVE_S1.);
#1636 = CIRCLE('',#1637,37.6);
#1637 = AXIS2_PLACEMENT_3D('',#1638,#1639,#1640);
#1638 = CARTESIAN_POINT('',(0.,0.,100.5));
#1639 = DIRECTION('',(0.,0.,1.));
#1640 = DIRECTION('',(1.,0.,0.));
#1641 = PCURVE('',#1514,#1642);
#1642 = DEFINITIONAL_REPRESENTATION('',(#1643),#1647);
#1643 = LINE('',#1644,#1645);
#1644 = CARTESIAN_POINT('',(0.,90.8));
#1645 = VECTOR('',#1646,1.);
#1646 = DIRECTION('',(1.,0.));
#1647 = ( GEOMETRIC_REPRESENTATION_CONTEXT(2)
PARAMETRIC_REPRESENTATION_CONTEXT() REPRESENTATION_CONTEXT('2D SPACE',''
  ) );
#1648 = PCURVE('',#1649,#1670);
#1649 = OFFSET_SURFACE('',#1650,-0.2,.F.);
#1650 = SURFACE_OF_REVOLUTION('',#1651,#1667);
#1651 = B_SPLINE_CURVE_WITH_KNOTS('',5,(#1652,#1653,#1654,#1655,#1656,
    #1657,#1658,#1659,#1660,#1661,#1662,#1663,#1664,#1665,#1666),
  .UNSPECIFIED.,.F.,.F.,(6,3,3,3,6),(0.,1.,3.333661039486,6.054941657819
    ,8.133905876604),.UNSPECIFIED.);
#1652 = CARTESIAN_POINT('',(37.8,0.,100.5));
#1653 = CARTESIAN_POINT('',(37.8,0.,100.8815245626));
#1654 = CARTESIAN_POINT('',(37.8,0.,101.2630491252));
#1655 = CARTESIAN_POINT('',(37.724996502642,0.,101.642533025));
#1656 = CARTESIAN_POINT('',(37.599990043165,0.,102.90510209662));
#1657 = CARTESIAN_POINT('',(37.474983583688,0.,104.16767116824));
#1658 = CARTESIAN_POINT('',(37.356158153613,0.,105.07949040656));
#1659 = CARTESIAN_POINT('',(36.970421181318,0.,106.94288776148));
#1660 = CARTESIAN_POINT('',(36.584684209022,0.,108.80628511641));
#1661 = CARTESIAN_POINT('',(36.211947397553,0.,110.03663286579));
#1662 = CARTESIAN_POINT('',(35.407625572502,0.,111.50369389662));
#1663 = CARTESIAN_POINT('',(34.603303747451,0.,112.97075492744));
#1664 = CARTESIAN_POINT('',(32.6,0.,112.97075492744));
#1665 = CARTESIAN_POINT('',(32.6,0.,113.78537746372));
#1666 = CARTESIAN_POINT('',(32.6,0.,114.6));
#1667 = AXIS1_PLACEMENT('',#1668,#1669);
#1668 = CARTESIAN_POINT('',(0.,0.,0.));
#1669 = DIRECTION('',(0.,0.,1.));
#1670 = DEFINITIONAL_REPRESENTATION('',(#1671),#1675);
#1671 = LINE('',#1672,#1673);
#1672 = CARTESIAN_POINT('',(0.,0.));
#1673 = VECTOR('',#1674,1.);
#1674 = DIRECTION('',(1.,0.));
#1675 = ( GEOMETRIC_REPRESENTATION_CONTEXT(2)
PARAMETRIC_REPRESENTATION_CONTEXT() REPRESENTATION_CONTEXT('2D SPACE',''
  ) );
#1676 = ORIENTED_EDGE('',*,*,#1611,.F.);
#1677 = ADVANCED_FACE('',(#1678),#1691,.T.);
#1678 = FACE_BOUND('',#1679,.T.);
#1679 = EDGE_LOOP('',(#1680,#1721,#1763,#1790));
#1680 = ORIENTED_EDGE('',*,*,#1681,.T.);
#1681 = EDGE_CURVE('',#1682,#1682,#1684,.T.);
#1682 = VERTEX_POINT('',#1683);
#1683 = CARTESIAN_POINT('',(32.4,0.,116.));
#1684 = SURFACE_CURVE('',#1685,(#1690,#1709),.PCURVE_S1.);
#1685 = CIRCLE('',#1686,32.4);
#1686 = AXIS2_PLACEMENT_3D('',#1687,#1688,#1689);
#1687 = CARTESIAN_POINT('',(0.,0.,116.));
#1688 = DIRECTION('',(0.,0.,1.));
#1689 = DIRECTION('',(1.,0.,0.));
#1690 = PCURVE('',#1691,#1703);
#1691 = OFFSET_SURFACE('',#1692,-0.2,.F.);
#1692 = SURFACE_OF_REVOLUTION('',#1693,#1700);
#1693 = B_SPLINE_CURVE_WITH_KNOTS('',5,(#1694,#1695,#1696,#1697,#1698,
    #1699),.UNSPECIFIED.,.F.,.F.,(6,6),(0.,1.),
  .PIECEWISE_BEZIER_KNOTS.);
#1694 = CARTESIAN_POINT('',(32.6,0.,116.));
#1695 = CARTESIAN_POINT('',(32.6,0.,116.14580317395));
#1696 = CARTESIAN_POINT('',(32.6,0.,116.29160634791));
#1697 = CARTESIAN_POINT('',(32.834903320081,0.,116.55));
#1698 = CARTESIAN_POINT('',(32.967451660041,0.,116.55));
#1699 = CARTESIAN_POINT('',(33.1,0.,116.55));
#1700 = AXIS1_PLACEMENT('',#1701,#1702);
#1701 = CARTESIAN_POINT('',(0.,0.,0.));
#1702 = DIRECTION('',(0.,0.,1.));
#1703 = DEFINITIONAL_REPRESENTATION('',(#1704),#1708);
#1704 = LINE('',#1705,#1706);
#1705 = CARTESIAN_POINT('',(0.,0.));
#1706 = VECTOR('',#1707,1.);
#1707 = DIRECTION('',(1.,0.));
#1708 = ( GEOMETRIC_REPRESENTATION_CONTEXT(2)
PARAMETRIC_REPRESENTATION_CONTEXT() REPRESENTATION_CONTEXT('2D SPACE',''
  ) );
#1709 = PCURVE('',#1710,#1715);
#1710 = CYLINDRICAL_SURFACE('',#1711,32.4);
#1711 = AXIS2_PLACEMENT_3D('',#1712,#1713,#1714);
#1712 = CARTESIAN_POINT('',(0.,0.,114.6));
#1713 = DIRECTION('',(0.,0.,1.));
#1714 = DIRECTION('',(1.,0.,-0.));
#1715 = DEFINITIONAL_REPRESENTATION('',(#1716),#1720);
#1716 = LINE('',#1717,#1718);
#1717 = CARTESIAN_POINT('',(0.,1.4));
#1718 = VECTOR('',#1719,1.);
#1719 = DIRECTION('',(1.,0.));
#1720 = ( GEOMETRIC_REPRESENTATION_CONTEXT(2)
PARAMETRIC_REPRESENTATION_CONTEXT() REPRESENTATION_CONTEXT('2D SPACE',''
  ) );
#1721 = ORIENTED_EDGE('',*,*,#1722,.T.);
#1722 = EDGE_CURVE('',#1682,#1723,#1725,.T.);
#1723 = VERTEX_POINT('',#1724);
#1724 = CARTESIAN_POINT('',(33.1,0.,116.75));
#1725 = SEAM_CURVE('',#1726,(#1749,#1756),.PCURVE_S1.);
#1726 = B_SPLINE_CURVE_WITH_KNOTS('',11,(#1727,#1728,#1729,#1730,#1731,
    #1732,#1733,#1734,#1735,#1736,#1737,#1738,#1739,#1740,#1741,#1742,
    #1743,#1744,#1745,#1746,#1747,#1748),.UNSPECIFIED.,.F.,.F.,(12,10,12
    ),(0.,0.5,1.),.UNSPECIFIED.);
#1727 = CARTESIAN_POINT('',(32.4,-7.935711258475E-15,116.));
#1728 = CARTESIAN_POINT('',(32.399999999999,-7.935711258475E-15,
    116.03313708498));
#1729 = CARTESIAN_POINT('',(32.400010422136,-7.935713811162E-15,
    116.07507576965));
#1730 = CARTESIAN_POINT('',(32.401729248564,-7.936134802219E-15,
    116.12417379287));
#1731 = CARTESIAN_POINT('',(32.408457057528,-7.93778264016E-15,
    116.17747873379));
#1732 = CARTESIAN_POINT('',(32.421822899058,-7.941056327172E-15,
    116.23139969131));
#1733 = CARTESIAN_POINT('',(32.440549295682,-7.945642971506E-15,
    116.28447154755));
#1734 = CARTESIAN_POINT('',(32.463898179064,-7.951361798568E-15,
    116.33644369417));
#1735 = CARTESIAN_POINT('',(32.492088543714,-7.958266446534E-15,
    116.38683123998));
#1736 = CARTESIAN_POINT('',(32.524070763276,-7.966099831098E-15,
    116.43507451056));
#1737 = CARTESIAN_POINT('',(32.559678960309,-7.974821324002E-15,
    116.48078569059));
#1738 = CARTESIAN_POINT('',(32.637238229146,-7.993817866067E-15,
    116.56610088631));
#1739 = CARTESIAN_POINT('',(32.679187143829,-8.004092386886E-15,
    116.60570760146));
#1740 = CARTESIAN_POINT('',(32.724037784481,-8.015077625587E-15,
    116.64178824277));
#1741 = CARTESIAN_POINT('',(32.770972364672,-8.02657328227E-15,
    116.67371907028));
#1742 = CARTESIAN_POINT('',(32.821182253451,-8.038871158181E-15,
    116.70137309016));
#1743 = CARTESIAN_POINT('',(32.871610469946,-8.05122250897E-15,
    116.72294392565));
#1744 = CARTESIAN_POINT('',(32.926073054268,-8.064561994878E-15,
    116.74035930845));
#1745 = CARTESIAN_POINT('',(32.979900611822,-8.077745944094E-15,
    116.7479943387));
#1746 = CARTESIAN_POINT('',(33.029105368887,-8.089797633741E-15,
    116.75000644474));
#1747 = CARTESIAN_POINT('',(33.069875377282,-8.099783405798E-15,116.75)
  );
#1748 = CARTESIAN_POINT('',(33.1,-8.107161810355E-15,116.75));
#1749 = PCURVE('',#1691,#1750);
#1750 = DEFINITIONAL_REPRESENTATION('',(#1751),#1755);
#1751 = LINE('',#1752,#1753);
#1752 = CARTESIAN_POINT('',(6.28318530718,0.));
#1753 = VECTOR('',#1754,1.);
#1754 = DIRECTION('',(0.,1.));
#1755 = ( GEOMETRIC_REPRESENTATION_CONTEXT(2)
PARAMETRIC_REPRESENTATION_CONTEXT() REPRESENTATION_CONTEXT('2D SPACE',''
  ) );
#1756 = PCURVE('',#1691,#1757);
#1757 = DEFINITIONAL_REPRESENTATION('',(#1758),#1762);
#1758 = LINE('',#1759,#1760);
#1759 = CARTESIAN_POINT('',(0.,0.));
#1760 = VECTOR('',#1761,1.);
#1761 = DIRECTION('',(0.,1.));
#1762 = ( GEOMETRIC_REPRESENTATION_CONTEXT(2)
PARAMETRIC_REPRESENTATION_CONTEXT() REPRESENTATION_CONTEXT('2D SPACE',''
  ) );
#1763 = ORIENTED_EDGE('',*,*,#1764,.F.);
#1764 = EDGE_CURVE('',#1723,#1723,#1765,.T.);
#1765 = SURFACE_CURVE('',#1766,(#1771,#1778),.PCURVE_S1.);
#1766 = CIRCLE('',#1767,33.1);
#1767 = AXIS2_PLACEMENT_3D('',#1768,#1769,#1770);
#1768 = CARTESIAN_POINT('',(0.,0.,116.75));
#1769 = DIRECTION('',(0.,-0.,1.));
#1770 = DIRECTION('',(1.,0.,0.));
#1771 = PCURVE('',#1691,#1772);
#1772 = DEFINITIONAL_REPRESENTATION('',(#1773),#1777);
#1773 = LINE('',#1774,#1775);
#1774 = CARTESIAN_POINT('',(0.,1.));
#1775 = VECTOR('',#1776,1.);
#1776 = DIRECTION('',(1.,0.));
#1777 = ( GEOMETRIC_REPRESENTATION_CONTEXT(2)
PARAMETRIC_REPRESENTATION_CONTEXT() REPRESENTATION_CONTEXT('2D SPACE',''
  ) );
#1778 = PCURVE('',#1779,#1784);
#1779 = PLANE('',#1780);
#1780 = AXIS2_PLACEMENT_3D('',#1781,#1782,#1783);
#1781 = CARTESIAN_POINT('',(0.,0.,116.75));
#1782 = DIRECTION('',(0.,0.,1.));
#1783 = DIRECTION('',(1.,0.,-0.));
#1784 = DEFINITIONAL_REPRESENTATION('',(#1785),#1789);
#1785 = CIRCLE('',#1786,33.1);
#1786 = AXIS2_PLACEMENT_2D('',#1787,#1788);
#1787 = CARTESIAN_POINT('',(0.,0.));
#1788 = DIRECTION('',(1.,-0.));
#1789 = ( GEOMETRIC_REPRESENTATION_CONTEXT(2)
PARAMETRIC_REPRESENTATION_CONTEXT() REPRESENTATION_CONTEXT('2D SPACE',''
  ) );
#1790 = ORIENTED_EDGE('',*,*,#1722,.F.);
#1791 = ADVANCED_FACE('',(#1792),#1710,.T.);
#1792 = FACE_BOUND('',#1793,.T.);
#1793 = EDGE_LOOP('',(#1794,#1818,#1839,#1840));
#1794 = ORIENTED_EDGE('',*,*,#1795,.T.);
#1795 = EDGE_CURVE('',#1796,#1796,#1798,.T.);
#1796 = VERTEX_POINT('',#1797);
#1797 = CARTESIAN_POINT('',(32.4,0.,114.6));
#1798 = SURFACE_CURVE('',#1799,(#1804,#1811),.PCURVE_S1.);
#1799 = CIRCLE('',#1800,32.4);
#1800 = AXIS2_PLACEMENT_3D('',#1801,#1802,#1803);
#1801 = CARTESIAN_POINT('',(0.,0.,114.6));
#1802 = DIRECTION('',(0.,0.,1.));
#1803 = DIRECTION('',(1.,0.,0.));
#1804 = PCURVE('',#1710,#1805);
#1805 = DEFINITIONAL_REPRESENTATION('',(#1806),#1810);
#1806 = LINE('',#1807,#1808);
#1807 = CARTESIAN_POINT('',(0.,0.));
#1808 = VECTOR('',#1809,1.);
#1809 = DIRECTION('',(1.,0.));
#1810 = ( GEOMETRIC_REPRESENTATION_CONTEXT(2)
PARAMETRIC_REPRESENTATION_CONTEXT() REPRESENTATION_CONTEXT('2D SPACE',''
  ) );
#1811 = PCURVE('',#1649,#1812);
#1812 = DEFINITIONAL_REPRESENTATION('',(#1813),#1817);
#1813 = LINE('',#1814,#1815);
#1814 = CARTESIAN_POINT('',(0.,8.133905876604));
#1815 = VECTOR('',#1816,1.);
#1816 = DIRECTION('',(1.,0.));
#1817 = ( GEOMETRIC_REPRESENTATION_CONTEXT(2)
PARAMETRIC_REPRESENTATION_CONTEXT() REPRESENTATION_CONTEXT('2D SPACE',''
  ) );
#1818 = ORIENTED_EDGE('',*,*,#1819,.T.);
#1819 = EDGE_CURVE('',#1796,#1682,#1820,.T.);
#1820 = SEAM_CURVE('',#1821,(#1825,#1832),.PCURVE_S1.);
#1821 = LINE('',#1822,#1823);
#1822 = CARTESIAN_POINT('',(32.4,0.,114.6));
#1823 = VECTOR('',#1824,1.);
#1824 = DIRECTION('',(0.,0.,1.));
#1825 = PCURVE('',#1710,#1826);
#1826 = DEFINITIONAL_REPRESENTATION('',(#1827),#1831);
#1827 = LINE('',#1828,#1829);
#1828 = CARTESIAN_POINT('',(6.28318530718,0.));
#1829 = VECTOR('',#1830,1.);
#1830 = DIRECTION('',(0.,1.));
#1831 = ( GEOMETRIC_REPRESENTATION_CONTEXT(2)
PARAMETRIC_REPRESENTATION_CONTEXT() REPRESENTATION_CONTEXT('2D SPACE',''
  ) );
#1832 = PCURVE('',#1710,#1833);
#1833 = DEFINITIONAL_REPRESENTATION('',(#1834),#1838);
#1834 = LINE('',#1835,#1836);
#1835 = CARTESIAN_POINT('',(0.,0.));
#1836 = VECTOR('',#1837,1.);
#1837 = DIRECTION('',(0.,1.));
#1838 = ( GEOMETRIC_REPRESENTATION_CONTEXT(2)
PARAMETRIC_REPRESENTATION_CONTEXT() REPRESENTATION_CONTEXT('2D SPACE',''
  ) );
#1839 = ORIENTED_EDGE('',*,*,#1681,.F.);
#1840 = ORIENTED_EDGE('',*,*,#1819,.F.);
#1841 = ADVANCED_FACE('',(#1842),#1649,.T.);
#1842 = FACE_BOUND('',#1843,.T.);
#1843 = EDGE_LOOP('',(#1844,#1845,#2099,#2100));
#1844 = ORIENTED_EDGE('',*,*,#1634,.T.);
#1845 = ORIENTED_EDGE('',*,*,#1846,.T.);
#1846 = EDGE_CURVE('',#1612,#1796,#1847,.T.);
#1847 = SEAM_CURVE('',#1848,(#2085,#2092),.PCURVE_S1.);
#1848 = B_SPLINE_CURVE_WITH_KNOTS('',14,(#1849,#1850,#1851,#1852,#1853,
    #1854,#1855,#1856,#1857,#1858,#1859,#1860,#1861,#1862,#1863,#1864,
    #1865,#1866,#1867,#1868,#1869,#1870,#1871,#1872,#1873,#1874,#1875,
    #1876,#1877,#1878,#1879,#1880,#1881,#1882,#1883,#1884,#1885,#1886,
    #1887,#1888,#1889,#1890,#1891,#1892,#1893,#1894,#1895,#1896,#1897,
    #1898,#1899,#1900,#1901,#1902,#1903,#1904,#1905,#1906,#1907,#1908,
    #1909,#1910,#1911,#1912,#1913,#1914,#1915,#1916,#1917,#1918,#1919,
    #1920,#1921,#1922,#1923,#1924,#1925,#1926,#1927,#1928,#1929,#1930,
    #1931,#1932,#1933,#1934,#1935,#1936,#1937,#1938,#1939,#1940,#1941,
    #1942,#1943,#1944,#1945,#1946,#1947,#1948,#1949,#1950,#1951,#1952,
    #1953,#1954,#1955,#1956,#1957,#1958,#1959,#1960,#1961,#1962,#1963,
    #1964,#1965,#1966,#1967,#1968,#1969,#1970,#1971,#1972,#1973,#1974,
    #1975,#1976,#1977,#1978,#1979,#1980,#1981,#1982,#1983,#1984,#1985,
    #1986,#1987,#1988,#1989,#1990,#1991,#1992,#1993,#1994,#1995,#1996,
    #1997,#1998,#1999,#2000,#2001,#2002,#2003,#2004,#2005,#2006,#2007,
    #2008,#2009,#2010,#2011,#2012,#2013,#2014,#2015,#2016,#2017,#2018,
    #2019,#2020,#2021,#2022,#2023,#2024,#2025,#2026,#2027,#2028,#2029,
    #2030,#2031,#2032,#2033,#2034,#2035,#2036,#2037,#2038,#2039,#2040,
    #2041,#2042,#2043,#2044,#2045,#2046,#2047,#2048,#2049,#2050,#2051,
    #2052,#2053,#2054,#2055,#2056,#2057,#2058,#2059,#2060,#2061,#2062,
    #2063,#2064,#2065,#2066,#2067,#2068,#2069,#2070,#2071,#2072,#2073,
    #2074,#2075,#2076,#2077,#2078,#2079,#2080,#2081,#2082,#2083,#2084),
  .UNSPECIFIED.,.F.,.F.,(15,13,13,13,13,13,13,13,13,13,13,13,13,13,13,13
    ,13,13,15),(0.,0.508369117288,0.762553675932,0.889645955254,
    1.016738234575,2.033476469151,3.050214703726,3.30439926237,
    3.558583821014,4.066952938302,5.083691172877,5.592060290165,
    5.846244848809,5.973337128131,6.036883267792,6.068656337622,
    6.100429407453,7.117167642028,8.133905876604),.UNSPECIFIED.);
#1849 = CARTESIAN_POINT('',(37.6,-9.209343929588E-15,100.5));
#1850 = CARTESIAN_POINT('',(37.599999999987,-9.209343929585E-15,
    100.56926975179));
#1851 = CARTESIAN_POINT('',(37.599998093673,-9.209343462671E-15,
    100.63787018498));
#1852 = CARTESIAN_POINT('',(37.5997280441,-9.209277319609E-15,
    100.70593436768));
#1853 = CARTESIAN_POINT('',(37.598989772152,-9.209096495119E-15,
    100.77358581311));
#1854 = CARTESIAN_POINT('',(37.597640525243,-9.208766024956E-15,
    100.84093800267));
#1855 = CARTESIAN_POINT('',(37.595586815422,-9.208263011108E-15,
    100.90809399798));
#1856 = CARTESIAN_POINT('',(37.592777086675,-9.20757482605E-15,
    100.97514605205));
#1857 = CARTESIAN_POINT('',(37.589195173775,-9.206697510427E-15,
    101.04217536148));
#1858 = CARTESIAN_POINT('',(37.584854470669,-9.205634344771E-15,
    101.10925176914));
#1859 = CARTESIAN_POINT('',(37.579792900621,-9.204394617686E-15,
    101.17643363645));
#1860 = CARTESIAN_POINT('',(37.574068599077,-9.202992568153E-15,
    101.2437676686));
#1861 = CARTESIAN_POINT('',(37.56775638315,-9.201446521158E-15,
    101.31128887713));
#1862 = CARTESIAN_POINT('',(37.560944955111,-9.199778202445E-15,
    101.37902054506));
#1863 = CARTESIAN_POINT('',(37.55012983015,-9.197129260812E-15,
    101.48095114534));
#1864 = CARTESIAN_POINT('',(37.546424753586,-9.196221778781E-15,
    101.51498364371));
#1865 = CARTESIAN_POINT('',(37.5426316798,-9.195292743648E-15,
    101.54907328452));
#1866 = CARTESIAN_POINT('',(37.538763177652,-9.194345233891E-15,
    101.5832209136));
#1867 = CARTESIAN_POINT('',(37.534832159562,-9.193382412151E-15,
    101.61742670565));
#1868 = CARTESIAN_POINT('',(37.530851693413,-9.192407479116E-15,
    101.65169016037));
#1869 = CARTESIAN_POINT('',(37.526834815644,-9.191423627833E-15,
    101.68601009578));
#1870 = CARTESIAN_POINT('',(37.522794342221,-9.190433997238E-15,
    101.72038464402));
#1871 = CARTESIAN_POINT('',(37.518742682452,-9.189441626835E-15,
    101.75481124568));
#1872 = CARTESIAN_POINT('',(37.514691649881,-9.188449409994E-15,
    101.78928664455));
#1873 = CARTESIAN_POINT('',(37.510652275479,-9.187460048626E-15,
    101.82380688256));
#1874 = CARTESIAN_POINT('',(37.506634619491,-9.186476006707E-15,
    101.85836729437));
#1875 = CARTESIAN_POINT('',(37.502647583816,-9.185499464615E-15,
    101.89296250226));
#1876 = CARTESIAN_POINT('',(37.496724294533,-9.184048677162E-15,
    101.94489836505));
#1877 = CARTESIAN_POINT('',(37.494759332702,-9.183567400322E-15,
    101.96221748866));
#1878 = CARTESIAN_POINT('',(37.492804843623,-9.183088688549E-15,
    101.97954301842));
#1879 = CARTESIAN_POINT('',(37.490861714793,-9.182612759284E-15,
    101.99687414639));
#1880 = CARTESIAN_POINT('',(37.488930715615,-9.182139800823E-15,
    102.01421001201));
#1881 = CARTESIAN_POINT('',(37.487012499038,-9.181669973374E-15,
    102.03154971869));
#1882 = CARTESIAN_POINT('',(37.485107598795,-9.181203407234E-15,
    102.04889230552));
#1883 = CARTESIAN_POINT('',(37.48321643317,-9.180740205401E-15,
    102.06623678731));
#1884 = CARTESIAN_POINT('',(37.481339300772,-9.180280440429E-15,
    102.08358210687));
#1885 = CARTESIAN_POINT('',(37.479476384475,-9.179824157631E-15,
    102.10092718327));
#1886 = CARTESIAN_POINT('',(37.477627748348,-9.179371372311E-15,
    102.11827087035));
#1887 = CARTESIAN_POINT('',(37.475793339655,-9.17892207179E-15,
    102.13561198693));
#1888 = CARTESIAN_POINT('',(37.473972987774,-9.178476214161E-15,
    102.15294929837));
#1889 = CARTESIAN_POINT('',(37.470359821565,-9.177591243676E-15,
    102.18761375325));
#1890 = CARTESIAN_POINT('',(37.468566979638,-9.177152124049E-15,
    102.20494217853));
#1891 = CARTESIAN_POINT('',(37.466787349475,-9.176716240377E-15,
    102.22225617703));
#1892 = CARTESIAN_POINT('',(37.465020632862,-9.176283519598E-15,
    102.23958391504));
#1893 = CARTESIAN_POINT('',(37.463266562077,-9.175853896183E-15,
    102.25687516021));
#1894 = CARTESIAN_POINT('',(37.461523173629,-9.175426889135E-15,
    102.274163222));
#1895 = CARTESIAN_POINT('',(37.459789979023,-9.175002378932E-15,
    102.29146339585));
#1896 = CARTESIAN_POINT('',(37.458067258884,-9.174580434145E-15,
    102.30873030694));
#1897 = CARTESIAN_POINT('',(37.456352634095,-9.174160472234E-15,
    102.32595774597));
#1898 = CARTESIAN_POINT('',(37.454642387255,-9.17374158254E-15,
    102.3432071838));
#1899 = CARTESIAN_POINT('',(37.452937370883,-9.173323973989E-15,
    102.36046105498));
#1900 = CARTESIAN_POINT('',(37.451240052439,-9.172908250862E-15,
    102.37759947793));
#1901 = CARTESIAN_POINT('',(37.449536973722,-9.172491116884E-15,
    102.39480043395));
#1902 = CARTESIAN_POINT('',(37.434218740911,-9.168739231927E-15,
    102.54949945943));
#1903 = CARTESIAN_POINT('',(37.420596476253,-9.165402739371E-15,
    102.68694177216));
#1904 = CARTESIAN_POINT('',(37.406897155194,-9.162047373415E-15,
    102.82437531445));
#1905 = CARTESIAN_POINT('',(37.393050613673,-9.158655948905E-15,
    102.96184109283));
#1906 = CARTESIAN_POINT('',(37.378988154288,-9.155211639657E-15,
    103.09936380163));
#1907 = CARTESIAN_POINT('',(37.364643167318,-9.151698131289E-15,
    103.23695364789));
#1908 = CARTESIAN_POINT('',(37.349951771894,-9.148099777084E-15,
    103.37460821218));
#1909 = CARTESIAN_POINT('',(37.33485342627,-9.144401749085E-15,
    103.51231425051));
#1910 = CARTESIAN_POINT('',(37.319291578172,-9.140590195485E-15,
    103.65004957699));
#1911 = CARTESIAN_POINT('',(37.303214270946,-9.136652390993E-15,
    103.78778485328));
#1912 = CARTESIAN_POINT('',(37.286574791266,-9.132576893845E-15,
    103.92548546901));
#1913 = CARTESIAN_POINT('',(37.269332283545,-9.128353697485E-15,
    104.06311334707));
#1914 = CARTESIAN_POINT('',(37.251452386968,-9.123974385857E-15,
    104.20062880123));
#1915 = CARTESIAN_POINT('',(37.214363332305,-9.114890187444E-15,
    104.47535592544));
#1916 = CARTESIAN_POINT('',(37.195153969922,-9.110185250609E-15,
    104.61256790304));
#1917 = CARTESIAN_POINT('',(37.175252634762,-9.105310829337E-15,
    104.74958900794));
#1918 = CARTESIAN_POINT('',(37.154639103289,-9.100261970256E-15,
    104.88638050416));
#1919 = CARTESIAN_POINT('',(37.133300696507,-9.095035567955E-15,
    105.02290613851));
#1920 = CARTESIAN_POINT('',(37.111232912106,-9.089630519652E-15,
    105.1591340855));
#1921 = CARTESIAN_POINT('',(37.088440055142,-9.084047879757E-15,
    105.29503887001));
#1922 = CARTESIAN_POINT('',(37.064935868554,-9.078291014439E-15,
    105.43060331928));
#1923 = CARTESIAN_POINT('',(37.040744166619,-9.072365756304E-15,
    105.56582048154));
#1924 = CARTESIAN_POINT('',(37.015899462501,-9.066280558886E-15,
    105.7006955776));
#1925 = CARTESIAN_POINT('',(36.990447603651,-9.060046651355E-15,
    105.83524792428));
#1926 = CARTESIAN_POINT('',(36.964446399126,-9.053678192993E-15,
    105.96951287829));
#1927 = CARTESIAN_POINT('',(36.937966253697,-9.04719242792E-15,
    106.10354376794));
#1928 = CARTESIAN_POINT('',(36.904371933062,-9.038964192473E-15,
    106.27088134593));
#1929 = CARTESIAN_POINT('',(36.897628387338,-9.03731250014E-15,
    106.30433881521));
#1930 = CARTESIAN_POINT('',(36.890861462438,-9.035655081539E-15,
    106.33778735839));
#1931 = CARTESIAN_POINT('',(36.884072520655,-9.033992270418E-15,
    106.37122818508));
#1932 = CARTESIAN_POINT('',(36.877262977154,-9.032324413206E-15,
    106.40466257766));
#1933 = CARTESIAN_POINT('',(36.870434314069,-9.030651873252E-15,
    106.43809192485));
#1934 = CARTESIAN_POINT('',(36.863588057412,-9.028975023835E-15,
    106.4715176667));
#1935 = CARTESIAN_POINT('',(36.856725808623,-9.027294257798E-15,
    106.50494136973));
#1936 = CARTESIAN_POINT('',(36.849849208134,-9.025609976297E-15,
    106.53836464022));
#1937 = CARTESIAN_POINT('',(36.842959971169,-9.023922600002E-15,
    106.57178920927));
#1938 = CARTESIAN_POINT('',(36.836059857763,-9.022232559582E-15,
    106.60521686174));
#1939 = CARTESIAN_POINT('',(36.829150694108,-9.020540302578E-15,
    106.63864948668));
#1940 = CARTESIAN_POINT('',(36.82223435973,-9.018846289218E-15,
    106.67208904718));
#1941 = CARTESIAN_POINT('',(36.808391228054,-9.01545569984E-15,
    106.73898614344));
#1942 = CARTESIAN_POINT('',(36.801465952102,-9.013759496434E-15,
    106.77243349497));
#1943 = CARTESIAN_POINT('',(36.794524255797,-9.012059271201E-15,
    106.80596342691));
#1944 = CARTESIAN_POINT('',(36.787618386955,-9.010367821173E-15,
    106.83934669097));
#1945 = CARTESIAN_POINT('',(36.780693120914,-9.008671620178E-15,
    106.87277849322));
#1946 = CARTESIAN_POINT('',(36.773747677913,-9.006970477301E-15,
    106.90626309844));
#1947 = CARTESIAN_POINT('',(36.766806647113,-9.005270415028E-15,
    106.93970145615));
#1948 = CARTESIAN_POINT('',(36.759858076455,-9.003568506112E-15,
    106.9731232721));
#1949 = CARTESIAN_POINT('',(36.752878376275,-9.001858972573E-15,
    107.006606723));
#1950 = CARTESIAN_POINT('',(36.745877580673,-9.000144272218E-15,
    107.0401115255));
#1951 = CARTESIAN_POINT('',(36.738868532191,-8.998427550443E-15,
    107.07358236461));
#1952 = CARTESIAN_POINT('',(36.731819081762,-8.99670093307E-15,
    107.10712355591));
#1953 = CARTESIAN_POINT('',(36.724746247915,-8.994968588401E-15,
    107.14066990402));
#1954 = CARTESIAN_POINT('',(36.703428276182,-8.989747191232E-15,
    107.24140152762));
#1955 = CARTESIAN_POINT('',(36.689087777644,-8.986234782106E-15,
    107.30866570752));
#1956 = CARTESIAN_POINT('',(36.674596058168,-8.982685334531E-15,
    107.37605917408));
#1957 = CARTESIAN_POINT('',(36.659931815108,-8.979093630869E-15,
    107.44359719766));
#1958 = CARTESIAN_POINT('',(36.645075117585,-8.975454789448E-15,
    107.51129099471));
#1959 = CARTESIAN_POINT('',(36.630007379726,-8.971764258074E-15,
    107.5791479351));
#1960 = CARTESIAN_POINT('',(36.614711329973,-8.968017806378E-15,
    107.64717173433));
#1961 = CARTESIAN_POINT('',(36.599170986205,-8.964211519956E-15,
    107.71536266749));
#1962 = CARTESIAN_POINT('',(36.583371623292,-8.960341792082E-15,
    107.78371775609));
#1963 = CARTESIAN_POINT('',(36.567299749168,-8.956405318267E-15,
    107.85223098417));
#1964 = CARTESIAN_POINT('',(36.550943072738,-8.952399087963E-15,
    107.92089348723));
#1965 = CARTESIAN_POINT('',(36.534290478372,-8.948320378694E-15,
    107.98969376268));
#1966 = CARTESIAN_POINT('',(36.517331995972,-8.944166748453E-15,
    108.05861786591));
#1967 = CARTESIAN_POINT('',(36.465512328526,-8.931474590481E-15,
    108.26571311131));
#1968 = CARTESIAN_POINT('',(36.429707411786,-8.922704915137E-15,
    108.40420685371));
#1969 = CARTESIAN_POINT('',(36.392572445169,-8.913609471563E-15,
    108.54300258762));
#1970 = CARTESIAN_POINT('',(36.354054243633,-8.904175233055E-15,
    108.68193625043));
#1971 = CARTESIAN_POINT('',(36.314116889437,-8.894393402579E-15,
    108.82081530591));
#1972 = CARTESIAN_POINT('',(36.27274060457,-8.884259135432E-15,
    108.95942604822));
#1973 = CARTESIAN_POINT('',(36.229920626098,-8.873771265743E-15,
    109.09754096176));
#1974 = CARTESIAN_POINT('',(36.185666077844,-8.862932027337E-15,
    109.23492599733));
#1975 = CARTESIAN_POINT('',(36.13999884556,-8.851746781566E-15,
    109.37134795396));
#1976 = CARTESIAN_POINT('',(36.092952449827,-8.840223737839E-15,
    109.50658174757));
#1977 = CARTESIAN_POINT('',(36.044570919481,-8.828373680662E-15,
    109.64041778276));
#1978 = CARTESIAN_POINT('',(35.994907665983,-8.816209691741E-15,
    109.77266924473));
#1979 = CARTESIAN_POINT('',(35.944024356159,-8.803746875251E-15,
    109.90317944337));
#1980 = CARTESIAN_POINT('',(35.865972501682,-8.784629684497E-15,
    110.09615397199));
#1981 = CARTESIAN_POINT('',(35.839667224399,-8.778186749782E-15,
    110.16001383126));
#1982 = CARTESIAN_POINT('',(35.813082440591,-8.771675355667E-15,
    110.22339386582));
#1983 = CARTESIAN_POINT('',(35.786227009308,-8.765097672162E-15,
    110.28628163368));
#1984 = CARTESIAN_POINT('',(35.759110118998,-8.758455949414E-15,
    110.34866733225));
#1985 = CARTESIAN_POINT('',(35.731741229465,-8.751752505069E-15,
    110.41054400767));
#1986 = CARTESIAN_POINT('',(35.704130038365,-8.744989713402E-15,
    110.47190781574));
#1987 = CARTESIAN_POINT('',(35.676286412614,-8.738169992286E-15,
    110.53275821145));
#1988 = CARTESIAN_POINT('',(35.648220362353,-8.731295792296E-15,
    110.59309822196));
#1989 = CARTESIAN_POINT('',(35.619941970744,-8.724369584127E-15,
    110.65293463637));
#1990 = CARTESIAN_POINT('',(35.591461363158,-8.71739384704E-15,
    110.71227826667));
#1991 = CARTESIAN_POINT('',(35.562788646162,-8.710371056867E-15,
    110.77114415636));
#1992 = CARTESIAN_POINT('',(35.533933866347,-8.703303674104E-15,
    110.82955182204));
#1993 = CARTESIAN_POINT('',(35.490393503925,-8.692639361014E-15,
    110.91651230503));
#1994 = CARTESIAN_POINT('',(35.475837032674,-8.689074053818E-15,
    110.9453906822));
#1995 = CARTESIAN_POINT('',(35.46123878686,-8.685498514852E-15,
    110.9741635671));
#1996 = CARTESIAN_POINT('',(35.446600008051,-8.68191304805E-15,
    111.00283423825));
#1997 = CARTESIAN_POINT('',(35.431921932829,-8.67831795662E-15,
    111.03140629109));
#1998 = CARTESIAN_POINT('',(35.41720580045,-8.674713543548E-15,
    111.0598836438));
#1999 = CARTESIAN_POINT('',(35.402452840906,-8.671100110824E-15,
    111.08827052943));
#2000 = CARTESIAN_POINT('',(35.387664290448,-8.667477960429E-15,
    111.11657150438));
#2001 = CARTESIAN_POINT('',(35.372841374507,-8.663847393271E-15,
    111.14479144113));
#2002 = CARTESIAN_POINT('',(35.357985323729,-8.660208710164E-15,
    111.17293553311));
#2003 = CARTESIAN_POINT('',(35.343097361073,-8.656562211055E-15,
    111.20100929224));
#2004 = CARTESIAN_POINT('',(35.328178710715,-8.652908195551E-15,
    111.22901854983));
#2005 = CARTESIAN_POINT('',(35.313230592792,-8.649246962604E-15,
    111.2569694563));
#2006 = CARTESIAN_POINT('',(35.290766042657,-8.643744734719E-15,
    111.29881799391));
#2007 = CARTESIAN_POINT('',(35.283270801257,-8.641908930046E-15,
    111.31275455128));
#2008 = CARTESIAN_POINT('',(35.27576865509,-8.640071434172E-15,
    111.32667896851));
#2009 = CARTESIAN_POINT('',(35.268259757079,-8.638232284626E-15,
    111.34059208025));
#2010 = CARTESIAN_POINT('',(35.26074426374,-8.636391519587E-15,
    111.35449474891));
#2011 = CARTESIAN_POINT('',(35.253222327382,-8.634549176627E-15,
    111.3683878481));
#2012 = CARTESIAN_POINT('',(35.24569410875,-8.632705294742E-15,
    111.38227229005));
#2013 = CARTESIAN_POINT('',(35.238159759966,-8.63085991163E-15,
    111.39614898779));
#2014 = CARTESIAN_POINT('',(35.230619443901,-8.629013066753E-15,
    111.41001889918));
#2015 = CARTESIAN_POINT('',(35.22307331555,-8.627164798426E-15,
    111.42388298334));
#2016 = CARTESIAN_POINT('',(35.215521537228,-8.625315146165E-15,
    111.4377422374));
#2017 = CARTESIAN_POINT('',(35.207964268063,-8.623464149078E-15,
    111.4515976701));
#2018 = CARTESIAN_POINT('',(35.200401670115,-8.621611846801E-15,
    111.46545031786));
#2019 = CARTESIAN_POINT('',(35.189050023063,-8.618831495156E-15,
    111.48622669595));
#2020 = CARTESIAN_POINT('',(35.185264848197,-8.617904394699E-15,
    111.49315170795));
#2021 = CARTESIAN_POINT('',(35.181478401667,-8.616976982776E-15,
    111.50007641189));
#2022 = CARTESIAN_POINT('',(35.177690704908,-8.616049264629E-15,
    111.50700094969));
#2023 = CARTESIAN_POINT('',(35.17390177804,-8.615121245204E-15,
    111.51392545707));
#2024 = CARTESIAN_POINT('',(35.170111643565,-8.614192929984E-15,
    111.52085008145));
#2025 = CARTESIAN_POINT('',(35.166320320392,-8.613264323638E-15,
    111.52777495199));
#2026 = CARTESIAN_POINT('',(35.162527832005,-8.612335431873E-15,
    111.53470022178));
#2027 = CARTESIAN_POINT('',(35.158734196959,-8.611406259281E-15,
    111.54162601744));
#2028 = CARTESIAN_POINT('',(35.154939438289,-8.610476811461E-15,
    111.5485524903));
#2029 = CARTESIAN_POINT('',(35.151143575616,-8.60954709325E-15,
    111.55547977231));
#2030 = CARTESIAN_POINT('',(35.147346630717,-8.608617109966E-15,
    111.56240800807));
#2031 = CARTESIAN_POINT('',(35.143548624267,-8.607686866677E-15,
    111.56933733543));
#2032 = CARTESIAN_POINT('',(35.137850053927,-8.606291119493E-15,
    111.57973317491));
#2033 = CARTESIAN_POINT('',(35.135949271294,-8.605825562013E-15,
    111.58320068782));
#2034 = CARTESIAN_POINT('',(35.134053408225,-8.605361209508E-15,
    111.58665867165));
#2035 = CARTESIAN_POINT('',(35.132147478204,-8.604894391233E-15,
    111.59013547361));
#2036 = CARTESIAN_POINT('',(35.130246155731,-8.604428701641E-15,
    111.59360377312));
#2037 = CARTESIAN_POINT('',(35.128352420361,-8.603964870093E-15,
    111.5970576566));
#2038 = CARTESIAN_POINT('',(35.126452891045,-8.603499619785E-15,
    111.6005219393));
#2039 = CARTESIAN_POINT('',(35.124542225244,-8.603031641438E-15,
    111.60400705648));
#2040 = CARTESIAN_POINT('',(35.122634267908,-8.602564326834E-15,
    111.60748774639));
#2041 = CARTESIAN_POINT('',(35.1207428848,-8.602101071467E-15,
    111.61093793209));
#2042 = CARTESIAN_POINT('',(35.118858110258,-8.601639434907E-15,
    111.61437496517));
#2043 = CARTESIAN_POINT('',(35.116961598953,-8.601174923581E-15,
    111.61783215071));
#2044 = CARTESIAN_POINT('',(35.115076904366,-8.60071330655E-15,
    111.62126655707));
#2045 = CARTESIAN_POINT('',(35.111308976386,-8.599790430361E-15,
    111.62812899291));
#2046 = CARTESIAN_POINT('',(35.109427614351,-8.599329629558E-15,
    111.63155362234));
#2047 = CARTESIAN_POINT('',(35.107548685422,-8.598869424716E-15,
    111.63497166633));
#2048 = CARTESIAN_POINT('',(35.105672020388,-8.598409774307E-15,
    111.63838312745));
#2049 = CARTESIAN_POINT('',(35.103797450737,-8.597950637242E-15,
    111.64178800913));
#2050 = CARTESIAN_POINT('',(35.101924806917,-8.597491971673E-15,
    111.64518631377));
#2051 = CARTESIAN_POINT('',(35.10005392057,-8.59703373682E-15,
    111.64857804443));
#2052 = CARTESIAN_POINT('',(35.098184622306,-8.596575890651E-15,
    111.65196320448));
#2053 = CARTESIAN_POINT('',(35.096316743354,-8.59611839237E-15,
    111.65534179578));
#2054 = CARTESIAN_POINT('',(35.094450114767,-8.59566120015E-15,
    111.65871382254));
#2055 = CARTESIAN_POINT('',(35.092584567497,-8.59520427289E-15,
    111.66207928652));
#2056 = CARTESIAN_POINT('',(35.090719932667,-8.59474756906E-15,
    111.66543819138));
#2057 = CARTESIAN_POINT('',(35.088856041279,-8.594291047339E-15,
    111.66879053966));
#2058 = CARTESIAN_POINT('',(35.027366583901,-8.579230473906E-15,
    111.77920176577));
#2059 = CARTESIAN_POINT('',(34.968344596408,-8.564774256299E-15,
    111.87955796822));
#2060 = CARTESIAN_POINT('',(34.904819252781,-8.549215034537E-15,
    111.973553459));
#2061 = CARTESIAN_POINT('',(34.833306003402,-8.531699340177E-15,
    112.06217389823));
#2062 = CARTESIAN_POINT('',(34.752283893948,-8.511854646727E-15,
    112.14749735496));
#2063 = CARTESIAN_POINT('',(34.657920352166,-8.488742244913E-15,
    112.23146581936));
#2064 = CARTESIAN_POINT('',(34.548768091649,-8.462007651551E-15,
    112.31353098006));
#2065 = CARTESIAN_POINT('',(34.426297591741,-8.432011030467E-15,
    112.39282440804));
#2066 = CARTESIAN_POINT('',(34.292246472113,-8.399177975518E-15,
    112.47016239132));
#2067 = CARTESIAN_POINT('',(34.148536157825,-8.363979100252E-15,
    112.54651918399));
#2068 = CARTESIAN_POINT('',(33.998338278563,-8.327191229836E-15,
    112.62204948981));
#2069 = CARTESIAN_POINT('',(33.844329695906,-8.289470006274E-15,
    112.69846720514));
#2070 = CARTESIAN_POINT('',(33.689512680011,-8.251550773683E-15,
    112.77676865256));
#2071 = CARTESIAN_POINT('',(33.383876462206,-8.176691490512E-15,
    112.9401347371));
#2072 = CARTESIAN_POINT('',(33.233063527938,-8.139752975083E-15,
    113.02521744389));
#2073 = CARTESIAN_POINT('',(33.087047772918,-8.103989429627E-15,
    113.11481714283));
#2074 = CARTESIAN_POINT('',(32.948636384009,-8.070088416877E-15,
    113.21219653446));
#2075 = CARTESIAN_POINT('',(32.820641067025,-8.038738605594E-15,
    113.31292941997));
#2076 = CARTESIAN_POINT('',(32.702986520357,-8.009921553136E-15,
    113.43456569707));
#2077 = CARTESIAN_POINT('',(32.607398030974,-7.986509125222E-15,
    113.54873805049));
#2078 = CARTESIAN_POINT('',(32.513281680211,-7.963457268076E-15,
    113.69897267398));
#2079 = CARTESIAN_POINT('',(32.464417685246,-7.951489040748E-15,
    113.84686697461));
#2080 = CARTESIAN_POINT('',(32.424353198298,-7.941676071824E-15,
    113.99998113301));
#2081 = CARTESIAN_POINT('',(32.406672424739,-7.937345531157E-15,
    114.15434418409));
#2082 = CARTESIAN_POINT('',(32.399972312385,-7.935704476978E-15,
    114.3076621235));
#2083 = CARTESIAN_POINT('',(32.400000000007,-7.935711258474E-15,
    114.45771453744));
#2084 = CARTESIAN_POINT('',(32.4,-7.935711258475E-15,114.6));
#2085 = PCURVE('',#1649,#2086);
#2086 = DEFINITIONAL_REPRESENTATION('',(#2087),#2091);
#2087 = LINE('',#2088,#2089);
#2088 = CARTESIAN_POINT('',(6.28318530718,0.));
#2089 = VECTOR('',#2090,1.);
#2090 = DIRECTION('',(0.,1.));
#2091 = ( GEOMETRIC_REPRESENTATION_CONTEXT(2)
PARAMETRIC_REPRESENTATION_CONTEXT() REPRESENTATION_CONTEXT('2D SPACE',''
  ) );
#2092 = PCURVE('',#1649,#2093);
#2093 = DEFINITIONAL_REPRESENTATION('',(#2094),#2098);
#2094 = LINE('',#2095,#2096);
#2095 = CARTESIAN_POINT('',(0.,0.));
#2096 = VECTOR('',#2097,1.);
#2097 = DIRECTION('',(0.,1.));
#2098 = ( GEOMETRIC_REPRESENTATION_CONTEXT(2)
PARAMETRIC_REPRESENTATION_CONTEXT() REPRESENTATION_CONTEXT('2D SPACE',''
  ) );
#2099 = ORIENTED_EDGE('',*,*,#1795,.F.);
#2100 = ORIENTED_EDGE('',*,*,#1846,.F.);
#2101 = ADVANCED_FACE('',(#2102,#2105),#1779,.F.);
#2102 = FACE_BOUND('',#2103,.T.);
#2103 = EDGE_LOOP('',(#2104));
#2104 = ORIENTED_EDGE('',*,*,#1764,.T.);
#2105 = FACE_BOUND('',#2106,.T.);
#2106 = EDGE_LOOP('',(#2107));
#2107 = ORIENTED_EDGE('',*,*,#2108,.F.);
#2108 = EDGE_CURVE('',#2109,#2109,#2111,.T.);
#2109 = VERTEX_POINT('',#2110);
#2110 = CARTESIAN_POINT('',(33.4,0.,116.75));
#2111 = SURFACE_CURVE('',#2112,(#2117,#2124),.PCURVE_S1.);
#2112 = CIRCLE('',#2113,33.4);
#2113 = AXIS2_PLACEMENT_3D('',#2114,#2115,#2116);
#2114 = CARTESIAN_POINT('',(0.,0.,116.75));
#2115 = DIRECTION('',(0.,-0.,1.));
#2116 = DIRECTION('',(1.,0.,0.));
#2117 = PCURVE('',#1779,#2118);
#2118 = DEFINITIONAL_REPRESENTATION('',(#2119),#2123);
#2119 = CIRCLE('',#2120,33.4);
#2120 = AXIS2_PLACEMENT_2D('',#2121,#2122);
#2121 = CARTESIAN_POINT('',(0.,0.));
#2122 = DIRECTION('',(1.,-0.));
#2123 = ( GEOMETRIC_REPRESENTATION_CONTEXT(2)
PARAMETRIC_REPRESENTATION_CONTEXT() REPRESENTATION_CONTEXT('2D SPACE',''
  ) );
#2124 = PCURVE('',#2125,#2137);
#2125 = OFFSET_SURFACE('',#2126,-0.2,.F.);
#2126 = SURFACE_OF_REVOLUTION('',#2127,#2134);
#2127 = B_SPLINE_CURVE_WITH_KNOTS('',5,(#2128,#2129,#2130,#2131,#2132,
    #2133),.UNSPECIFIED.,.F.,.F.,(6,6),(0.,1.),
  .PIECEWISE_BEZIER_KNOTS.);
#2128 = CARTESIAN_POINT('',(33.4,0.,116.55));
#2129 = CARTESIAN_POINT('',(33.638587011927,0.,116.55));
#2130 = CARTESIAN_POINT('',(33.877174023854,0.,116.55));
#2131 = CARTESIAN_POINT('',(34.3,0.,117.11376796819));
#2132 = CARTESIAN_POINT('',(34.3,0.,117.43188398409));
#2133 = CARTESIAN_POINT('',(34.3,0.,117.75));
#2134 = AXIS1_PLACEMENT('',#2135,#2136);
#2135 = CARTESIAN_POINT('',(0.,0.,0.));
#2136 = DIRECTION('',(0.,0.,1.));
#2137 = DEFINITIONAL_REPRESENTATION('',(#2138),#2142);
#2138 = LINE('',#2139,#2140);
#2139 = CARTESIAN_POINT('',(0.,0.));
#2140 = VECTOR('',#2141,1.);
#2141 = DIRECTION('',(1.,0.));
#2142 = ( GEOMETRIC_REPRESENTATION_CONTEXT(2)
PARAMETRIC_REPRESENTATION_CONTEXT() REPRESENTATION_CONTEXT('2D SPACE',''
  ) );
#2143 = ADVANCED_FACE('',(#2144,#2187),#2157,.T.);
#2144 = FACE_BOUND('',#2145,.T.);
#2145 = EDGE_LOOP('',(#2146));
#2146 = ORIENTED_EDGE('',*,*,#2147,.T.);
#2147 = EDGE_CURVE('',#2148,#2148,#2150,.T.);
#2148 = VERTEX_POINT('',#2149);
#2149 = CARTESIAN_POINT('',(33.5,0.,119.8));
#2150 = SURFACE_CURVE('',#2151,(#2156,#2168),.PCURVE_S1.);
#2151 = CIRCLE('',#2152,33.5);
#2152 = AXIS2_PLACEMENT_3D('',#2153,#2154,#2155);
#2153 = CARTESIAN_POINT('',(0.,0.,119.8));
#2154 = DIRECTION('',(0.,-0.,1.));
#2155 = DIRECTION('',(1.,0.,0.));
#2156 = PCURVE('',#2157,#2162);
#2157 = PLANE('',#2158);
#2158 = AXIS2_PLACEMENT_3D('',#2159,#2160,#2161);
#2159 = CARTESIAN_POINT('',(0.,0.,119.8));
#2160 = DIRECTION('',(0.,0.,1.));
#2161 = DIRECTION('',(1.,0.,-0.));
#2162 = DEFINITIONAL_REPRESENTATION('',(#2163),#2167);
#2163 = CIRCLE('',#2164,33.5);
#2164 = AXIS2_PLACEMENT_2D('',#2165,#2166);
#2165 = CARTESIAN_POINT('',(0.,0.));
#2166 = DIRECTION('',(1.,0.));
#2167 = ( GEOMETRIC_REPRESENTATION_CONTEXT(2)
PARAMETRIC_REPRESENTATION_CONTEXT() REPRESENTATION_CONTEXT('2D SPACE',''
  ) );
#2168 = PCURVE('',#2169,#2181);
#2169 = OFFSET_SURFACE('',#2170,-0.2,.F.);
#2170 = SURFACE_OF_REVOLUTION('',#2171,#2178);
#2171 = B_SPLINE_CURVE_WITH_KNOTS('',5,(#2172,#2173,#2174,#2175,#2176,
    #2177),.UNSPECIFIED.,.F.,.F.,(6,6),(0.,1.),
  .PIECEWISE_BEZIER_KNOTS.);
#2172 = CARTESIAN_POINT('',(34.3,0.,118.8));
#2173 = CARTESIAN_POINT('',(34.3,0.,119.1181160159));
#2174 = CARTESIAN_POINT('',(34.3,0.,119.4362320318));
#2175 = CARTESIAN_POINT('',(33.92415468787,0.,120.));
#2176 = CARTESIAN_POINT('',(33.712077343935,0.,120.));
#2177 = CARTESIAN_POINT('',(33.5,0.,120.));
#2178 = AXIS1_PLACEMENT('',#2179,#2180);
#2179 = CARTESIAN_POINT('',(0.,0.,0.));
#2180 = DIRECTION('',(0.,0.,1.));
#2181 = DEFINITIONAL_REPRESENTATION('',(#2182),#2186);
#2182 = LINE('',#2183,#2184);
#2183 = CARTESIAN_POINT('',(0.,1.));
#2184 = VECTOR('',#2185,1.);
#2185 = DIRECTION('',(1.,0.));
#2186 = ( GEOMETRIC_REPRESENTATION_CONTEXT(2)
PARAMETRIC_REPRESENTATION_CONTEXT() REPRESENTATION_CONTEXT('2D SPACE',''
  ) );
#2187 = FACE_BOUND('',#2188,.T.);
#2188 = EDGE_LOOP('',(#2189));
#2189 = ORIENTED_EDGE('',*,*,#2190,.F.);
#2190 = EDGE_CURVE('',#2191,#2191,#2193,.T.);
#2191 = VERTEX_POINT('',#2192);
#2192 = CARTESIAN_POINT('',(32.35,0.,119.8));
#2193 = SURFACE_CURVE('',#2194,(#2199,#2206),.PCURVE_S1.);
#2194 = CIRCLE('',#2195,32.35);
#2195 = AXIS2_PLACEMENT_3D('',#2196,#2197,#2198);
#2196 = CARTESIAN_POINT('',(0.,0.,119.8));
#2197 = DIRECTION('',(0.,-0.,1.));
#2198 = DIRECTION('',(1.,0.,0.));
#2199 = PCURVE('',#2157,#2200);
#2200 = DEFINITIONAL_REPRESENTATION('',(#2201),#2205);
#2201 = CIRCLE('',#2202,32.35);
#2202 = AXIS2_PLACEMENT_2D('',#2203,#2204);
#2203 = CARTESIAN_POINT('',(0.,0.));
#2204 = DIRECTION('',(1.,0.));
#2205 = ( GEOMETRIC_REPRESENTATION_CONTEXT(2)
PARAMETRIC_REPRESENTATION_CONTEXT() REPRESENTATION_CONTEXT('2D SPACE',''
  ) );
#2206 = PCURVE('',#2207,#2219);
#2207 = OFFSET_SURFACE('',#2208,-0.2,.F.);
#2208 = SURFACE_OF_REVOLUTION('',#2209,#2216);
#2209 = B_SPLINE_CURVE_WITH_KNOTS('',5,(#2210,#2211,#2212,#2213,#2214,
    #2215),.UNSPECIFIED.,.F.,.F.,(6,6),(0.,1.),
  .PIECEWISE_BEZIER_KNOTS.);
#2210 = CARTESIAN_POINT('',(32.35,0.,120.));
#2211 = CARTESIAN_POINT('',(32.124667822069,0.,120.));
#2212 = CARTESIAN_POINT('',(31.899335644138,0.,120.));
#2213 = CARTESIAN_POINT('',(31.5,0.,119.4362320318));
#2214 = CARTESIAN_POINT('',(31.5,0.,119.1181160159));
#2215 = CARTESIAN_POINT('',(31.5,0.,118.8));
#2216 = AXIS1_PLACEMENT('',#2217,#2218);
#2217 = CARTESIAN_POINT('',(0.,0.,0.));
#2218 = DIRECTION('',(0.,0.,1.));
#2219 = DEFINITIONAL_REPRESENTATION('',(#2220),#2224);
#2220 = LINE('',#2221,#2222);
#2221 = CARTESIAN_POINT('',(0.,0.));
#2222 = VECTOR('',#2223,1.);
#2223 = DIRECTION('',(1.,0.));
#2224 = ( GEOMETRIC_REPRESENTATION_CONTEXT(2)
PARAMETRIC_REPRESENTATION_CONTEXT() REPRESENTATION_CONTEXT('2D SPACE',''
  ) );
#2225 = ADVANCED_FACE('',(#2226),#2169,.T.);
#2226 = FACE_BOUND('',#2227,.T.);
#2227 = EDGE_LOOP('',(#2228,#2257,#2299,#2300));
#2228 = ORIENTED_EDGE('',*,*,#2229,.T.);
#2229 = EDGE_CURVE('',#2230,#2230,#2232,.T.);
#2230 = VERTEX_POINT('',#2231);
#2231 = CARTESIAN_POINT('',(34.1,0.,118.8));
#2232 = SURFACE_CURVE('',#2233,(#2238,#2245),.PCURVE_S1.);
#2233 = CIRCLE('',#2234,34.1);
#2234 = AXIS2_PLACEMENT_3D('',#2235,#2236,#2237);
#2235 = CARTESIAN_POINT('',(0.,0.,118.8));
#2236 = DIRECTION('',(0.,0.,1.));
#2237 = DIRECTION('',(1.,0.,0.));
#2238 = PCURVE('',#2169,#2239);
#2239 = DEFINITIONAL_REPRESENTATION('',(#2240),#2244);
#2240 = LINE('',#2241,#2242);
#2241 = CARTESIAN_POINT('',(0.,0.));
#2242 = VECTOR('',#2243,1.);
#2243 = DIRECTION('',(1.,0.));
#2244 = ( GEOMETRIC_REPRESENTATION_CONTEXT(2)
PARAMETRIC_REPRESENTATION_CONTEXT() REPRESENTATION_CONTEXT('2D SPACE',''
  ) );
#2245 = PCURVE('',#2246,#2251);
#2246 = CYLINDRICAL_SURFACE('',#2247,34.1);
#2247 = AXIS2_PLACEMENT_3D('',#2248,#2249,#2250);
#2248 = CARTESIAN_POINT('',(0.,0.,117.75));
#2249 = DIRECTION('',(0.,0.,1.));
#2250 = DIRECTION('',(1.,0.,-0.));
#2251 = DEFINITIONAL_REPRESENTATION('',(#2252),#2256);
#2252 = LINE('',#2253,#2254);
#2253 = CARTESIAN_POINT('',(0.,1.05));
#2254 = VECTOR('',#2255,1.);
#2255 = DIRECTION('',(1.,0.));
#2256 = ( GEOMETRIC_REPRESENTATION_CONTEXT(2)
PARAMETRIC_REPRESENTATION_CONTEXT() REPRESENTATION_CONTEXT('2D SPACE',''
  ) );
#2257 = ORIENTED_EDGE('',*,*,#2258,.T.);
#2258 = EDGE_CURVE('',#2230,#2148,#2259,.T.);
#2259 = SEAM_CURVE('',#2260,(#2285,#2292),.PCURVE_S1.);
#2260 = B_SPLINE_CURVE_WITH_KNOTS('',12,(#2261,#2262,#2263,#2264,#2265,
    #2266,#2267,#2268,#2269,#2270,#2271,#2272,#2273,#2274,#2275,#2276,
    #2277,#2278,#2279,#2280,#2281,#2282,#2283,#2284),.UNSPECIFIED.,.F.,
  .F.,(13,11,13),(0.,0.5,1.),.UNSPECIFIED.);
#2261 = CARTESIAN_POINT('',(34.1,-8.352091170185E-15,118.8));
#2262 = CARTESIAN_POINT('',(34.100000000004,-8.352091170185E-15,
    118.86627416998));
#2263 = CARTESIAN_POINT('',(34.100010208,-8.352093670426E-15,
    118.92717922189));
#2264 = CARTESIAN_POINT('',(34.097826533819,-8.351558824499E-15,
    118.98541467755));
#2265 = CARTESIAN_POINT('',(34.092730207831,-8.350310584654E-15,
    119.04371734246));
#2266 = CARTESIAN_POINT('',(34.08396377759,-8.348163428479E-15,
    119.10381827754));
#2267 = CARTESIAN_POINT('',(34.070748450922,-8.344926607015E-15,
    119.16622642446));
#2268 = CARTESIAN_POINT('',(34.052620758643,-8.340486602912E-15,
    119.23048590768));
#2269 = CARTESIAN_POINT('',(34.029578723031,-8.334842931912E-15,
    119.29558161396));
#2270 = CARTESIAN_POINT('',(34.001996193205,-8.328087160519E-15,
    119.36025191252));
#2271 = CARTESIAN_POINT('',(33.970488669219,-8.320370042849E-15,
    119.42310824392));
#2272 = CARTESIAN_POINT('',(33.935894863259,-8.311897004098E-15,
    119.48265885242));
#2273 = CARTESIAN_POINT('',(33.862655868904,-8.293958624096E-15,
    119.59251734393));
#2274 = CARTESIAN_POINT('',(33.824022224431,-8.284496110288E-15,
    119.64283931107));
#2275 = CARTESIAN_POINT('',(33.784279288242,-8.274761898367E-15,
    119.68706092082));
#2276 = CARTESIAN_POINT('',(33.745428895812,-8.265246296626E-15,
    119.72471180862));
#2277 = CARTESIAN_POINT('',(33.706281498581,-8.255657949673E-15,
    119.75274020102));
#2278 = CARTESIAN_POINT('',(33.674762733017,-8.247938078615E-15,
    119.77478222938));
#2279 = CARTESIAN_POINT('',(33.640231898844,-8.239480463492E-15,
    119.78599027944));
#2280 = CARTESIAN_POINT('',(33.621337960315,-8.234852783235E-15,
    119.7906880723));
#2281 = CARTESIAN_POINT('',(33.60008316253,-8.229646859213E-15,
    119.79697413899));
#2282 = CARTESIAN_POINT('',(33.576290835687,-8.223819419834E-15,
    119.79997390747));
#2283 = CARTESIAN_POINT('',(33.544182779984,-8.215955214304E-15,
    119.79999999999));
#2284 = CARTESIAN_POINT('',(33.5,-8.205133554287E-15,119.8));
#2285 = PCURVE('',#2169,#2286);
#2286 = DEFINITIONAL_REPRESENTATION('',(#2287),#2291);
#2287 = LINE('',#2288,#2289);
#2288 = CARTESIAN_POINT('',(6.28318530718,0.));
#2289 = VECTOR('',#2290,1.);
#2290 = DIRECTION('',(0.,1.));
#2291 = ( GEOMETRIC_REPRESENTATION_CONTEXT(2)
PARAMETRIC_REPRESENTATION_CONTEXT() REPRESENTATION_CONTEXT('2D SPACE',''
  ) );
#2292 = PCURVE('',#2169,#2293);
#2293 = DEFINITIONAL_REPRESENTATION('',(#2294),#2298);
#2294 = LINE('',#2295,#2296);
#2295 = CARTESIAN_POINT('',(0.,0.));
#2296 = VECTOR('',#2297,1.);
#2297 = DIRECTION('',(0.,1.));
#2298 = ( GEOMETRIC_REPRESENTATION_CONTEXT(2)
PARAMETRIC_REPRESENTATION_CONTEXT() REPRESENTATION_CONTEXT('2D SPACE',''
  ) );
#2299 = ORIENTED_EDGE('',*,*,#2147,.F.);
#2300 = ORIENTED_EDGE('',*,*,#2258,.F.);
#2301 = ADVANCED_FACE('',(#2302),#2246,.T.);
#2302 = FACE_BOUND('',#2303,.T.);
#2303 = EDGE_LOOP('',(#2304,#2328,#2349,#2350));
#2304 = ORIENTED_EDGE('',*,*,#2305,.T.);
#2305 = EDGE_CURVE('',#2306,#2306,#2308,.T.);
#2306 = VERTEX_POINT('',#2307);
#2307 = CARTESIAN_POINT('',(34.1,0.,117.75));
#2308 = SURFACE_CURVE('',#2309,(#2314,#2321),.PCURVE_S1.);
#2309 = CIRCLE('',#2310,34.1);
#2310 = AXIS2_PLACEMENT_3D('',#2311,#2312,#2313);
#2311 = CARTESIAN_POINT('',(0.,0.,117.75));
#2312 = DIRECTION('',(0.,0.,1.));
#2313 = DIRECTION('',(1.,0.,0.));
#2314 = PCURVE('',#2246,#2315);
#2315 = DEFINITIONAL_REPRESENTATION('',(#2316),#2320);
#2316 = LINE('',#2317,#2318);
#2317 = CARTESIAN_POINT('',(0.,0.));
#2318 = VECTOR('',#2319,1.);
#2319 = DIRECTION('',(1.,0.));
#2320 = ( GEOMETRIC_REPRESENTATION_CONTEXT(2)
PARAMETRIC_REPRESENTATION_CONTEXT() REPRESENTATION_CONTEXT('2D SPACE',''
  ) );
#2321 = PCURVE('',#2125,#2322);
#2322 = DEFINITIONAL_REPRESENTATION('',(#2323),#2327);
#2323 = LINE('',#2324,#2325);
#2324 = CARTESIAN_POINT('',(0.,1.));
#2325 = VECTOR('',#2326,1.);
#2326 = DIRECTION('',(1.,0.));
#2327 = ( GEOMETRIC_REPRESENTATION_CONTEXT(2)
PARAMETRIC_REPRESENTATION_CONTEXT() REPRESENTATION_CONTEXT('2D SPACE',''
  ) );
#2328 = ORIENTED_EDGE('',*,*,#2329,.T.);
#2329 = EDGE_CURVE('',#2306,#2230,#2330,.T.);
#2330 = SEAM_CURVE('',#2331,(#2335,#2342),.PCURVE_S1.);
#2331 = LINE('',#2332,#2333);
#2332 = CARTESIAN_POINT('',(34.1,0.,117.75));
#2333 = VECTOR('',#2334,1.);
#2334 = DIRECTION('',(0.,0.,1.));
#2335 = PCURVE('',#2246,#2336);
#2336 = DEFINITIONAL_REPRESENTATION('',(#2337),#2341);
#2337 = LINE('',#2338,#2339);
#2338 = CARTESIAN_POINT('',(6.28318530718,0.));
#2339 = VECTOR('',#2340,1.);
#2340 = DIRECTION('',(0.,1.));
#2341 = ( GEOMETRIC_REPRESENTATION_CONTEXT(2)
PARAMETRIC_REPRESENTATION_CONTEXT() REPRESENTATION_CONTEXT('2D SPACE',''
  ) );
#2342 = PCURVE('',#2246,#2343);
#2343 = DEFINITIONAL_REPRESENTATION('',(#2344),#2348);
#2344 = LINE('',#2345,#2346);
#2345 = CARTESIAN_POINT('',(0.,0.));
#2346 = VECTOR('',#2347,1.);
#2347 = DIRECTION('',(0.,1.));
#2348 = ( GEOMETRIC_REPRESENTATION_CONTEXT(2)
PARAMETRIC_REPRESENTATION_CONTEXT() REPRESENTATION_CONTEXT('2D SPACE',''
  ) );
#2349 = ORIENTED_EDGE('',*,*,#2229,.F.);
#2350 = ORIENTED_EDGE('',*,*,#2329,.F.);
#2351 = ADVANCED_FACE('',(#2352),#2125,.T.);
#2352 = FACE_BOUND('',#2353,.T.);
#2353 = EDGE_LOOP('',(#2354,#2355,#2397,#2398));
#2354 = ORIENTED_EDGE('',*,*,#2108,.T.);
#2355 = ORIENTED_EDGE('',*,*,#2356,.T.);
#2356 = EDGE_CURVE('',#2109,#2306,#2357,.T.);
#2357 = SEAM_CURVE('',#2358,(#2383,#2390),.PCURVE_S1.);
#2358 = B_SPLINE_CURVE_WITH_KNOTS('',12,(#2359,#2360,#2361,#2362,#2363,
    #2364,#2365,#2366,#2367,#2368,#2369,#2370,#2371,#2372,#2373,#2374,
    #2375,#2376,#2377,#2378,#2379,#2380,#2381,#2382),.UNSPECIFIED.,.F.,
  .F.,(13,11,13),(0.,0.5,1.),.UNSPECIFIED.);
#2359 = CARTESIAN_POINT('',(33.4,-8.180640618304E-15,116.75));
#2360 = CARTESIAN_POINT('',(33.449705627487,-8.192814985825E-15,
    116.75000000001));
#2361 = CARTESIAN_POINT('',(33.488676029439,-8.202359981426E-15,
    116.7500124007));
#2362 = CARTESIAN_POINT('',(33.520504994689,-8.210155829513E-15,
    116.75311995218));
#2363 = CARTESIAN_POINT('',(33.550203654883,-8.217429903332E-15,
    116.7596736969));
#2364 = CARTESIAN_POINT('',(33.57906560062,-8.224499041241E-15,
    116.767254204));
#2365 = CARTESIAN_POINT('',(33.618175097212,-8.234078105185E-15,
    116.7806343359));
#2366 = CARTESIAN_POINT('',(33.657480134397,-8.2437050628E-15,
    116.80356502596));
#2367 = CARTESIAN_POINT('',(33.701781706308,-8.254555818433E-15,
    116.8331046803));
#2368 = CARTESIAN_POINT('',(33.746543903017,-8.265519394626E-15,
    116.87128014438));
#2369 = CARTESIAN_POINT('',(33.791564522712,-8.276546266183E-15,
    116.91601202822));
#2370 = CARTESIAN_POINT('',(33.835198723297,-8.287233563E-15,
    116.96654202288));
#2371 = CARTESIAN_POINT('',(33.917593482839,-8.307414458708E-15,
    117.07640170227));
#2372 = CARTESIAN_POINT('',(33.956351948214,-8.31690754482E-15,
    117.13573605723));
#2373 = CARTESIAN_POINT('',(33.99153664053,-8.325525308985E-15,
    117.19819142345));
#2374 = CARTESIAN_POINT('',(34.022250271742,-8.333047979017E-15,
    117.26225359729));
#2375 = CARTESIAN_POINT('',(34.047813060493,-8.339309056497E-15,
    117.32655102718));
#2376 = CARTESIAN_POINT('',(34.067818716004,-8.344209028902E-15,
    117.38980209572));
#2377 = CARTESIAN_POINT('',(34.082319879688,-8.347760789629E-15,
    117.45095097016));
#2378 = CARTESIAN_POINT('',(34.091918551082,-8.35011178608E-15,
    117.50958790954));
#2379 = CARTESIAN_POINT('',(34.097546184294,-8.351490158672E-15,
    117.5664276309));
#2380 = CARTESIAN_POINT('',(34.100014337449,-8.352094681848E-15,
    117.62349348668));
#2381 = CARTESIAN_POINT('',(34.100000000001,-8.352091170185E-15,
    117.68372583002));
#2382 = CARTESIAN_POINT('',(34.1,-8.352091170185E-15,117.75));
#2383 = PCURVE('',#2125,#2384);
#2384 = DEFINITIONAL_REPRESENTATION('',(#2385),#2389);
#2385 = LINE('',#2386,#2387);
#2386 = CARTESIAN_POINT('',(6.28318530718,0.));
#2387 = VECTOR('',#2388,1.);
#2388 = DIRECTION('',(0.,1.));
#2389 = ( GEOMETRIC_REPRESENTATION_CONTEXT(2)
PARAMETRIC_REPRESENTATION_CONTEXT() REPRESENTATION_CONTEXT('2D SPACE',''
  ) );
#2390 = PCURVE('',#2125,#2391);
#2391 = DEFINITIONAL_REPRESENTATION('',(#2392),#2396);
#2392 = LINE('',#2393,#2394);
#2393 = CARTESIAN_POINT('',(0.,0.));
#2394 = VECTOR('',#2395,1.);
#2395 = DIRECTION('',(0.,1.));
#2396 = ( GEOMETRIC_REPRESENTATION_CONTEXT(2)
PARAMETRIC_REPRESENTATION_CONTEXT() REPRESENTATION_CONTEXT('2D SPACE',''
  ) );
#2397 = ORIENTED_EDGE('',*,*,#2305,.F.);
#2398 = ORIENTED_EDGE('',*,*,#2356,.F.);
#2399 = ADVANCED_FACE('',(#2400),#2207,.T.);
#2400 = FACE_BOUND('',#2401,.T.);
#2401 = EDGE_LOOP('',(#2402,#2403,#2447,#2474));
#2402 = ORIENTED_EDGE('',*,*,#2190,.T.);
#2403 = ORIENTED_EDGE('',*,*,#2404,.T.);
#2404 = EDGE_CURVE('',#2191,#2405,#2407,.T.);
#2405 = VERTEX_POINT('',#2406);
#2406 = CARTESIAN_POINT('',(31.7,0.,118.8));
#2407 = SEAM_CURVE('',#2408,(#2433,#2440),.PCURVE_S1.);
#2408 = B_SPLINE_CURVE_WITH_KNOTS('',12,(#2409,#2410,#2411,#2412,#2413,
    #2414,#2415,#2416,#2417,#2418,#2419,#2420,#2421,#2422,#2423,#2424,
    #2425,#2426,#2427,#2428,#2429,#2430,#2431,#2432),.UNSPECIFIED.,.F.,
  .F.,(13,11,13),(0.,0.5,1.),.UNSPECIFIED.);
#2409 = CARTESIAN_POINT('',(32.35,-7.923464790483E-15,119.8));
#2410 = CARTESIAN_POINT('',(32.303055796267,-7.911966776716E-15,119.8));
#2411 = CARTESIAN_POINT('',(32.267477080782,-7.903252504707E-15,
    119.79998217665));
#2412 = CARTESIAN_POINT('',(32.239595567297,-7.896423503461E-15,
    119.79691705181));
#2413 = CARTESIAN_POINT('',(32.214049324576,-7.89016647858E-15,
    119.79051223529));
#2414 = CARTESIAN_POINT('',(32.190010591032,-7.88427868697E-15,
    119.78418148824));
#2415 = CARTESIAN_POINT('',(32.153437963019,-7.875320976594E-15,
    119.77187299361));
#2416 = CARTESIAN_POINT('',(32.117915449462,-7.866620470099E-15,
    119.74938939352));
#2417 = CARTESIAN_POINT('',(32.07631691411,-7.856431767456E-15,
    119.72058449506));
#2418 = CARTESIAN_POINT('',(32.034514646576,-7.846193164836E-15,
    119.6826972868));
#2419 = CARTESIAN_POINT('',(31.992169266348,-7.835821537962E-15,
    119.63823526927));
#2420 = CARTESIAN_POINT('',(31.951056467999,-7.825751806583E-15,
    119.58783149626));
#2421 = CARTESIAN_POINT('',(31.873271796424,-7.806700056769E-15,
    119.47801784227));
#2422 = CARTESIAN_POINT('',(31.83660588353,-7.797719498197E-15,
    119.41859907301));
#2423 = CARTESIAN_POINT('',(31.803264243195,-7.78955315157E-15,
    119.35596652307));
#2424 = CARTESIAN_POINT('',(31.774116687591,-7.782414059444E-15,
    119.29162099218));
#2425 = CARTESIAN_POINT('',(31.749810766756,-7.776460825802E-15,
    119.22694304724));
#2426 = CARTESIAN_POINT('',(31.730736510286,-7.771788980388E-15,
    119.16320295052));
#2427 = CARTESIAN_POINT('',(31.716868666435,-7.768392338261E-15,
    119.10143305105));
#2428 = CARTESIAN_POINT('',(31.707678316172,-7.766141351661E-15,
    119.04206560838));
#2429 = CARTESIAN_POINT('',(31.702313221679,-7.764827282498E-15,
    118.98449310343));
#2430 = CARTESIAN_POINT('',(31.699987879922,-7.764257738032E-15,
    118.92684295042));
#2431 = CARTESIAN_POINT('',(31.7,-7.764260706594E-15,118.86627416998));
#2432 = CARTESIAN_POINT('',(31.7,-7.764260706594E-15,118.8));
#2433 = PCURVE('',#2207,#2434);
#2434 = DEFINITIONAL_REPRESENTATION('',(#2435),#2439);
#2435 = LINE('',#2436,#2437);
#2436 = CARTESIAN_POINT('',(6.28318530718,0.));
#2437 = VECTOR('',#2438,1.);
#2438 = DIRECTION('',(0.,1.));
#2439 = ( GEOMETRIC_REPRESENTATION_CONTEXT(2)
PARAMETRIC_REPRESENTATION_CONTEXT() REPRESENTATION_CONTEXT('2D SPACE',''
  ) );
#2440 = PCURVE('',#2207,#2441);
#2441 = DEFINITIONAL_REPRESENTATION('',(#2442),#2446);
#2442 = LINE('',#2443,#2444);
#2443 = CARTESIAN_POINT('',(0.,0.));
#2444 = VECTOR('',#2445,1.);
#2445 = DIRECTION('',(0.,1.));
#2446 = ( GEOMETRIC_REPRESENTATION_CONTEXT(2)
PARAMETRIC_REPRESENTATION_CONTEXT() REPRESENTATION_CONTEXT('2D SPACE',''
  ) );
#2447 = ORIENTED_EDGE('',*,*,#2448,.F.);
#2448 = EDGE_CURVE('',#2405,#2405,#2449,.T.);
#2449 = SURFACE_CURVE('',#2450,(#2455,#2462),.PCURVE_S1.);
#2450 = CIRCLE('',#2451,31.7);
#2451 = AXIS2_PLACEMENT_3D('',#2452,#2453,#2454);
#2452 = CARTESIAN_POINT('',(0.,0.,118.8));
#2453 = DIRECTION('',(0.,0.,1.));
#2454 = DIRECTION('',(1.,0.,0.));
#2455 = PCURVE('',#2207,#2456);
#2456 = DEFINITIONAL_REPRESENTATION('',(#2457),#2461);
#2457 = LINE('',#2458,#2459);
#2458 = CARTESIAN_POINT('',(0.,1.));
#2459 = VECTOR('',#2460,1.);
#2460 = DIRECTION('',(1.,0.));
#2461 = ( GEOMETRIC_REPRESENTATION_CONTEXT(2)
PARAMETRIC_REPRESENTATION_CONTEXT() REPRESENTATION_CONTEXT('2D SPACE',''
  ) );
#2462 = PCURVE('',#2463,#2468);
#2463 = CYLINDRICAL_SURFACE('',#2464,31.7);
#2464 = AXIS2_PLACEMENT_3D('',#2465,#2466,#2467);
#2465 = CARTESIAN_POINT('',(0.,0.,118.8));
#2466 = DIRECTION('',(-0.,-0.,-1.));
#2467 = DIRECTION('',(1.,0.,0.));
#2468 = DEFINITIONAL_REPRESENTATION('',(#2469),#2473);
#2469 = LINE('',#2470,#2471);
#2470 = CARTESIAN_POINT('',(-0.,0.));
#2471 = VECTOR('',#2472,1.);
#2472 = DIRECTION('',(-1.,0.));
#2473 = ( GEOMETRIC_REPRESENTATION_CONTEXT(2)
PARAMETRIC_REPRESENTATION_CONTEXT() REPRESENTATION_CONTEXT('2D SPACE',''
  ) );
#2474 = ORIENTED_EDGE('',*,*,#2404,.F.);
#2475 = ADVANCED_FACE('',(#2476),#2463,.F.);
#2476 = FACE_BOUND('',#2477,.T.);
#2477 = EDGE_LOOP('',(#2478,#2479,#2502,#2536));
#2478 = ORIENTED_EDGE('',*,*,#2448,.T.);
#2479 = ORIENTED_EDGE('',*,*,#2480,.T.);
#2480 = EDGE_CURVE('',#2405,#2481,#2483,.T.);
#2481 = VERTEX_POINT('',#2482);
#2482 = CARTESIAN_POINT('',(31.7,0.,118.2));
#2483 = SEAM_CURVE('',#2484,(#2488,#2495),.PCURVE_S1.);
#2484 = LINE('',#2485,#2486);
#2485 = CARTESIAN_POINT('',(31.7,0.,118.8));
#2486 = VECTOR('',#2487,1.);
#2487 = DIRECTION('',(-0.,-0.,-1.));
#2488 = PCURVE('',#2463,#2489);
#2489 = DEFINITIONAL_REPRESENTATION('',(#2490),#2494);
#2490 = LINE('',#2491,#2492);
#2491 = CARTESIAN_POINT('',(-6.28318530718,0.));
#2492 = VECTOR('',#2493,1.);
#2493 = DIRECTION('',(-0.,1.));
#2494 = ( GEOMETRIC_REPRESENTATION_CONTEXT(2)
PARAMETRIC_REPRESENTATION_CONTEXT() REPRESENTATION_CONTEXT('2D SPACE',''
  ) );
#2495 = PCURVE('',#2463,#2496);
#2496 = DEFINITIONAL_REPRESENTATION('',(#2497),#2501);
#2497 = LINE('',#2498,#2499);
#2498 = CARTESIAN_POINT('',(-0.,0.));
#2499 = VECTOR('',#2500,1.);
#2500 = DIRECTION('',(-0.,1.));
#2501 = ( GEOMETRIC_REPRESENTATION_CONTEXT(2)
PARAMETRIC_REPRESENTATION_CONTEXT() REPRESENTATION_CONTEXT('2D SPACE',''
  ) );
#2502 = ORIENTED_EDGE('',*,*,#2503,.F.);
#2503 = EDGE_CURVE('',#2481,#2481,#2504,.T.);
#2504 = SURFACE_CURVE('',#2505,(#2510,#2517),.PCURVE_S1.);
#2505 = CIRCLE('',#2506,31.7);
#2506 = AXIS2_PLACEMENT_3D('',#2507,#2508,#2509);
#2507 = CARTESIAN_POINT('',(0.,0.,118.2));
#2508 = DIRECTION('',(0.,0.,1.));
#2509 = DIRECTION('',(1.,0.,0.));
#2510 = PCURVE('',#2463,#2511);
#2511 = DEFINITIONAL_REPRESENTATION('',(#2512),#2516);
#2512 = LINE('',#2513,#2514);
#2513 = CARTESIAN_POINT('',(-0.,0.6));
#2514 = VECTOR('',#2515,1.);
#2515 = DIRECTION('',(-1.,0.));
#2516 = ( GEOMETRIC_REPRESENTATION_CONTEXT(2)
PARAMETRIC_REPRESENTATION_CONTEXT() REPRESENTATION_CONTEXT('2D SPACE',''
  ) );
#2517 = PCURVE('',#2518,#2530);
#2518 = OFFSET_SURFACE('',#2519,-0.2,.F.);
#2519 = SURFACE_OF_REVOLUTION('',#2520,#2527);
#2520 = B_SPLINE_CURVE_WITH_KNOTS('',5,(#2521,#2522,#2523,#2524,#2525,
    #2526),.UNSPECIFIED.,.F.,.F.,(6,6),(0.,1.),
  .PIECEWISE_BEZIER_KNOTS.);
#2521 = CARTESIAN_POINT('',(31.5,0.,118.2));
#2522 = CARTESIAN_POINT('',(31.5,0.,118.06745166004));
#2523 = CARTESIAN_POINT('',(31.5,0.,117.93490332008));
#2524 = CARTESIAN_POINT('',(31.171135351886,0.,117.7));
#2525 = CARTESIAN_POINT('',(30.985567675943,0.,117.7));
#2526 = CARTESIAN_POINT('',(30.8,0.,117.7));
#2527 = AXIS1_PLACEMENT('',#2528,#2529);
#2528 = CARTESIAN_POINT('',(0.,0.,0.));
#2529 = DIRECTION('',(0.,0.,1.));
#2530 = DEFINITIONAL_REPRESENTATION('',(#2531),#2535);
#2531 = LINE('',#2532,#2533);
#2532 = CARTESIAN_POINT('',(0.,0.));
#2533 = VECTOR('',#2534,1.);
#2534 = DIRECTION('',(1.,0.));
#2535 = ( GEOMETRIC_REPRESENTATION_CONTEXT(2)
PARAMETRIC_REPRESENTATION_CONTEXT() REPRESENTATION_CONTEXT('2D SPACE',''
  ) );
#2536 = ORIENTED_EDGE('',*,*,#2480,.F.);
#2537 = ADVANCED_FACE('',(#2538),#2518,.T.);
#2538 = FACE_BOUND('',#2539,.T.);
#2539 = EDGE_LOOP('',(#2540,#2541,#2585,#2612));
#2540 = ORIENTED_EDGE('',*,*,#2503,.T.);
#2541 = ORIENTED_EDGE('',*,*,#2542,.T.);
#2542 = EDGE_CURVE('',#2481,#2543,#2545,.T.);
#2543 = VERTEX_POINT('',#2544);
#2544 = CARTESIAN_POINT('',(30.8,0.,117.5));
#2545 = SEAM_CURVE('',#2546,(#2571,#2578),.PCURVE_S1.);
#2546 = B_SPLINE_CURVE_WITH_KNOTS('',12,(#2547,#2548,#2549,#2550,#2551,
    #2552,#2553,#2554,#2555,#2556,#2557,#2558,#2559,#2560,#2561,#2562,
    #2563,#2564,#2565,#2566,#2567,#2568,#2569,#2570),.UNSPECIFIED.,.F.,
  .F.,(13,11,13),(0.,0.5,1.),.UNSPECIFIED.);
#2547 = CARTESIAN_POINT('',(31.7,-7.764260706594E-15,118.2));
#2548 = CARTESIAN_POINT('',(31.700000000003,-7.764260706595E-15,
    118.17238576251));
#2549 = CARTESIAN_POINT('',(31.700016903553,-7.764264846772E-15,
    118.13350057878));
#2550 = CARTESIAN_POINT('',(31.698017475054,-7.763775128025E-15,
    118.0854227032));
#2551 = CARTESIAN_POINT('',(31.690599662671,-7.761958287996E-15,
    118.03263481884));
#2552 = CARTESIAN_POINT('',(31.67203710736,-7.757411773193E-15,
    117.97586144787));
#2553 = CARTESIAN_POINT('',(31.646752101906,-7.75121873301E-15,
    117.92902364145));
#2554 = CARTESIAN_POINT('',(31.618398886355,-7.744274198061E-15,
    117.87990726396));
#2555 = CARTESIAN_POINT('',(31.583536111341,-7.735735280906E-15,
    117.83634977536));
#2556 = CARTESIAN_POINT('',(31.545698919891,-7.72646784182E-15,
    117.79402215548));
#2557 = CARTESIAN_POINT('',(31.503798686841,-7.716205244565E-15,
    117.75459007621));
#2558 = CARTESIAN_POINT('',(31.458843737081,-7.705194457499E-15,
    117.71771516623));
#2559 = CARTESIAN_POINT('',(31.363601034068,-7.681866723221E-15,
    117.64968466409));
#2560 = CARTESIAN_POINT('',(31.313321512841,-7.669551792275E-15,
    117.61852374539));
#2561 = CARTESIAN_POINT('',(31.260908352292,-7.656714270414E-15,
    117.59041434));
#2562 = CARTESIAN_POINT('',(31.206838543171,-7.643470986681E-15,
    117.56566923679));
#2563 = CARTESIAN_POINT('',(31.151719448777,-7.629970702175E-15,
    117.54460112325));
#2564 = CARTESIAN_POINT('',(31.096121654512,-7.61635317002E-15,
    117.52745219942));
#2565 = CARTESIAN_POINT('',(31.040556045293,-7.602743520923E-15,
    117.51444727354));
#2566 = CARTESIAN_POINT('',(30.985692025118,-7.589305711586E-15,
    117.50577411623));
#2567 = CARTESIAN_POINT('',(30.932650728039,-7.576314340647E-15,
    117.50128944508));
#2568 = CARTESIAN_POINT('',(30.883073306437,-7.564171374512E-15,
    117.50001241698));
#2569 = CARTESIAN_POINT('',(30.838659932489,-7.553293235263E-15,117.5));
#2570 = CARTESIAN_POINT('',(30.8,-7.543824282748E-15,117.5));
#2571 = PCURVE('',#2518,#2572);
#2572 = DEFINITIONAL_REPRESENTATION('',(#2573),#2577);
#2573 = LINE('',#2574,#2575);
#2574 = CARTESIAN_POINT('',(6.28318530718,0.));
#2575 = VECTOR('',#2576,1.);
#2576 = DIRECTION('',(0.,1.));
#2577 = ( GEOMETRIC_REPRESENTATION_CONTEXT(2)
PARAMETRIC_REPRESENTATION_CONTEXT() REPRESENTATION_CONTEXT('2D SPACE',''
  ) );
#2578 = PCURVE('',#2518,#2579);
#2579 = DEFINITIONAL_REPRESENTATION('',(#2580),#2584);
#2580 = LINE('',#2581,#2582);
#2581 = CARTESIAN_POINT('',(0.,0.));
#2582 = VECTOR('',#2583,1.);
#2583 = DIRECTION('',(0.,1.));
#2584 = ( GEOMETRIC_REPRESENTATION_CONTEXT(2)
PARAMETRIC_REPRESENTATION_CONTEXT() REPRESENTATION_CONTEXT('2D SPACE',''
  ) );
#2585 = ORIENTED_EDGE('',*,*,#2586,.F.);
#2586 = EDGE_CURVE('',#2543,#2543,#2587,.T.);
#2587 = SURFACE_CURVE('',#2588,(#2593,#2600),.PCURVE_S1.);
#2588 = CIRCLE('',#2589,30.8);
#2589 = AXIS2_PLACEMENT_3D('',#2590,#2591,#2592);
#2590 = CARTESIAN_POINT('',(0.,0.,117.5));
#2591 = DIRECTION('',(0.,-0.,1.));
#2592 = DIRECTION('',(1.,0.,0.));
#2593 = PCURVE('',#2518,#2594);
#2594 = DEFINITIONAL_REPRESENTATION('',(#2595),#2599);
#2595 = LINE('',#2596,#2597);
#2596 = CARTESIAN_POINT('',(0.,1.));
#2597 = VECTOR('',#2598,1.);
#2598 = DIRECTION('',(1.,0.));
#2599 = ( GEOMETRIC_REPRESENTATION_CONTEXT(2)
PARAMETRIC_REPRESENTATION_CONTEXT() REPRESENTATION_CONTEXT('2D SPACE',''
  ) );
#2600 = PCURVE('',#2601,#2606);
#2601 = PLANE('',#2602);
#2602 = AXIS2_PLACEMENT_3D('',#2603,#2604,#2605);
#2603 = CARTESIAN_POINT('',(0.,0.,117.5));
#2604 = DIRECTION('',(0.,0.,1.));
#2605 = DIRECTION('',(1.,0.,-0.));
#2606 = DEFINITIONAL_REPRESENTATION('',(#2607),#2611);
#2607 = CIRCLE('',#2608,30.8);
#2608 = AXIS2_PLACEMENT_2D('',#2609,#2610);
#2609 = CARTESIAN_POINT('',(0.,0.));
#2610 = DIRECTION('',(1.,0.));
#2611 = ( GEOMETRIC_REPRESENTATION_CONTEXT(2)
PARAMETRIC_REPRESENTATION_CONTEXT() REPRESENTATION_CONTEXT('2D SPACE',''
  ) );
#2612 = ORIENTED_EDGE('',*,*,#2542,.F.);
#2613 = ADVANCED_FACE('',(#2614),#2601,.T.);
#2614 = FACE_BOUND('',#2615,.T.);
#2615 = EDGE_LOOP('',(#2616));
#2616 = ORIENTED_EDGE('',*,*,#2586,.T.);
#2617 = ( GEOMETRIC_REPRESENTATION_CONTEXT(3)
GLOBAL_UNCERTAINTY_ASSIGNED_CONTEXT((#2621))
GLOBAL_UNIT_ASSIGNED_CONTEXT((#2618,#2619,#2620)) REPRESENTATION_CONTEXT
('Context #1','3D Context with UNIT and UNCERTAINTY') );
#2618 = ( LENGTH_UNIT() NAMED_UNIT(*) SI_UNIT(.MILLI.,.METRE.) );
#2619 = ( NAMED_UNIT(*) PLANE_ANGLE_UNIT() SI_UNIT($,.RADIAN.) );
#2620 = ( NAMED_UNIT(*) SI_UNIT($,.STERADIAN.) SOLID_ANGLE_UNIT() );
#2621 = UNCERTAINTY_MEASURE_WITH_UNIT(LENGTH_MEASURE(1.E-05),#2618,
  'distance_accuracy_value','confusion accuracy');
#2622 = PRODUCT_RELATED_PRODUCT_CATEGORY('part',$,(#7));
ENDSEC;
END-ISO-10303-21;
