ISO-10303-21;
HEADER;
FILE_DESCRIPTION(('Open CASCADE Model'),'2;1');
FILE_NAME('Open CASCADE Shape Model','1970-01-01T00:00:00',('Author'),(
    'Open CASCADE'),'Open CASCADE STEP processor 7.7','Open CASCADE 7.7'
  ,'Unknown');
FILE_SCHEMA(('AUTOMOTIVE_DESIGN { 1 0 10303 214 1 1 1 1 }'));
ENDSEC;
DATA;
#1 = APPLICATION_PROTOCOL_DEFINITION('international standard',
  'automotive_design',2000,#2);
#2 = APPLICATION_CONTEXT(
  'core data for automotive mechanical design processes');
#3 = SHAPE_DEFINITION_REPRESENTATION(#4,#10);
#4 = PRODUCT_DEFINITION_SHAPE('','',#5);
#5 = PRODUCT_DEFINITION('design','',#6,#9);
#6 = PRODUCT_DEFINITION_FORMATION('','',#7);
#7 = PRODUCT('Open CASCADE STEP translator 7.7 1',
  'Open CASCADE STEP translator 7.7 1','',(#8));
#8 = PRODUCT_CONTEXT('',#2,'mechanical');
#9 = PRODUCT_DEFINITION_CONTEXT('part definition',#2,'design');
#10 = ADVANCED_BREP_SHAPE_REPRESENTATION('',(#11,#15),#8614);
#11 = AXIS2_PLACEMENT_3D('',#12,#13,#14);
#12 = CARTESIAN_POINT('',(0.,0.,0.));
#13 = DIRECTION('',(0.,0.,1.));
#14 = DIRECTION('',(1.,0.,-0.));
#15 = MANIFOLD_SOLID_BREP('',#16);
#16 = CLOSED_SHELL('',(#17,#336,#592,#2652,#3405,#4158,#4207,#4270,#4279
    ,#4320,#6543,#6601,#6682,#7080,#7134,#7561,#7585,#7696,#7721,#7725,
    #7731,#8108,#8115,#8521,#8568,#8601,#8605));
#17 = ADVANCED_FACE('',(#18),#33,.F.);
#18 = FACE_BOUND('',#19,.F.);
#19 = EDGE_LOOP('',(#20,#60,#82,#186,#214,#237));
#20 = ORIENTED_EDGE('',*,*,#21,.F.);
#21 = EDGE_CURVE('',#22,#24,#26,.T.);
#22 = VERTEX_POINT('',#23);
#23 = CARTESIAN_POINT('',(101.,0.,58.));
#24 = VERTEX_POINT('',#25);
#25 = CARTESIAN_POINT('',(52.086930208587,0.,93.094890246069));
#26 = SURFACE_CURVE('',#27,(#32,#46),.PCURVE_S1.);
#27 = ELLIPSE('',#28,40.,36.);
#28 = AXIS2_PLACEMENT_3D('',#29,#30,#31);
#29 = CARTESIAN_POINT('',(61.,0.,58.));
#30 = DIRECTION('',(0.,-1.,0.));
#31 = DIRECTION('',(1.,0.,0.));
#32 = PCURVE('',#33,#41);
#33 = SURFACE_OF_LINEAR_EXTRUSION('',#34,#39);
#34 = ELLIPSE('',#35,40.,36.);
#35 = AXIS2_PLACEMENT_3D('',#36,#37,#38);
#36 = CARTESIAN_POINT('',(61.,0.,58.));
#37 = DIRECTION('',(0.,-1.,0.));
#38 = DIRECTION('',(1.,0.,0.));
#39 = VECTOR('',#40,1.);
#40 = DIRECTION('',(-0.,1.,-0.));
#41 = DEFINITIONAL_REPRESENTATION('',(#42),#45);
#42 = B_SPLINE_CURVE_WITH_KNOTS('',1,(#43,#44),.UNSPECIFIED.,.F.,.F.,(2,
    2),(0.,2.123511439892),.PIECEWISE_BEZIER_KNOTS.);
#43 = CARTESIAN_POINT('',(6.28318530718,0.));
#44 = CARTESIAN_POINT('',(8.406696747071,0.));
#45 = ( GEOMETRIC_REPRESENTATION_CONTEXT(2) 
PARAMETRIC_REPRESENTATION_CONTEXT() REPRESENTATION_CONTEXT('2D SPACE',''
  ) );
#46 = PCURVE('',#47,#55);
#47 = SURFACE_OF_LINEAR_EXTRUSION('',#48,#53);
#48 = ELLIPSE('',#49,40.,36.);
#49 = AXIS2_PLACEMENT_3D('',#50,#51,#52);
#50 = CARTESIAN_POINT('',(61.,0.,58.));
#51 = DIRECTION('',(0.,-1.,0.));
#52 = DIRECTION('',(1.,0.,0.));
#53 = VECTOR('',#54,1.);
#54 = DIRECTION('',(0.,-1.,0.));
#55 = DEFINITIONAL_REPRESENTATION('',(#56),#59);
#56 = B_SPLINE_CURVE_WITH_KNOTS('',1,(#57,#58),.UNSPECIFIED.,.F.,.F.,(2,
    2),(0.,2.123511439892),.PIECEWISE_BEZIER_KNOTS.);
#57 = CARTESIAN_POINT('',(6.28318530718,0.));
#58 = CARTESIAN_POINT('',(8.406696747071,0.));
#59 = ( GEOMETRIC_REPRESENTATION_CONTEXT(2) 
PARAMETRIC_REPRESENTATION_CONTEXT() REPRESENTATION_CONTEXT('2D SPACE',''
  ) );
#60 = ORIENTED_EDGE('',*,*,#61,.F.);
#61 = EDGE_CURVE('',#62,#22,#64,.T.);
#62 = VERTEX_POINT('',#63);
#63 = CARTESIAN_POINT('',(43.119982380502,0.,25.796785476596));
#64 = SURFACE_CURVE('',#65,(#70,#76),.PCURVE_S1.);
#65 = ELLIPSE('',#66,40.,36.);
#66 = AXIS2_PLACEMENT_3D('',#67,#68,#69);
#67 = CARTESIAN_POINT('',(61.,0.,58.));
#68 = DIRECTION('',(0.,-1.,0.));
#69 = DIRECTION('',(1.,0.,0.));
#70 = PCURVE('',#33,#71);
#71 = DEFINITIONAL_REPRESENTATION('',(#72),#75);
#72 = B_SPLINE_CURVE_WITH_KNOTS('',1,(#73,#74),.UNSPECIFIED.,.F.,.F.,(2,
    2),(4.159673867288,6.28318530718),.PIECEWISE_BEZIER_KNOTS.);
#73 = CARTESIAN_POINT('',(4.159673867288,0.));
#74 = CARTESIAN_POINT('',(6.28318530718,0.));
#75 = ( GEOMETRIC_REPRESENTATION_CONTEXT(2) 
PARAMETRIC_REPRESENTATION_CONTEXT() REPRESENTATION_CONTEXT('2D SPACE',''
  ) );
#76 = PCURVE('',#47,#77);
#77 = DEFINITIONAL_REPRESENTATION('',(#78),#81);
#78 = B_SPLINE_CURVE_WITH_KNOTS('',1,(#79,#80),.UNSPECIFIED.,.F.,.F.,(2,
    2),(4.159673867288,6.28318530718),.PIECEWISE_BEZIER_KNOTS.);
#79 = CARTESIAN_POINT('',(4.159673867288,0.));
#80 = CARTESIAN_POINT('',(6.28318530718,0.));
#81 = ( GEOMETRIC_REPRESENTATION_CONTEXT(2) 
PARAMETRIC_REPRESENTATION_CONTEXT() REPRESENTATION_CONTEXT('2D SPACE',''
  ) );
#82 = ORIENTED_EDGE('',*,*,#83,.T.);
#83 = EDGE_CURVE('',#62,#84,#86,.T.);
#84 = VERTEX_POINT('',#85);
#85 = CARTESIAN_POINT('',(42.584818045995,-7.,26.042001476677));
#86 = SURFACE_CURVE('',#87,(#114,#144),.PCURVE_S1.);
#87 = B_SPLINE_CURVE_WITH_KNOTS('',4,(#88,#89,#90,#91,#92,#93,#94,#95,
    #96,#97,#98,#99,#100,#101,#102,#103,#104,#105,#106,#107,#108,#109,
    #110,#111,#112,#113),.UNSPECIFIED.,.F.,.F.,(5,3,3,3,3,3,3,3,5),(0.,
    0.127528019973,0.249625544136,0.371784556329,0.494035580398,
    0.616409757537,0.738939063527,0.86165653878,1.),.UNSPECIFIED.);
#88 = CARTESIAN_POINT('',(43.119982380502,-1.06581410364E-14,
    25.796785476596));
#89 = CARTESIAN_POINT('',(43.119982380502,-0.223794987545,
    25.796785476596));
#90 = CARTESIAN_POINT('',(43.118530777968,-0.447589973957,
    25.797438308651));
#91 = CARTESIAN_POINT('',(43.115627572713,-0.671375006338,
    25.798743972708));
#92 = CARTESIAN_POINT('',(43.1071035677,-1.109376674929,25.802579824102)
  );
#93 = CARTESIAN_POINT('',(43.101603755153,-1.323594970357,
    25.805055500329));
#94 = CARTESIAN_POINT('',(43.094773491015,-1.537786240355,25.80813166279
    ));
#95 = CARTESIAN_POINT('',(43.078448258794,-1.966204954647,
    25.815490777025));
#96 = CARTESIAN_POINT('',(43.068951950811,-2.180432360988,
    25.819774335807));
#97 = CARTESIAN_POINT('',(43.058124160148,-2.394615067632,
    25.824662955045));
#98 = CARTESIAN_POINT('',(43.033796937027,-2.823034529775,
    25.835660372609));
#99 = CARTESIAN_POINT('',(43.020295498858,-3.037271202585,
    25.841770087293));
#100 = CARTESIAN_POINT('',(43.00546105445,-3.251445236108,
    25.848491703444));
#101 = CARTESIAN_POINT('',(42.973110548463,-3.679865566521,
    25.863174020815));
#102 = CARTESIAN_POINT('',(42.955591801163,-3.894111716924,
    25.871135963533));
#103 = CARTESIAN_POINT('',(42.936738044311,-4.108276914002,
    25.879718951627));
#104 = CARTESIAN_POINT('',(42.896335837613,-4.536698239372,
    25.898148580757));
#105 = CARTESIAN_POINT('',(42.874784002916,-4.750954136777,
    25.907996809986));
#106 = CARTESIAN_POINT('',(42.851894693228,-4.965110278321,
    25.918477579909));
#107 = CARTESIAN_POINT('',(42.803405121022,-5.393532733431,
    25.940733195045));
#108 = CARTESIAN_POINT('',(42.777800750253,-5.607798709047,
    25.952510002968));
#109 = CARTESIAN_POINT('',(42.750856000131,-5.821945517226,
    25.964933259718));
#110 = CARTESIAN_POINT('',(42.690685752615,-6.277232708178,
    25.99275175205));
#111 = CARTESIAN_POINT('',(42.657097379978,-6.518338181191,
    26.008323994053));
#112 = CARTESIAN_POINT('',(42.621807643823,-6.759265606081,
    26.024736695706));
#113 = CARTESIAN_POINT('',(42.584817953804,-7.0000006,26.042001519707));
#114 = PCURVE('',#33,#115);
#115 = DEFINITIONAL_REPRESENTATION('',(#116),#143);
#116 = B_SPLINE_CURVE_WITH_KNOTS('',4,(#117,#118,#119,#120,#121,#122,
    #123,#124,#125,#126,#127,#128,#129,#130,#131,#132,#133,#134,#135,
    #136,#137,#138,#139,#140,#141,#142),.UNSPECIFIED.,.F.,.F.,(5,3,3,3,3
    ,3,3,3,5),(0.,0.127528019973,0.249625544136,0.371784556329,
    0.494035580398,0.616409757537,0.738939063527,0.86165653878,1.),
  .UNSPECIFIED.);
#117 = CARTESIAN_POINT('',(4.248979671738,-1.06581410364E-14));
#118 = CARTESIAN_POINT('',(4.248979671738,-0.223794987545));
#119 = CARTESIAN_POINT('',(4.248939103046,-0.447589973957));
#120 = CARTESIAN_POINT('',(4.24885796566,-0.671375006338));
#121 = CARTESIAN_POINT('',(4.248619711866,-1.109376674929));
#122 = CARTESIAN_POINT('',(4.248465977983,-1.323594970357));
#123 = CARTESIAN_POINT('',(4.248275034699,-1.537786240355));
#124 = CARTESIAN_POINT('',(4.247818571967,-1.966204954647));
#125 = CARTESIAN_POINT('',(4.247553015014,-2.180432360988));
#126 = CARTESIAN_POINT('',(4.247250168666,-2.394615067632));
#127 = CARTESIAN_POINT('',(4.24656957776,-2.823034529775));
#128 = CARTESIAN_POINT('',(4.246191776964,-3.037271202585));
#129 = CARTESIAN_POINT('',(4.245776567261,-3.251445236108));
#130 = CARTESIAN_POINT('',(4.244870790113,-3.679865566521));
#131 = CARTESIAN_POINT('',(4.244380147181,-3.894111716924));
#132 = CARTESIAN_POINT('',(4.243851935799,-4.108276914002));
#133 = CARTESIAN_POINT('',(4.242719554234,-4.536698239372));
#134 = CARTESIAN_POINT('',(4.242115288617,-4.750954136777));
#135 = CARTESIAN_POINT('',(4.241473254296,-4.965110278321));
#136 = CARTESIAN_POINT('',(4.240112478918,-5.393532733431));
#137 = CARTESIAN_POINT('',(4.239393621584,-5.607798709047));
#138 = CARTESIAN_POINT('',(4.238636753727,-5.821945517226));
#139 = CARTESIAN_POINT('',(4.236945627639,-6.277232708178));
#140 = CARTESIAN_POINT('',(4.236001053269,-6.518338181191));
#141 = CARTESIAN_POINT('',(4.235007975323,-6.759265606081));
#142 = CARTESIAN_POINT('',(4.233966273007,-7.0000006));
#143 = ( GEOMETRIC_REPRESENTATION_CONTEXT(2) 
PARAMETRIC_REPRESENTATION_CONTEXT() REPRESENTATION_CONTEXT('2D SPACE',''
  ) );
#144 = PCURVE('',#145,#157);
#145 = SURFACE_OF_REVOLUTION('',#146,#154);
#146 = B_SPLINE_CURVE_WITH_KNOTS('',3,(#147,#148,#149,#150,#151,#152,
    #153),.UNSPECIFIED.,.F.,.F.,(4,1,1,1,4),(0.,11.180339887499,
    41.383816508577,66.627627631306,85.369292445297),.UNSPECIFIED.);
#147 = CARTESIAN_POINT('',(41.,0.,14.));
#148 = CARTESIAN_POINT('',(41.780129637106,0.,17.649971467962));
#149 = CARTESIAN_POINT('',(44.217039009117,0.,31.226608036458));
#150 = CARTESIAN_POINT('',(46.004064815909,0.,53.399056517748));
#151 = CARTESIAN_POINT('',(49.630357583454,0.,77.864377133735));
#152 = CARTESIAN_POINT('',(51.937667456241,-0.,92.343397827134));
#153 = CARTESIAN_POINT('',(53.,0.,98.5));
#154 = AXIS1_PLACEMENT('',#155,#156);
#155 = CARTESIAN_POINT('',(0.,0.,0.));
#156 = DIRECTION('',(0.,0.,1.));
#157 = DEFINITIONAL_REPRESENTATION('',(#158),#185);
#158 = B_SPLINE_CURVE_WITH_KNOTS('',4,(#159,#160,#161,#162,#163,#164,
    #165,#166,#167,#168,#169,#170,#171,#172,#173,#174,#175,#176,#177,
    #178,#179,#180,#181,#182,#183,#184),.UNSPECIFIED.,.F.,.F.,(5,3,3,3,3
    ,3,3,3,5),(0.,0.127528019973,0.249625544136,0.371784556329,
    0.494035580398,0.616409757537,0.738939063527,0.86165653878,1.),
  .UNSPECIFIED.);
#159 = CARTESIAN_POINT('',(6.28318530718,11.986564152369));
#160 = CARTESIAN_POINT('',(6.277995254327,11.986564152369));
#161 = CARTESIAN_POINT('',(6.272805201503,11.987224538618));
#162 = CARTESIAN_POINT('',(6.267615076813,11.988545311067));
#163 = CARTESIAN_POINT('',(6.257455557029,11.9924255385));
#164 = CARTESIAN_POINT('',(6.252486173916,11.994929852037));
#165 = CARTESIAN_POINT('',(6.247516597021,11.998041590921));
#166 = CARTESIAN_POINT('',(6.237574430573,12.005485785441));
#167 = CARTESIAN_POINT('',(6.232601840808,12.009818855088));
#168 = CARTESIAN_POINT('',(6.227628934659,12.014763959128));
#169 = CARTESIAN_POINT('',(6.21767862593,12.025888383183));
#170 = CARTESIAN_POINT('',(6.212701222831,12.032068630091));
#171 = CARTESIAN_POINT('',(6.207723384978,12.038867804188));
#172 = CARTESIAN_POINT('',(6.197761713461,12.053719428499));
#173 = CARTESIAN_POINT('',(6.192777878857,12.061773134421));
#174 = CARTESIAN_POINT('',(6.187793497146,12.070454980104));
#175 = CARTESIAN_POINT('',(6.177817217485,12.089096714765));
#176 = CARTESIAN_POINT('',(6.172825318069,12.099058210009));
#177 = CARTESIAN_POINT('',(6.167832767115,12.109659425762));
#178 = CARTESIAN_POINT('',(6.157838601823,12.132170567925));
#179 = CARTESIAN_POINT('',(6.152836985395,12.144082479224));
#180 = CARTESIAN_POINT('',(6.147834622987,12.15664812121));
#181 = CARTESIAN_POINT('',(6.137191261132,12.184785102745));
#182 = CARTESIAN_POINT('',(6.131550048238,12.200535433634));
#183 = CARTESIAN_POINT('',(6.125907781933,12.217135602334));
#184 = CARTESIAN_POINT('',(6.120264414681,12.234597345943));
#185 = ( GEOMETRIC_REPRESENTATION_CONTEXT(2) 
PARAMETRIC_REPRESENTATION_CONTEXT() REPRESENTATION_CONTEXT('2D SPACE',''
  ) );
#186 = ORIENTED_EDGE('',*,*,#187,.T.);
#187 = EDGE_CURVE('',#84,#188,#190,.T.);
#188 = VERTEX_POINT('',#189);
#189 = CARTESIAN_POINT('',(101.,-7.,58.));
#190 = SURFACE_CURVE('',#191,(#196,#202),.PCURVE_S1.);
#191 = ELLIPSE('',#192,40.,36.);
#192 = AXIS2_PLACEMENT_3D('',#193,#194,#195);
#193 = CARTESIAN_POINT('',(61.,-7.,58.));
#194 = DIRECTION('',(0.,-1.,0.));
#195 = DIRECTION('',(1.,0.,0.));
#196 = PCURVE('',#33,#197);
#197 = DEFINITIONAL_REPRESENTATION('',(#198),#201);
#198 = B_SPLINE_CURVE_WITH_KNOTS('',1,(#199,#200),.UNSPECIFIED.,.F.,.F.,
  (2,2),(4.159673867288,6.28318530718),.PIECEWISE_BEZIER_KNOTS.);
#199 = CARTESIAN_POINT('',(4.159673867288,-7.));
#200 = CARTESIAN_POINT('',(6.28318530718,-7.));
#201 = ( GEOMETRIC_REPRESENTATION_CONTEXT(2) 
PARAMETRIC_REPRESENTATION_CONTEXT() REPRESENTATION_CONTEXT('2D SPACE',''
  ) );
#202 = PCURVE('',#203,#208);
#203 = PLANE('',#204);
#204 = AXIS2_PLACEMENT_3D('',#205,#206,#207);
#205 = CARTESIAN_POINT('',(61.532700833651,-7.,58.));
#206 = DIRECTION('',(-0.,-1.,-0.));
#207 = DIRECTION('',(0.,0.,-1.));
#208 = DEFINITIONAL_REPRESENTATION('',(#209),#213);
#209 = ELLIPSE('',#210,40.,36.);
#210 = AXIS2_PLACEMENT_2D('',#211,#212);
#211 = CARTESIAN_POINT('',(7.105427357601E-15,-0.532700833651));
#212 = DIRECTION('',(0.,1.));
#213 = ( GEOMETRIC_REPRESENTATION_CONTEXT(2) 
PARAMETRIC_REPRESENTATION_CONTEXT() REPRESENTATION_CONTEXT('2D SPACE',''
  ) );
#214 = ORIENTED_EDGE('',*,*,#215,.T.);
#215 = EDGE_CURVE('',#188,#216,#218,.T.);
#216 = VERTEX_POINT('',#217);
#217 = CARTESIAN_POINT('',(51.597103445408,-7.,92.991202958326));
#218 = SURFACE_CURVE('',#219,(#224,#230),.PCURVE_S1.);
#219 = ELLIPSE('',#220,40.,36.);
#220 = AXIS2_PLACEMENT_3D('',#221,#222,#223);
#221 = CARTESIAN_POINT('',(61.,-7.,58.));
#222 = DIRECTION('',(0.,-1.,0.));
#223 = DIRECTION('',(1.,0.,0.));
#224 = PCURVE('',#33,#225);
#225 = DEFINITIONAL_REPRESENTATION('',(#226),#229);
#226 = B_SPLINE_CURVE_WITH_KNOTS('',1,(#227,#228),.UNSPECIFIED.,.F.,.F.,
  (2,2),(0.,2.123511439892),.PIECEWISE_BEZIER_KNOTS.);
#227 = CARTESIAN_POINT('',(6.28318530718,-7.));
#228 = CARTESIAN_POINT('',(8.406696747071,-7.));
#229 = ( GEOMETRIC_REPRESENTATION_CONTEXT(2) 
PARAMETRIC_REPRESENTATION_CONTEXT() REPRESENTATION_CONTEXT('2D SPACE',''
  ) );
#230 = PCURVE('',#203,#231);
#231 = DEFINITIONAL_REPRESENTATION('',(#232),#236);
#232 = ELLIPSE('',#233,40.,36.);
#233 = AXIS2_PLACEMENT_2D('',#234,#235);
#234 = CARTESIAN_POINT('',(7.105427357601E-15,-0.532700833651));
#235 = DIRECTION('',(0.,1.));
#236 = ( GEOMETRIC_REPRESENTATION_CONTEXT(2) 
PARAMETRIC_REPRESENTATION_CONTEXT() REPRESENTATION_CONTEXT('2D SPACE',''
  ) );
#237 = ORIENTED_EDGE('',*,*,#238,.T.);
#238 = EDGE_CURVE('',#216,#24,#239,.T.);
#239 = SURFACE_CURVE('',#240,(#270,#303),.PCURVE_S1.);
#240 = B_SPLINE_CURVE_WITH_KNOTS('',4,(#241,#242,#243,#244,#245,#246,
    #247,#248,#249,#250,#251,#252,#253,#254,#255,#256,#257,#258,#259,
    #260,#261,#262,#263,#264,#265,#266,#267,#268,#269),.UNSPECIFIED.,.F.
  ,.F.,(5,3,3,3,3,3,3,3,3,5),(0.,0.123487206934,0.24650750129,
    0.369404069126,0.492198103404,0.615349782855,0.737999959912,
    0.860608276892,0.983194329336,1.),.UNSPECIFIED.);
#241 = CARTESIAN_POINT('',(51.597103360938,-7.0000006,92.99120293994));
#242 = CARTESIAN_POINT('',(51.627416761577,-6.784679358074,
    92.997801094239));
#243 = CARTESIAN_POINT('',(51.656470980465,-6.569259961093,
    93.004095148814));
#244 = CARTESIAN_POINT('',(51.684268104001,-6.35374898977,
    93.010091201476));
#245 = CARTESIAN_POINT('',(51.737251491009,-5.923371867004,
    93.02147634731));
#246 = CARTESIAN_POINT('',(51.762447228632,-5.708506359891,
    93.026867650224));
#247 = CARTESIAN_POINT('',(51.786399011176,-5.493562637199,
    93.031973710276));
#248 = CARTESIAN_POINT('',(51.831794980407,-5.063747339679,
    93.041619449874));
#249 = CARTESIAN_POINT('',(51.853241664648,-4.848875911015,
    93.046159694322));
#250 = CARTESIAN_POINT('',(51.873450040603,-4.633938723382,
    93.050424205698));
#251 = CARTESIAN_POINT('',(51.911376993296,-4.204124235912,
    93.058405864347));
#252 = CARTESIAN_POINT('',(51.929097633063,-3.989247036959,
    93.062123465683));
#253 = CARTESIAN_POINT('',(51.945584669529,-3.774316197113,
    93.065573211899));
#254 = CARTESIAN_POINT('',(51.976138099029,-3.343732890073,
    93.071952213508));
#255 = CARTESIAN_POINT('',(51.990197301804,-3.128080145554,
    93.074879923967));
#256 = CARTESIAN_POINT('',(52.003017853814,-2.912385327336,
    93.077544203887));
#257 = CARTESIAN_POINT('',(52.026136124001,-2.481801782986,93.0823406416
    ));
#258 = CARTESIAN_POINT('',(52.036443903054,-2.26691335229,
    93.084474922356));
#259 = CARTESIAN_POINT('',(52.045524717454,-2.051994804414,
    93.086352393163));
#260 = CARTESIAN_POINT('',(52.061230838898,-1.62218230775,
    93.089596197908));
#261 = CARTESIAN_POINT('',(52.06785698288,-1.40728837671,93.090962706223
    ));
#262 = CARTESIAN_POINT('',(52.073258101171,-1.192375814585,
    93.092075614247));
#263 = CARTESIAN_POINT('',(52.08161011478,-0.76256384801,93.093795684783
    ));
#264 = CARTESIAN_POINT('',(52.084561454827,-0.547664449347,
    93.094402939175));
#265 = CARTESIAN_POINT('',(52.086288800519,-0.332757813669,
    93.094758296137));
#266 = CARTESIAN_POINT('',(52.086861197961,-8.838724411908E-02,
    93.094876049467));
#267 = CARTESIAN_POINT('',(52.086907205045,-5.892483917075E-02,
    93.094885513869));
#268 = CARTESIAN_POINT('',(52.086930208587,-2.946241958584E-02,
    93.094890246069));
#269 = CARTESIAN_POINT('',(52.086930208587,-1.24344978758E-14,
    93.094890246069));
#270 = PCURVE('',#33,#271);
#271 = DEFINITIONAL_REPRESENTATION('',(#272),#302);
#272 = B_SPLINE_CURVE_WITH_KNOTS('',4,(#273,#274,#275,#276,#277,#278,
    #279,#280,#281,#282,#283,#284,#285,#286,#287,#288,#289,#290,#291,
    #292,#293,#294,#295,#296,#297,#298,#299,#300,#301),.UNSPECIFIED.,.F.
  ,.F.,(5,3,3,3,3,3,3,3,3,5),(0.,0.123487206934,0.24650750129,
    0.369404069126,0.492198103404,0.615349782855,0.737999959912,
    0.860608276892,0.983194329336,1.),.UNSPECIFIED.);
#273 = CARTESIAN_POINT('',(8.091274705128,-7.0000006));
#274 = CARTESIAN_POINT('',(8.090495021714,-6.784679358074));
#275 = CARTESIAN_POINT('',(8.089747921422,-6.569259961093));
#276 = CARTESIAN_POINT('',(8.089033312501,-6.35374898977));
#277 = CARTESIAN_POINT('',(8.0876714971,-5.923371867004));
#278 = CARTESIAN_POINT('',(8.087024045978,-5.708506359891));
#279 = CARTESIAN_POINT('',(8.086408682755,-5.493562637199));
#280 = CARTESIAN_POINT('',(8.085242583869,-5.063747339679));
#281 = CARTESIAN_POINT('',(8.084691783824,-4.848875911015));
#282 = CARTESIAN_POINT('',(8.084172872568,-4.633938723382));
#283 = CARTESIAN_POINT('',(8.083199122021,-4.204124235912));
#284 = CARTESIAN_POINT('',(8.082744229632,-3.989247036959));
#285 = CARTESIAN_POINT('',(8.082321061085,-3.774316197113));
#286 = CARTESIAN_POINT('',(8.081536941884,-3.343732890073));
#287 = CARTESIAN_POINT('',(8.08117617603,-3.128080145554));
#288 = CARTESIAN_POINT('',(8.080847228869,-2.912385327336));
#289 = CARTESIAN_POINT('',(8.080254113863,-2.481801782986));
#290 = CARTESIAN_POINT('',(8.079989687673,-2.26691335229));
#291 = CARTESIAN_POINT('',(8.079756754058,-2.051994804414));
#292 = CARTESIAN_POINT('',(8.079353894974,-1.62218230775));
#293 = CARTESIAN_POINT('',(8.079183948026,-1.40728837671));
#294 = CARTESIAN_POINT('',(8.079045426434,-1.192375814585));
#295 = CARTESIAN_POINT('',(8.078831229129,-0.76256384801));
#296 = CARTESIAN_POINT('',(8.078755542008,-0.547664449347));
#297 = CARTESIAN_POINT('',(8.078711244557,-0.332757813669));
#298 = CARTESIAN_POINT('',(8.078696565551,-8.838724411908E-02));
#299 = CARTESIAN_POINT('',(8.07869538571,-5.892483917076E-02));
#300 = CARTESIAN_POINT('',(8.07869479579,-2.946241958584E-02));
#301 = CARTESIAN_POINT('',(8.07869479579,-1.24344978758E-14));
#302 = ( GEOMETRIC_REPRESENTATION_CONTEXT(2) 
PARAMETRIC_REPRESENTATION_CONTEXT() REPRESENTATION_CONTEXT('2D SPACE',''
  ) );
#303 = PCURVE('',#145,#304);
#304 = DEFINITIONAL_REPRESENTATION('',(#305),#335);
#305 = B_SPLINE_CURVE_WITH_KNOTS('',4,(#306,#307,#308,#309,#310,#311,
    #312,#313,#314,#315,#316,#317,#318,#319,#320,#321,#322,#323,#324,
    #325,#326,#327,#328,#329,#330,#331,#332,#333,#334),.UNSPECIFIED.,.F.
  ,.F.,(5,3,3,3,3,3,3,3,3,5),(0.,0.123487206934,0.24650750129,
    0.369404069126,0.492198103404,0.615349782855,0.737999959912,
    0.860608276892,0.983194329336,1.),.UNSPECIFIED.);
#306 = CARTESIAN_POINT('',(6.148342025277,79.782639224921));
#307 = CARTESIAN_POINT('',(6.152517995738,79.789327026095));
#308 = CARTESIAN_POINT('',(6.156692349739,79.795706606528));
#309 = CARTESIAN_POINT('',(6.160865185964,79.801784144675));
#310 = CARTESIAN_POINT('',(6.169192248842,79.813324028161));
#311 = CARTESIAN_POINT('',(6.17334648619,79.818788613212));
#312 = CARTESIAN_POINT('',(6.177499413695,79.823964084726));
#313 = CARTESIAN_POINT('',(6.185798670306,79.83374095872));
#314 = CARTESIAN_POINT('',(6.189945001834,79.838342933771));
#315 = CARTESIAN_POINT('',(6.19409022248,79.842665431365));
#316 = CARTESIAN_POINT('',(6.202375181206,79.850755627071));
#317 = CARTESIAN_POINT('',(6.206514920965,79.854523785412));
#318 = CARTESIAN_POINT('',(6.210653748018,79.858020448975));
#319 = CARTESIAN_POINT('',(6.218941825534,79.864486211102));
#320 = CARTESIAN_POINT('',(6.223091071237,79.867453743732));
#321 = CARTESIAN_POINT('',(6.227239596939,79.870154264488));
#322 = CARTESIAN_POINT('',(6.235518515671,79.875015948249));
#323 = CARTESIAN_POINT('',(6.239648913737,79.877179263084));
#324 = CARTESIAN_POINT('',(6.243778794196,79.879082275304));
#325 = CARTESIAN_POINT('',(6.252036306829,79.882370210407));
#326 = CARTESIAN_POINT('',(6.256163939281,79.88375531004));
#327 = CARTESIAN_POINT('',(6.260291250603,79.884883359465));
#328 = CARTESIAN_POINT('',(6.268544677722,79.886626832286));
#329 = CARTESIAN_POINT('',(6.272670793594,79.887242348812));
#330 = CARTESIAN_POINT('',(6.276796784535,79.88760254068));
#331 = CARTESIAN_POINT('',(6.281488388748,79.887721896136));
#332 = CARTESIAN_POINT('',(6.282054028394,79.887731489308));
#333 = CARTESIAN_POINT('',(6.282619667787,79.887736285894));
#334 = CARTESIAN_POINT('',(6.28318530718,79.887736285894));
#335 = ( GEOMETRIC_REPRESENTATION_CONTEXT(2) 
PARAMETRIC_REPRESENTATION_CONTEXT() REPRESENTATION_CONTEXT('2D SPACE',''
  ) );
#336 = ADVANCED_FACE('',(#337),#47,.T.);
#337 = FACE_BOUND('',#338,.T.);
#338 = EDGE_LOOP('',(#339,#340,#341,#442,#470,#493));
#339 = ORIENTED_EDGE('',*,*,#21,.F.);
#340 = ORIENTED_EDGE('',*,*,#61,.F.);
#341 = ORIENTED_EDGE('',*,*,#342,.T.);
#342 = EDGE_CURVE('',#62,#343,#345,.T.);
#343 = VERTEX_POINT('',#344);
#344 = CARTESIAN_POINT('',(42.584818045996,7.,26.042001476677));
#345 = SURFACE_CURVE('',#346,(#376,#409),.PCURVE_S1.);
#346 = B_SPLINE_CURVE_WITH_KNOTS('',4,(#347,#348,#349,#350,#351,#352,
    #353,#354,#355,#356,#357,#358,#359,#360,#361,#362,#363,#364,#365,
    #366,#367,#368,#369,#370,#371,#372,#373,#374,#375),.UNSPECIFIED.,.F.
  ,.F.,(5,3,3,3,3,3,3,3,3,5),(0.,5.900565163777E-03,0.127966785285,
    0.250064486822,0.372223785254,0.494475206278,0.6168498937,
    0.739379826714,0.862098050003,1.),.UNSPECIFIED.);
#347 = CARTESIAN_POINT('',(43.119982380502,0.,25.796785476596));
#348 = CARTESIAN_POINT('',(43.119982380502,1.035471975109E-02,
    25.796785476596));
#349 = CARTESIAN_POINT('',(43.119979272912,2.070943950326E-02,
    25.796786874178));
#350 = CARTESIAN_POINT('',(43.119973057732,3.106415826794E-02,
    25.796789669343));
#351 = CARTESIAN_POINT('',(43.119770872885,0.255629057345,
    25.796880598445));
#352 = CARTESIAN_POINT('',(43.118248084976,0.469838394486,
    25.797565447286));
#353 = CARTESIAN_POINT('',(43.115395374596,0.684038157991,25.79884845536
    ));
#354 = CARTESIAN_POINT('',(43.107029184146,1.112456279125,
    25.802613305084));
#355 = CARTESIAN_POINT('',(43.101515018196,1.326674625473,
    25.805095455862));
#356 = CARTESIAN_POINT('',(43.094670397615,1.540865883208,
    25.808178105391));
#357 = CARTESIAN_POINT('',(43.078316432497,1.969284636751,25.81555023235
    ));
#358 = CARTESIAN_POINT('',(43.068805745685,2.183512094475,
    25.819840317879));
#359 = CARTESIAN_POINT('',(43.057963571364,2.397694788554,25.82473548448
    ));
#360 = CARTESIAN_POINT('',(43.033607550085,2.826114290371,
    25.835746054981));
#361 = CARTESIAN_POINT('',(43.020091695,3.040351015226,25.841862376377)
  );
#362 = CARTESIAN_POINT('',(43.005242827096,3.254525035692,
    25.848590628063));
#363 = CARTESIAN_POINT('',(42.972863432253,3.682945406221,
    25.863286294783));
#364 = CARTESIAN_POINT('',(42.955330217116,3.897191609534,25.87125495252
    ));
#365 = CARTESIAN_POINT('',(42.936461984152,4.111356792867,
    25.879844692815));
#366 = CARTESIAN_POINT('',(42.896030772079,4.539778158823,
    25.898287925304));
#367 = CARTESIAN_POINT('',(42.874464405565,4.754034110218,
    25.908143006984));
#368 = CARTESIAN_POINT('',(42.851560554161,4.968190237123,
    25.918630675097));
#369 = CARTESIAN_POINT('',(42.803041833747,5.396612733321,25.94090020703
    ));
#370 = CARTESIAN_POINT('',(42.777422853833,5.610878764237,
    25.952684034965));
#371 = CARTESIAN_POINT('',(42.750463483139,5.825025556665,25.96511436627
    ));
#372 = CARTESIAN_POINT('',(42.690364117474,6.279541104462,
    25.992900870114));
#373 = CARTESIAN_POINT('',(42.65687211434,6.519875977636,26.008428762193
    ));
#374 = CARTESIAN_POINT('',(42.621689594435,6.76003389094,26.024791794895
    ));
#375 = CARTESIAN_POINT('',(42.584817953804,7.0000006,26.042001519707));
#376 = PCURVE('',#47,#377);
#377 = DEFINITIONAL_REPRESENTATION('',(#378),#408);
#378 = B_SPLINE_CURVE_WITH_KNOTS('',4,(#379,#380,#381,#382,#383,#384,
    #385,#386,#387,#388,#389,#390,#391,#392,#393,#394,#395,#396,#397,
    #398,#399,#400,#401,#402,#403,#404,#405,#406,#407),.UNSPECIFIED.,.F.
  ,.F.,(5,3,3,3,3,3,3,3,3,5),(0.,5.900565163777E-03,0.127966785285,
    0.250064486822,0.372223785254,0.494475206278,0.6168498937,
    0.739379826714,0.862098050003,1.),.UNSPECIFIED.);
#379 = CARTESIAN_POINT('',(4.248979671738,0.));
#380 = CARTESIAN_POINT('',(4.248979671738,-1.035471975109E-02));
#381 = CARTESIAN_POINT('',(4.248979584889,-2.070943950326E-02));
#382 = CARTESIAN_POINT('',(4.24897941119,-3.106415826794E-02));
#383 = CARTESIAN_POINT('',(4.248973760623,-0.255629057345));
#384 = CARTESIAN_POINT('',(4.248931202446,-0.469838394486));
#385 = CARTESIAN_POINT('',(4.248851475606,-0.684038157991));
#386 = CARTESIAN_POINT('',(4.248617632679,-1.112456279125));
#387 = CARTESIAN_POINT('',(4.248463497412,-1.326674625473));
#388 = CARTESIAN_POINT('',(4.248272152522,-1.540865883208));
#389 = CARTESIAN_POINT('',(4.24781488565,-1.969284636751));
#390 = CARTESIAN_POINT('',(4.247548926096,-2.183512094475));
#391 = CARTESIAN_POINT('',(4.247245676783,-2.397694788554));
#392 = CARTESIAN_POINT('',(4.24656427853,-2.826114290371));
#393 = CARTESIAN_POINT('',(4.246186073283,-3.040351015226));
#394 = CARTESIAN_POINT('',(4.245770458622,-3.254525035692));
#395 = CARTESIAN_POINT('',(4.244863869641,-3.682945406221));
#396 = CARTESIAN_POINT('',(4.244372819763,-3.897191609534));
#397 = CARTESIAN_POINT('',(4.243844200783,-4.111356792867));
#398 = CARTESIAN_POINT('',(4.242711001587,-4.539778158823));
#399 = CARTESIAN_POINT('',(4.242106325864,-4.754034110218));
#400 = CARTESIAN_POINT('',(4.241463880636,-4.968190237123));
#401 = CARTESIAN_POINT('',(4.240102280469,-5.396612733321));
#402 = CARTESIAN_POINT('',(4.239383009177,-5.610878764237));
#403 = CARTESIAN_POINT('',(4.23862572641,-5.825025556665));
#404 = CARTESIAN_POINT('',(4.236936582575,-6.279541104462));
#405 = CARTESIAN_POINT('',(4.235994714128,-6.519875977636));
#406 = CARTESIAN_POINT('',(4.23500465082,-6.76003389094));
#407 = CARTESIAN_POINT('',(4.233966273007,-7.0000006));
#408 = ( GEOMETRIC_REPRESENTATION_CONTEXT(2) 
PARAMETRIC_REPRESENTATION_CONTEXT() REPRESENTATION_CONTEXT('2D SPACE',''
  ) );
#409 = PCURVE('',#145,#410);
#410 = DEFINITIONAL_REPRESENTATION('',(#411),#441);
#411 = B_SPLINE_CURVE_WITH_KNOTS('',4,(#412,#413,#414,#415,#416,#417,
    #418,#419,#420,#421,#422,#423,#424,#425,#426,#427,#428,#429,#430,
    #431,#432,#433,#434,#435,#436,#437,#438,#439,#440),.UNSPECIFIED.,.F.
  ,.F.,(5,3,3,3,3,3,3,3,3,5),(0.,5.900565163777E-03,0.127966785285,
    0.250064486822,0.372223785254,0.494475206278,0.6168498937,
    0.739379826714,0.862098050003,1.),.UNSPECIFIED.);
#412 = CARTESIAN_POINT('',(0.,11.986564152369));
#413 = CARTESIAN_POINT('',(2.401373836314E-04,11.986564152369));
#414 = CARTESIAN_POINT('',(4.802747672881E-04,11.986565566123));
#415 = CARTESIAN_POINT('',(7.20412158027E-04,11.986568393632));
#416 = CARTESIAN_POINT('',(5.92832205957E-03,11.986660374913));
#417 = CARTESIAN_POINT('',(1.089610061834E-02,11.987353148417));
#418 = CARTESIAN_POINT('',(1.586394827494E-02,11.988651002488));
#419 = CARTESIAN_POINT('',(2.580118810653E-02,11.992459406782));
#420 = CARTESIAN_POINT('',(3.077058030431E-02,11.994970269704));
#421 = CARTESIAN_POINT('',(3.574016673089E-02,11.998088570586));
#422 = CARTESIAN_POINT('',(4.568235755453E-02,12.005545928008));
#423 = CARTESIAN_POINT('',(5.065496216335E-02,12.009885599661));
#424 = CARTESIAN_POINT('',(5.562788359129E-02,12.01483732648));
#425 = CARTESIAN_POINT('',(6.557822823692E-02,12.025975054782));
#426 = CARTESIAN_POINT('',(7.05556519741E-02,12.032161984307));
#427 = CARTESIAN_POINT('',(7.553351088138E-02,12.038967870063));
#428 = CARTESIAN_POINT('',(8.549522993322E-02,12.053832996607));
#429 = CARTESIAN_POINT('',(9.047909101874E-02,12.061893494323));
#430 = CARTESIAN_POINT('',(9.546349960207E-02,12.070582169261));
#431 = CARTESIAN_POINT('',(0.105439838519,12.089237662187));
#432 = CARTESIAN_POINT('',(0.11043177032,12.09920608775));
#433 = CARTESIAN_POINT('',(0.115424354019,12.109814279901));
#434 = CARTESIAN_POINT('',(0.125418590417,12.132339496241));
#435 = CARTESIAN_POINT('',(0.13042024521,12.144258506739));
#436 = CARTESIAN_POINT('',(0.135422646302,12.156831302866));
#437 = CARTESIAN_POINT('',(0.146048056407,12.184935926162));
#438 = CARTESIAN_POINT('',(0.15167127257,12.20064139844));
#439 = CARTESIAN_POINT('',(0.157295535564,12.217191329974));
#440 = CARTESIAN_POINT('',(0.162920892498,12.234597345943));
#441 = ( GEOMETRIC_REPRESENTATION_CONTEXT(2) 
PARAMETRIC_REPRESENTATION_CONTEXT() REPRESENTATION_CONTEXT('2D SPACE',''
  ) );
#442 = ORIENTED_EDGE('',*,*,#443,.T.);
#443 = EDGE_CURVE('',#343,#444,#446,.T.);
#444 = VERTEX_POINT('',#445);
#445 = CARTESIAN_POINT('',(101.,7.,58.));
#446 = SURFACE_CURVE('',#447,(#452,#458),.PCURVE_S1.);
#447 = ELLIPSE('',#448,40.,36.);
#448 = AXIS2_PLACEMENT_3D('',#449,#450,#451);
#449 = CARTESIAN_POINT('',(61.,7.,58.));
#450 = DIRECTION('',(0.,-1.,0.));
#451 = DIRECTION('',(1.,0.,0.));
#452 = PCURVE('',#47,#453);
#453 = DEFINITIONAL_REPRESENTATION('',(#454),#457);
#454 = B_SPLINE_CURVE_WITH_KNOTS('',1,(#455,#456),.UNSPECIFIED.,.F.,.F.,
  (2,2),(4.159673867288,6.28318530718),.PIECEWISE_BEZIER_KNOTS.);
#455 = CARTESIAN_POINT('',(4.159673867288,-7.));
#456 = CARTESIAN_POINT('',(6.28318530718,-7.));
#457 = ( GEOMETRIC_REPRESENTATION_CONTEXT(2) 
PARAMETRIC_REPRESENTATION_CONTEXT() REPRESENTATION_CONTEXT('2D SPACE',''
  ) );
#458 = PCURVE('',#459,#464);
#459 = PLANE('',#460);
#460 = AXIS2_PLACEMENT_3D('',#461,#462,#463);
#461 = CARTESIAN_POINT('',(61.532700833651,7.,58.));
#462 = DIRECTION('',(-0.,-1.,-0.));
#463 = DIRECTION('',(0.,0.,-1.));
#464 = DEFINITIONAL_REPRESENTATION('',(#465),#469);
#465 = ELLIPSE('',#466,40.,36.);
#466 = AXIS2_PLACEMENT_2D('',#467,#468);
#467 = CARTESIAN_POINT('',(7.105427357601E-15,-0.532700833651));
#468 = DIRECTION('',(0.,1.));
#469 = ( GEOMETRIC_REPRESENTATION_CONTEXT(2) 
PARAMETRIC_REPRESENTATION_CONTEXT() REPRESENTATION_CONTEXT('2D SPACE',''
  ) );
#470 = ORIENTED_EDGE('',*,*,#471,.T.);
#471 = EDGE_CURVE('',#444,#472,#474,.T.);
#472 = VERTEX_POINT('',#473);
#473 = CARTESIAN_POINT('',(51.597103445408,7.,92.991202958326));
#474 = SURFACE_CURVE('',#475,(#480,#486),.PCURVE_S1.);
#475 = ELLIPSE('',#476,40.,36.);
#476 = AXIS2_PLACEMENT_3D('',#477,#478,#479);
#477 = CARTESIAN_POINT('',(61.,7.,58.));
#478 = DIRECTION('',(0.,-1.,0.));
#479 = DIRECTION('',(1.,0.,0.));
#480 = PCURVE('',#47,#481);
#481 = DEFINITIONAL_REPRESENTATION('',(#482),#485);
#482 = B_SPLINE_CURVE_WITH_KNOTS('',1,(#483,#484),.UNSPECIFIED.,.F.,.F.,
  (2,2),(0.,2.123511439892),.PIECEWISE_BEZIER_KNOTS.);
#483 = CARTESIAN_POINT('',(6.28318530718,-7.));
#484 = CARTESIAN_POINT('',(8.406696747071,-7.));
#485 = ( GEOMETRIC_REPRESENTATION_CONTEXT(2) 
PARAMETRIC_REPRESENTATION_CONTEXT() REPRESENTATION_CONTEXT('2D SPACE',''
  ) );
#486 = PCURVE('',#459,#487);
#487 = DEFINITIONAL_REPRESENTATION('',(#488),#492);
#488 = ELLIPSE('',#489,40.,36.);
#489 = AXIS2_PLACEMENT_2D('',#490,#491);
#490 = CARTESIAN_POINT('',(7.105427357601E-15,-0.532700833651));
#491 = DIRECTION('',(0.,1.));
#492 = ( GEOMETRIC_REPRESENTATION_CONTEXT(2) 
PARAMETRIC_REPRESENTATION_CONTEXT() REPRESENTATION_CONTEXT('2D SPACE',''
  ) );
#493 = ORIENTED_EDGE('',*,*,#494,.T.);
#494 = EDGE_CURVE('',#472,#24,#495,.T.);
#495 = SURFACE_CURVE('',#496,(#526,#559),.PCURVE_S1.);
#496 = B_SPLINE_CURVE_WITH_KNOTS('',4,(#497,#498,#499,#500,#501,#502,
    #503,#504,#505,#506,#507,#508,#509,#510,#511,#512,#513,#514,#515,
    #516,#517,#518,#519,#520,#521,#522,#523,#524,#525),.UNSPECIFIED.,.F.
  ,.F.,(5,3,3,3,3,3,3,3,3,5),(0.,0.12388815936,0.247308528499,
    0.370644518008,0.49383746639,0.617387795323,0.740436556989,
    0.863483511827,0.986468574421,1.),.UNSPECIFIED.);
#497 = CARTESIAN_POINT('',(51.597103360938,7.0000006,92.99120293994));
#498 = CARTESIAN_POINT('',(51.627515186603,6.783980228369,
    92.997822517883));
#499 = CARTESIAN_POINT('',(51.656659640329,6.567861063254,
    93.004136018127));
#500 = CARTESIAN_POINT('',(51.68453882891,6.351649749655,93.010149598063
    ));
#501 = CARTESIAN_POINT('',(51.737669898525,5.919872453254,
    93.021566030425));
#502 = CARTESIAN_POINT('',(51.76293130227,5.704307117792,93.026971103685
    ));
#503 = CARTESIAN_POINT('',(51.786940663957,5.488663118801,
    93.032089124818));
#504 = CARTESIAN_POINT('',(51.832442925173,5.057377721721,
    93.041756792821));
#505 = CARTESIAN_POINT('',(51.853937533709,4.841736423978,
    93.046306826326));
#506 = CARTESIAN_POINT('',(51.874184987546,4.626028998081,
    93.050579221158));
#507 = CARTESIAN_POINT('',(51.912166217013,4.194744289405,
    93.058571593989));
#508 = CARTESIAN_POINT('',(51.929902880526,3.979167147088,
    93.062292207282));
#509 = CARTESIAN_POINT('',(51.946397941195,3.763536155287,
    93.065743302193));
#510 = CARTESIAN_POINT('',(51.976951257481,3.331552697659,93.07212167533
    ));
#511 = CARTESIAN_POINT('',(51.991002305024,3.11519995475,93.075047405226
    ));
#512 = CARTESIAN_POINT('',(52.003806698477,2.898805042858,
    93.077708076387));
#513 = CARTESIAN_POINT('',(52.026876896343,2.466821353477,93.08249411136
    ));
#514 = CARTESIAN_POINT('',(52.037152795346,2.251232870849,
    93.084621604688));
#515 = CARTESIAN_POINT('',(52.046193767333,2.035614286661,
    93.086490686028));
#516 = CARTESIAN_POINT('',(52.061806845735,1.604331666146,
    93.089715038775));
#517 = CARTESIAN_POINT('',(52.068378988342,1.388667631659,
    93.091070317876));
#518 = CARTESIAN_POINT('',(52.073717343154,1.172985081755,93.0921702305)
  );
#519 = CARTESIAN_POINT('',(52.081924993358,0.741702958068,
    93.093860492557));
#520 = CARTESIAN_POINT('',(52.084795529298,0.526103398224,
    93.094451098098));
#521 = CARTESIAN_POINT('',(52.086434098419,0.310496841115,
    93.094788187203));
#522 = CARTESIAN_POINT('',(52.086885469061,7.11667811101E-02,
    93.094881042425));
#523 = CARTESIAN_POINT('',(52.086915295412,4.744452583358E-02,
    93.094887178188));
#524 = CARTESIAN_POINT('',(52.086930208587,2.372226291723E-02,
    93.094890246069));
#525 = CARTESIAN_POINT('',(52.086930208587,0.,93.094890246069));
#526 = PCURVE('',#47,#527);
#527 = DEFINITIONAL_REPRESENTATION('',(#528),#558);
#528 = B_SPLINE_CURVE_WITH_KNOTS('',4,(#529,#530,#531,#532,#533,#534,
    #535,#536,#537,#538,#539,#540,#541,#542,#543,#544,#545,#546,#547,
    #548,#549,#550,#551,#552,#553,#554,#555,#556,#557),.UNSPECIFIED.,.F.
  ,.F.,(5,3,3,3,3,3,3,3,3,5),(0.,0.12388815936,0.247308528499,
    0.370644518008,0.49383746639,0.617387795323,0.740436556989,
    0.863483511827,0.986468574421,1.),.UNSPECIFIED.);
#529 = CARTESIAN_POINT('',(8.091274705128,-7.0000006));
#530 = CARTESIAN_POINT('',(8.090492490149,-6.783980228369));
#531 = CARTESIAN_POINT('',(8.089743070223,-6.567861063254));
#532 = CARTESIAN_POINT('',(8.089026352706,-6.351649749655));
#533 = CARTESIAN_POINT('',(8.087660744353,-5.919872453254));
#534 = CARTESIAN_POINT('',(8.087011607624,-5.704307117792));
#535 = CARTESIAN_POINT('',(8.086394767101,-5.488663118801));
#536 = CARTESIAN_POINT('',(8.085225942053,-5.057377721721));
#537 = CARTESIAN_POINT('',(8.08467391347,-4.841736423978));
#538 = CARTESIAN_POINT('',(8.084154001074,-4.626028998081));
#539 = CARTESIAN_POINT('',(8.083178861484,-4.194744289405));
#540 = CARTESIAN_POINT('',(8.082723559967,-3.979167147088));
#541 = CARTESIAN_POINT('',(8.082300187543,-3.763536155287));
#542 = CARTESIAN_POINT('',(8.081516075044,-3.331552697659));
#543 = CARTESIAN_POINT('',(8.081155520225,-3.11519995475));
#544 = CARTESIAN_POINT('',(8.080826989224,-2.898805042858));
#545 = CARTESIAN_POINT('',(8.080235110223,-2.466821353477));
#546 = CARTESIAN_POINT('',(8.079971503016,-2.251232870849));
#547 = CARTESIAN_POINT('',(8.07973959235,-2.035614286661));
#548 = CARTESIAN_POINT('',(8.079339121267,-1.604331666146));
#549 = CARTESIAN_POINT('',(8.079170559917,-1.388667631659));
#550 = CARTESIAN_POINT('',(8.0790336484,-1.172985081755));
#551 = CARTESIAN_POINT('',(8.078823153945,-0.741702958068));
#552 = CARTESIAN_POINT('',(8.078749539187,-0.526103398224));
#553 = CARTESIAN_POINT('',(8.078707518422,-0.310496841115));
#554 = CARTESIAN_POINT('',(8.078695943124,-7.11667811101E-02));
#555 = CARTESIAN_POINT('',(8.078695178235,-4.744452583358E-02));
#556 = CARTESIAN_POINT('',(8.07869479579,-2.372226291723E-02));
#557 = CARTESIAN_POINT('',(8.07869479579,0.));
#558 = ( GEOMETRIC_REPRESENTATION_CONTEXT(2) 
PARAMETRIC_REPRESENTATION_CONTEXT() REPRESENTATION_CONTEXT('2D SPACE',''
  ) );
#559 = PCURVE('',#145,#560);
#560 = DEFINITIONAL_REPRESENTATION('',(#561),#591);
#561 = B_SPLINE_CURVE_WITH_KNOTS('',4,(#562,#563,#564,#565,#566,#567,
    #568,#569,#570,#571,#572,#573,#574,#575,#576,#577,#578,#579,#580,
    #581,#582,#583,#584,#585,#586,#587,#588,#589,#590),.UNSPECIFIED.,.F.
  ,.F.,(5,3,3,3,3,3,3,3,3,5),(0.,0.12388815936,0.247308528499,
    0.370644518008,0.49383746639,0.617387795323,0.740436556989,
    0.863483511827,0.986468574421,1.),.UNSPECIFIED.);
#562 = CARTESIAN_POINT('',(0.134843281903,79.782639224921));
#563 = CARTESIAN_POINT('',(0.130653752421,79.789348740815));
#564 = CARTESIAN_POINT('',(0.126465849915,79.795748031188));
#565 = CARTESIAN_POINT('',(0.122279474734,79.801843334863));
#566 = CARTESIAN_POINT('',(0.113925380696,79.813414930254));
#567 = CARTESIAN_POINT('',(0.109757651095,79.818893472925));
#568 = CARTESIAN_POINT('',(0.105591238903,79.824081068224));
#569 = CARTESIAN_POINT('',(9.726369822171E-02,79.833880168966));
#570 = CARTESIAN_POINT('',(9.310256807856E-02,79.838492066289));
#571 = CARTESIAN_POINT('',(8.894255513361E-02,79.842822554657));
#572 = CARTESIAN_POINT('',(8.06293882399E-02,79.850923610477));
#573 = CARTESIAN_POINT('',(7.647623194244E-02,79.854694821852));
#574 = CARTESIAN_POINT('',(7.23239919725E-02,79.858192852563));
#575 = CARTESIAN_POINT('',(6.400910295146E-02,79.86465797787));
#576 = CARTESIAN_POINT('',(5.984645865757E-02,79.86762350309));
#577 = CARTESIAN_POINT('',(5.568453605128E-02,79.870320366082));
#578 = CARTESIAN_POINT('',(4.737882700674E-02,79.875171505735));
#579 = CARTESIAN_POINT('',(4.323503554207E-02,79.877327940868));
#580 = CARTESIAN_POINT('',(3.909176145113E-02,79.879222449538));
#581 = CARTESIAN_POINT('',(3.080611062848E-02,79.882490668085));
#582 = CARTESIAN_POINT('',(2.666373389283E-02,79.88386438576));
#583 = CARTESIAN_POINT('',(2.252167631087E-02,79.884979262999));
#584 = CARTESIAN_POINT('',(1.424008449088E-02,79.88669252181));
#585 = CARTESIAN_POINT('',(1.010055003958E-02,79.887291162974));
#586 = CARTESIAN_POINT('',(5.961136383463E-03,79.887632838437));
#587 = CARTESIAN_POINT('',(1.366308118645E-03,79.887726957027));
#588 = CARTESIAN_POINT('',(9.108719911807E-04,79.887733176272));
#589 = CARTESIAN_POINT('',(4.554359955987E-04,79.887736285894));
#590 = CARTESIAN_POINT('',(0.,79.887736285894));
#591 = ( GEOMETRIC_REPRESENTATION_CONTEXT(2) 
PARAMETRIC_REPRESENTATION_CONTEXT() REPRESENTATION_CONTEXT('2D SPACE',''
  ) );
#592 = ADVANCED_FACE('',(#593),#145,.T.);
#593 = FACE_BOUND('',#594,.T.);
#594 = EDGE_LOOP('',(#595,#622,#1296,#1297,#1298,#1516,#1616,#1643,#1744
    ,#1960,#1961,#1988,#2015,#2016,#2017,#2235,#2342,#2343,#2435,#2651)
  );
#595 = ORIENTED_EDGE('',*,*,#596,.F.);
#596 = EDGE_CURVE('',#597,#62,#599,.T.);
#597 = VERTEX_POINT('',#598);
#598 = CARTESIAN_POINT('',(41.415079704648,0.,16.));
#599 = SEAM_CURVE('',#600,(#608,#615),.PCURVE_S1.);
#600 = B_SPLINE_CURVE_WITH_KNOTS('',3,(#601,#602,#603,#604,#605,#606,
    #607),.UNSPECIFIED.,.F.,.F.,(4,1,1,1,4),(0.,11.180339887499,
    41.383816508577,66.627627631306,85.369292445297),.UNSPECIFIED.);
#601 = CARTESIAN_POINT('',(41.,0.,14.));
#602 = CARTESIAN_POINT('',(41.780129637106,0.,17.649971467962));
#603 = CARTESIAN_POINT('',(44.217039009117,0.,31.226608036458));
#604 = CARTESIAN_POINT('',(46.004064815909,0.,53.399056517748));
#605 = CARTESIAN_POINT('',(49.630357583454,0.,77.864377133735));
#606 = CARTESIAN_POINT('',(51.937667456241,-0.,92.343397827134));
#607 = CARTESIAN_POINT('',(53.,0.,98.5));
#608 = PCURVE('',#145,#609);
#609 = DEFINITIONAL_REPRESENTATION('',(#610),#614);
#610 = LINE('',#611,#612);
#611 = CARTESIAN_POINT('',(0.,0.));
#612 = VECTOR('',#613,1.);
#613 = DIRECTION('',(0.,1.));
#614 = ( GEOMETRIC_REPRESENTATION_CONTEXT(2) 
PARAMETRIC_REPRESENTATION_CONTEXT() REPRESENTATION_CONTEXT('2D SPACE',''
  ) );
#615 = PCURVE('',#145,#616);
#616 = DEFINITIONAL_REPRESENTATION('',(#617),#621);
#617 = LINE('',#618,#619);
#618 = CARTESIAN_POINT('',(6.28318530718,0.));
#619 = VECTOR('',#620,1.);
#620 = DIRECTION('',(0.,1.));
#621 = ( GEOMETRIC_REPRESENTATION_CONTEXT(2) 
PARAMETRIC_REPRESENTATION_CONTEXT() REPRESENTATION_CONTEXT('2D SPACE',''
  ) );
#622 = ORIENTED_EDGE('',*,*,#623,.F.);
#623 = EDGE_CURVE('',#597,#597,#624,.T.);
#624 = SURFACE_CURVE('',#625,(#845,#1068),.PCURVE_S1.);
#625 = B_SPLINE_CURVE_WITH_KNOTS('',8,(#626,#627,#628,#629,#630,#631,
    #632,#633,#634,#635,#636,#637,#638,#639,#640,#641,#642,#643,#644,
    #645,#646,#647,#648,#649,#650,#651,#652,#653,#654,#655,#656,#657,
    #658,#659,#660,#661,#662,#663,#664,#665,#666,#667,#668,#669,#670,
    #671,#672,#673,#674,#675,#676,#677,#678,#679,#680,#681,#682,#683,
    #684,#685,#686,#687,#688,#689,#690,#691,#692,#693,#694,#695,#696,
    #697,#698,#699,#700,#701,#702,#703,#704,#705,#706,#707,#708,#709,
    #710,#711,#712,#713,#714,#715,#716,#717,#718,#719,#720,#721,#722,
    #723,#724,#725,#726,#727,#728,#729,#730,#731,#732,#733,#734,#735,
    #736,#737,#738,#739,#740,#741,#742,#743,#744,#745,#746,#747,#748,
    #749,#750,#751,#752,#753,#754,#755,#756,#757,#758,#759,#760,#761,
    #762,#763,#764,#765,#766,#767,#768,#769,#770,#771,#772,#773,#774,
    #775,#776,#777,#778,#779,#780,#781,#782,#783,#784,#785,#786,#787,
    #788,#789,#790,#791,#792,#793,#794,#795,#796,#797,#798,#799,#800,
    #801,#802,#803,#804,#805,#806,#807,#808,#809,#810,#811,#812,#813,
    #814,#815,#816,#817,#818,#819,#820,#821,#822,#823,#824,#825,#826,
    #827,#828,#829,#830,#831,#832,#833,#834,#835,#836,#837,#838,#839,
    #840,#841,#842,#843,#844),.UNSPECIFIED.,.T.,.F.,(9,7,7,7,7,7,7,7,7,7
    ,7,7,7,7,7,7,7,7,7,7,7,7,7,7,7,7,7,7,7,7,7,9),(0.,2.900035355416E-02
    ,5.800070710832E-02,8.700106066246E-02,0.139001288136,0.164001592922
    ,0.226001374186,0.262001813099,0.308002153143,0.333002457928,
    0.353002701755,0.394003201662,0.423003555217,0.438003738087,
    0.464004055064,0.493004408618,0.52100474998,0.540004981616,
    0.56900533517,0.596005664339,0.622005981317,0.650006322678,
    0.679006676233,0.707007017594,0.736007371149,0.765007724703,
    0.790008029488,0.819008383042,0.848008736597,0.877009090151,
    0.900009370553,1.),.UNSPECIFIED.);
#626 = CARTESIAN_POINT('',(41.415079704648,-7.105427357601E-15,16.));
#627 = CARTESIAN_POINT('',(41.415079744566,-0.943291777762,16.));
#628 = CARTESIAN_POINT('',(41.390525450307,-1.886585408687,16.));
#629 = CARTESIAN_POINT('',(41.34141697735,-2.829132535323,16.));
#630 = CARTESIAN_POINT('',(41.267781540832,-3.770187272364,16.));
#631 = CARTESIAN_POINT('',(41.169673415553,-4.709006206648,16.));
#632 = CARTESIAN_POINT('',(41.047173935971,-5.644848397164,16.));
#633 = CARTESIAN_POINT('',(40.900391496205,-6.576975375041,16.));
#634 = CARTESIAN_POINT('',(40.558531682381,-8.432326926544,16.));
#635 = CARTESIAN_POINT('',(40.363453636713,-9.355555145138,16.));
#636 = CARTESIAN_POINT('',(40.144363172622,-10.27359985896,16.));
#637 = CARTESIAN_POINT('',(39.90142221342,-11.18573246224,16.));
#638 = CARTESIAN_POINT('',(39.634818846149,-12.09123168376,16.));
#639 = CARTESIAN_POINT('',(39.344767321573,-12.98938358691,16.));
#640 = CARTESIAN_POINT('',(39.031508054184,-13.87948156967,16.));
#641 = CARTESIAN_POINT('',(38.35910726481,-15.64217118796,16.));
#642 = CARTESIAN_POINT('',(37.999964421846,-16.51476628642,16.));
#643 = CARTESIAN_POINT('',(37.618145962062,-17.37791250336,16.));
#644 = CARTESIAN_POINT('',(37.213943155733,-18.23092263634,16.));
#645 = CARTESIAN_POINT('',(36.787671674654,-19.07312143712,16.));
#646 = CARTESIAN_POINT('',(36.339671592144,-19.90384561163,16.));
#647 = CARTESIAN_POINT('',(35.870307383042,-20.72244381999,16.));
#648 = CARTESIAN_POINT('',(34.500744859437,-22.9732081279,16.));
#649 = CARTESIAN_POINT('',(33.55406208147,-24.37713148774,16.));
#650 = CARTESIAN_POINT('',(32.542175795705,-25.73632835248,16.));
#651 = CARTESIAN_POINT('',(31.46756824701,-27.04727363424,16.));
#652 = CARTESIAN_POINT('',(30.332933459013,-28.30662378943,16.));
#653 = CARTESIAN_POINT('',(29.141172320652,-29.51121308106,16.));
#654 = CARTESIAN_POINT('',(27.895397019495,-30.65805787502,16.));
#655 = CARTESIAN_POINT('',(25.975645868361,-32.26663782237,16.));
#656 = CARTESIAN_POINT('',(25.340626518795,-32.77492040493,16.));
#657 = CARTESIAN_POINT('',(24.694253965131,-33.2689091269,16.));
#658 = CARTESIAN_POINT('',(24.036904105645,-33.74830862127,16.));
#659 = CARTESIAN_POINT('',(23.368961544895,-34.21283574481,16.));
#660 = CARTESIAN_POINT('',(22.690819593712,-34.66221957809,16.));
#661 = CARTESIAN_POINT('',(22.002880269212,-35.09620142548,16.));
#662 = CARTESIAN_POINT('',(19.576212612245,-36.55198565979,16.));
#663 = CARTESIAN_POINT('',(17.78906531476,-37.49324088925,16.));
#664 = CARTESIAN_POINT('',(15.950457596838,-38.33447585981,16.));
#665 = CARTESIAN_POINT('',(14.066945278177,-39.07244361829,16.));
#666 = CARTESIAN_POINT('',(12.145275740798,-39.70442562455,16.));
#667 = CARTESIAN_POINT('',(10.192380794612,-40.22821560659,16.));
#668 = CARTESIAN_POINT('',(8.215381471385,-40.64213654808,16.));
#669 = CARTESIAN_POINT('',(5.063911699343,-41.12100236391,16.));
#670 = CARTESIAN_POINT('',(3.900528867651,-41.25950512815,16.));
#671 = CARTESIAN_POINT('',(2.732874425134,-41.36038418521,16.));
#672 = CARTESIAN_POINT('',(1.562368976841,-41.4234890981,16.));
#673 = CARTESIAN_POINT('',(0.39043555977,-41.44873390883,16.));
#674 = CARTESIAN_POINT('',(-0.781500357127,-41.43609713835,16.));
#675 = CARTESIAN_POINT('',(-1.952010872946,-41.3856217866,16.));
#676 = CARTESIAN_POINT('',(-4.611664510171,-41.18470761328,16.));
#677 = CARTESIAN_POINT('',(-6.099028341127,-41.01039487929,16.));
#678 = CARTESIAN_POINT('',(-7.57876228727,-40.77470072418,16.));
#679 = CARTESIAN_POINT('',(-9.047910437558,-40.47802443939,16.));
#680 = CARTESIAN_POINT('',(-10.50355404638,-40.12093230906,16.));
#681 = CARTESIAN_POINT('',(-11.94281104169,-39.70415468542,16.));
#682 = CARTESIAN_POINT('',(-13.36283682519,-39.22858884448,16.));
#683 = CARTESIAN_POINT('',(-15.52060663807,-38.40547961196,16.));
#684 = CARTESIAN_POINT('',(-16.27388399176,-38.09860180816,16.));
#685 = CARTESIAN_POINT('',(-17.0202109038,-37.77484499212,16.));
#686 = CARTESIAN_POINT('',(-17.75914628477,-37.43439350406,16.));
#687 = CARTESIAN_POINT('',(-18.4902554777,-37.07744524313,16.));
#688 = CARTESIAN_POINT('',(-19.21311025808,-36.7042116674,16.));
#689 = CARTESIAN_POINT('',(-19.92728883382,-36.31491779382,16.));
#690 = CARTESIAN_POINT('',(-21.19644560371,-35.5857096562,16.));
#691 = CARTESIAN_POINT('',(-21.75469751037,-35.25149080126,16.));
#692 = CARTESIAN_POINT('',(-22.30691912936,-34.90726771018,16.));
#693 = CARTESIAN_POINT('',(-22.85290141583,-34.55316758688,16.));
#694 = CARTESIAN_POINT('',(-23.39243871592,-34.18932276247,16.));
#695 = CARTESIAN_POINT('',(-23.92532876686,-33.81587069522,16.));
#696 = CARTESIAN_POINT('',(-24.4513726969,-33.43295397065,16.));
#697 = CARTESIAN_POINT('',(-26.03432693827,-32.23664385191,16.));
#698 = CARTESIAN_POINT('',(-27.06869532296,-31.39340524636,16.));
#699 = CARTESIAN_POINT('',(-28.07178775789,-30.51228508038,16.));
#700 = CARTESIAN_POINT('',(-29.04198785232,-29.59464142717,16.));
#701 = CARTESIAN_POINT('',(-29.97775524631,-28.64190983755,16.));
#702 = CARTESIAN_POINT('',(-30.87762561068,-27.65560333994,16.));
#703 = CARTESIAN_POINT('',(-31.74021064704,-26.63731244035,16.));
#704 = CARTESIAN_POINT('',(-33.147020012,-24.8470057341,16.));
#705 = CARTESIAN_POINT('',(-33.7105362923,-24.09013375724,16.));
#706 = CARTESIAN_POINT('',(-34.25428467107,-23.31867771273,16.));
#707 = CARTESIAN_POINT('',(-34.77782569487,-22.53324089667,16.));
#708 = CARTESIAN_POINT('',(-35.28074271436,-21.73444138044,16.));
#709 = CARTESIAN_POINT('',(-35.76264188437,-20.92291201068,16.));
#710 = CARTESIAN_POINT('',(-36.22315216385,-20.09930040925,16.));
#711 = CARTESIAN_POINT('',(-36.88887712618,-18.83235586517,16.));
#712 = CARTESIAN_POINT('',(-37.11001370176,-18.39738702304,16.));
#713 = CARTESIAN_POINT('',(-37.3252870007,-17.95945388211,16.));
#714 = CARTESIAN_POINT('',(-37.5346507436,-17.51864870022,16.));
#715 = CARTESIAN_POINT('',(-37.73806041353,-17.07506455781,16.));
#716 = CARTESIAN_POINT('',(-37.93547325609,-16.62879535794,16.));
#717 = CARTESIAN_POINT('',(-38.12684827939,-16.1799358263,16.));
#718 = CARTESIAN_POINT('',(-38.63332928936,-14.94623438358,16.));
#719 = CARTESIAN_POINT('',(-38.93625460864,-14.15639061379,16.));
#720 = CARTESIAN_POINT('',(-39.22071761294,-13.35954878247,16.));
#721 = CARTESIAN_POINT('',(-39.48653043427,-12.55621279047,16.));
#722 = CARTESIAN_POINT('',(-39.73352193552,-11.74689185887,16.));
#723 = CARTESIAN_POINT('',(-39.96153771045,-10.93210052893,16.));
#724 = CARTESIAN_POINT('',(-40.1704400837,-10.11235866213,16.));
#725 = CARTESIAN_POINT('',(-40.57166091447,-8.368928262791,16.));
#726 = CARTESIAN_POINT('',(-40.75928527528,-7.444156460268,16.));
#727 = CARTESIAN_POINT('',(-40.92281351002,-6.514605361894,16.));
#728 = CARTESIAN_POINT('',(-41.06210486032,-5.581007956504,16.));
#729 = CARTESIAN_POINT('',(-41.17704549258,-4.644100892451,16.));
#730 = CARTESIAN_POINT('',(-41.26754849802,-3.704624477605,16.));
#731 = CARTESIAN_POINT('',(-41.33355389264,-2.763322679354,16.));
#732 = CARTESIAN_POINT('',(-41.41507325377,-0.911059328712,16.));
#733 = CARTESIAN_POINT('',(-41.43224997998,-1.675438885676E-04,16.));
#734 = CARTESIAN_POINT('',(-41.42652931284,0.911059458564,16.));
#735 = CARTESIAN_POINT('',(-41.3979053605,1.821949945607,16.));
#736 = CARTESIAN_POINT('',(-41.34639582224,2.731833222463,16.));
#737 = CARTESIAN_POINT('',(-41.27204198855,3.640039632618,16.));
#738 = CARTESIAN_POINT('',(-41.17490874105,4.545900557824,16.));
#739 = CARTESIAN_POINT('',(-40.97377526415,6.061395504244,16.));
#740 = CARTESIAN_POINT('',(-40.8820176321,6.67265613315,16.));
#741 = CARTESIAN_POINT('',(-40.77983930156,7.282322098365,16.));
#742 = CARTESIAN_POINT('',(-40.66727283293,7.890186147089,16.));
#743 = CARTESIAN_POINT('',(-40.54435570183,8.496041980168,16.));
#744 = CARTESIAN_POINT('',(-40.41113029915,9.099684252092,16.));
#745 = CARTESIAN_POINT('',(-40.267643931,9.700908570998,16.));
#746 = CARTESIAN_POINT('',(-39.87936173161,11.213168040566,16.));
#747 = CARTESIAN_POINT('',(-39.62099126902,12.120719962811,16.));
#748 = CARTESIAN_POINT('',(-39.33902369047,13.021442457642,16.));
#749 = CARTESIAN_POINT('',(-39.03367085023,13.914619841241,16.));
#750 = CARTESIAN_POINT('',(-38.70517019728,14.799545553733,16.));
#751 = CARTESIAN_POINT('',(-38.35378477534,15.675522159185,16.));
#752 = CARTESIAN_POINT('',(-37.97980322289,16.541861345608,16.));
#753 = CARTESIAN_POINT('',(-37.21460482437,18.194870642171,16.));
#754 = CARTESIAN_POINT('',(-36.82635416741,18.982917308864,16.));
#755 = CARTESIAN_POINT('',(-36.41904148738,19.761476146191,16.));
#756 = CARTESIAN_POINT('',(-35.99293820443,20.530009491155,16.));
#757 = CARTESIAN_POINT('',(-35.54833347367,21.287989796606,16.));
#758 = CARTESIAN_POINT('',(-35.08553418518,22.034899631237,16.));
#759 = CARTESIAN_POINT('',(-34.60486496401,22.77023167959,16.));
#760 = CARTESIAN_POINT('',(-33.62692310853,24.189958587872,16.));
#761 = CARTESIAN_POINT('',(-33.130923486,24.875233207419,16.));
#762 = CARTESIAN_POINT('',(-32.6189750862,25.548868821751,16.));
#763 = CARTESIAN_POINT('',(-32.0913972902,26.210432757575,16.));
#764 = CARTESIAN_POINT('',(-31.54852307656,26.859503447246,16.));
#765 = CARTESIAN_POINT('',(-30.99069902134,27.495670428768,16.));
#766 = CARTESIAN_POINT('',(-30.41828529806,28.118534345794,16.));
#767 = CARTESIAN_POINT('',(-29.19990084888,29.383738906598,16.));
#768 = CARTESIAN_POINT('',(-28.55165698496,30.023894181879,16.));
#769 = CARTESIAN_POINT('',(-27.88739129461,30.647687792498,16.));
#770 = CARTESIAN_POINT('',(-27.2075864911,31.254652568382,16.));
#771 = CARTESIAN_POINT('',(-26.51274079235,31.844339150353,16.));
#772 = CARTESIAN_POINT('',(-25.80336792087,32.416315990129,16.));
#773 = CARTESIAN_POINT('',(-25.0799971038,32.970169350325,16.));
#774 = CARTESIAN_POINT('',(-23.58003401751,34.059956332322,16.));
#775 = CARTESIAN_POINT('',(-22.80246078736,34.594545575821,16.));
#776 = CARTESIAN_POINT('',(-22.01105890774,35.108831287258,16.));
#777 = CARTESIAN_POINT('',(-21.20644780921,35.602397063759,16.));
#778 = CARTESIAN_POINT('',(-20.38926082756,36.074849847268,16.));
#779 = CARTESIAN_POINT('',(-19.56014520387,36.525819924542,16.));
#780 = CARTESIAN_POINT('',(-18.71976208446,36.954960927156,16.));
#781 = CARTESIAN_POINT('',(-17.04715489078,37.75490473893,16.));
#782 = CARTESIAN_POINT('',(-16.2156457792,38.127210367337,16.));
#783 = CARTESIAN_POINT('',(-15.37486675289,38.478576280522,16.));
#784 = CARTESIAN_POINT('',(-14.52543365606,38.808734157977,16.));
#785 = CARTESIAN_POINT('',(-13.66797061045,39.117437794888,16.));
#786 = CARTESIAN_POINT('',(-12.8031100153,39.404463102137,16.));
#787 = CARTESIAN_POINT('',(-11.9314925474,39.669608106297,16.));
#788 = CARTESIAN_POINT('',(-10.14469454992,40.1644594401,16.));
#789 = CARTESIAN_POINT('',(-9.229066552239,40.392562831927,16.));
#790 = CARTESIAN_POINT('',(-8.307604419271,40.59680353686,16.));
#791 = CARTESIAN_POINT('',(-7.381034242127,40.777008704503,16.));
#792 = CARTESIAN_POINT('',(-6.450086951724,40.933032222311,16.));
#793 = CARTESIAN_POINT('',(-5.515498318791,41.064754715598,16.));
#794 = CARTESIAN_POINT('',(-4.578008953867,41.172083547533,16.));
#795 = CARTESIAN_POINT('',(-2.698719667753,41.33782217028,16.));
#796 = CARTESIAN_POINT('',(-1.756916054566,41.396232286695,16.));
#797 = CARTESIAN_POINT('',(-0.813698945413,41.430117579169,16.));
#798 = CARTESIAN_POINT('',(0.130186267404,41.439439630698,16.));
#799 = CARTESIAN_POINT('',(1.073994276942,41.424187196499,16.));
#800 = CARTESIAN_POINT('',(2.016979861626,41.384376204005,16.));
#801 = CARTESIAN_POINT('',(2.958397885245,41.320049752867,16.));
#802 = CARTESIAN_POINT('',(4.707077209301,41.154750865299,16.));
#803 = CARTESIAN_POINT('',(5.514934727686,41.060056683644,16.));
#804 = CARTESIAN_POINT('',(6.32059898282,40.947240711519,16.));
#805 = CARTESIAN_POINT('',(7.123595685616,40.816362874328,16.));
#806 = CARTESIAN_POINT('',(7.923453127186,40.667497881354,16.));
#807 = CARTESIAN_POINT('',(8.719702178844,40.500735225758,16.));
#808 = CARTESIAN_POINT('',(9.5118762921,40.316179184577,16.));
#809 = CARTESIAN_POINT('',(11.213168040566,39.879361731612,16.));
#810 = CARTESIAN_POINT('',(12.120719962812,39.620991269022,16.));
#811 = CARTESIAN_POINT('',(13.021442457643,39.339023690476,16.));
#812 = CARTESIAN_POINT('',(13.914619841242,39.033670850232,16.));
#813 = CARTESIAN_POINT('',(14.799545553733,38.705170197281,16.));
#814 = CARTESIAN_POINT('',(15.675522159185,38.353784775348,16.));
#815 = CARTESIAN_POINT('',(16.541861345608,37.97980322289,16.));
#816 = CARTESIAN_POINT('',(18.253906537841,37.187276395758,16.));
#817 = CARTESIAN_POINT('',(19.099615907086,36.768729564109,16.));
#818 = CARTESIAN_POINT('',(19.93433297527,36.328213793532,16.));
#819 = CARTESIAN_POINT('',(20.757392295789,35.866067117113,16.));
#820 = CARTESIAN_POINT('',(21.568142032846,35.382651085645,16.));
#821 = CARTESIAN_POINT('',(22.365943961456,34.878350767629,16.));
#822 = CARTESIAN_POINT('',(23.150173467448,34.353574749272,16.));
#823 = CARTESIAN_POINT('',(24.69026567358,33.263935584876,16.));
#824 = CARTESIAN_POINT('',(25.44613139934,32.699070298165,16.));
#825 = CARTESIAN_POINT('',(26.187205900977,32.114591632113,16.));
#826 = CARTESIAN_POINT('',(26.912896001759,31.510952606499,16.));
#827 = CARTESIAN_POINT('',(27.622626171987,30.88862690312,16.));
#828 = CARTESIAN_POINT('',(28.315838528992,30.248108865793,16.));
#829 = CARTESIAN_POINT('',(28.991992837136,29.589913500351,16.));
#830 = CARTESIAN_POINT('',(30.172883827835,28.378964132632,16.));
#831 = CARTESIAN_POINT('',(30.684143947155,27.832568240246,16.));
#832 = CARTESIAN_POINT('',(31.184086589421,27.275655754338,16.));
#833 = CARTESIAN_POINT('',(31.672459697307,26.708500562631,16.));
#834 = CARTESIAN_POINT('',(32.149019432514,26.131383483725,16.));
#835 = CARTESIAN_POINT('',(32.613530175768,25.544592267092,16.));
#836 = CARTESIAN_POINT('',(33.06576452682,24.94842159308,16.));
#837 = CARTESIAN_POINT('',(35.417209121119,21.711935777822,16.));
#838 = CARTESIAN_POINT('',(37.093293802945,18.908388243015,16.));
#839 = CARTESIAN_POINT('',(38.514752535109,15.958205279209,16.));
#840 = CARTESIAN_POINT('',(39.667053674626,12.88860703036,16.));
#841 = CARTESIAN_POINT('',(40.53908705119,9.727944265314,16.));
#842 = CARTESIAN_POINT('',(41.123176817807,6.505683631448,16.));
#843 = CARTESIAN_POINT('',(41.415079721237,3.252388173732,16.));
#844 = CARTESIAN_POINT('',(41.415079704648,0.,16.));
#845 = PCURVE('',#145,#846);
#846 = DEFINITIONAL_REPRESENTATION('',(#847),#1067);
#847 = B_SPLINE_CURVE_WITH_KNOTS('',8,(#848,#849,#850,#851,#852,#853,
    #854,#855,#856,#857,#858,#859,#860,#861,#862,#863,#864,#865,#866,
    #867,#868,#869,#870,#871,#872,#873,#874,#875,#876,#877,#878,#879,
    #880,#881,#882,#883,#884,#885,#886,#887,#888,#889,#890,#891,#892,
    #893,#894,#895,#896,#897,#898,#899,#900,#901,#902,#903,#904,#905,
    #906,#907,#908,#909,#910,#911,#912,#913,#914,#915,#916,#917,#918,
    #919,#920,#921,#922,#923,#924,#925,#926,#927,#928,#929,#930,#931,
    #932,#933,#934,#935,#936,#937,#938,#939,#940,#941,#942,#943,#944,
    #945,#946,#947,#948,#949,#950,#951,#952,#953,#954,#955,#956,#957,
    #958,#959,#960,#961,#962,#963,#964,#965,#966,#967,#968,#969,#970,
    #971,#972,#973,#974,#975,#976,#977,#978,#979,#980,#981,#982,#983,
    #984,#985,#986,#987,#988,#989,#990,#991,#992,#993,#994,#995,#996,
    #997,#998,#999,#1000,#1001,#1002,#1003,#1004,#1005,#1006,#1007,#1008
    ,#1009,#1010,#1011,#1012,#1013,#1014,#1015,#1016,#1017,#1018,#1019,
    #1020,#1021,#1022,#1023,#1024,#1025,#1026,#1027,#1028,#1029,#1030,
    #1031,#1032,#1033,#1034,#1035,#1036,#1037,#1038,#1039,#1040,#1041,
    #1042,#1043,#1044,#1045,#1046,#1047,#1048,#1049,#1050,#1051,#1052,
    #1053,#1054,#1055,#1056,#1057,#1058,#1059,#1060,#1061,#1062,#1063,
    #1064,#1065,#1066),.UNSPECIFIED.,.F.,.F.,(9,7,7,7,7,7,7,7,7,7,7,7,7,
    7,7,7,7,7,7,7,7,7,7,7,7,7,7,7,7,7,7,9),(0.,2.900035355416E-02,
    5.800070710832E-02,8.700106066246E-02,0.139001288136,0.164001592922,
    0.226001374186,0.262001813099,0.308002153143,0.333002457928,
    0.353002701755,0.394003201662,0.423003555217,0.438003738087,
    0.464004055064,0.493004408618,0.52100474998,0.540004981616,
    0.56900533517,0.596005664339,0.622005981317,0.650006322678,
    0.679006676233,0.707007017594,0.736007371149,0.765007724703,
    0.790008029488,0.819008383042,0.848008736597,0.877009090151,
    0.900009370553,1.),.UNSPECIFIED.);
#848 = CARTESIAN_POINT('',(6.28318530718,2.040281856479));
#849 = CARTESIAN_POINT('',(6.260408760437,2.040281856479));
#850 = CARTESIAN_POINT('',(6.237632213698,2.040281856479));
#851 = CARTESIAN_POINT('',(6.214855666961,2.040281856479));
#852 = CARTESIAN_POINT('',(6.192079120225,2.040281856479));
#853 = CARTESIAN_POINT('',(6.16930257349,2.040281856479));
#854 = CARTESIAN_POINT('',(6.146526026753,2.040281856479));
#855 = CARTESIAN_POINT('',(6.123749480014,2.040281856479));
#856 = CARTESIAN_POINT('',(6.078196386528,2.040281856479));
#857 = CARTESIAN_POINT('',(6.055419839789,2.040281856479));
#858 = CARTESIAN_POINT('',(6.032643293053,2.040281856479));
#859 = CARTESIAN_POINT('',(6.009866746317,2.040281856479));
#860 = CARTESIAN_POINT('',(5.987090199582,2.040281856479));
#861 = CARTESIAN_POINT('',(5.964313652845,2.040281856479));
#862 = CARTESIAN_POINT('',(5.941537106106,2.040281856479));
#863 = CARTESIAN_POINT('',(5.89598401262,2.040281856479));
#864 = CARTESIAN_POINT('',(5.873207465881,2.040281856479));
#865 = CARTESIAN_POINT('',(5.850430919144,2.040281856479));
#866 = CARTESIAN_POINT('',(5.827654372409,2.040281856479));
#867 = CARTESIAN_POINT('',(5.804877825674,2.040281856479));
#868 = CARTESIAN_POINT('',(5.782101278937,2.040281856479));
#869 = CARTESIAN_POINT('',(5.759324732198,2.040281856479));
#870 = CARTESIAN_POINT('',(5.695707800199,2.040281856479));
#871 = CARTESIAN_POINT('',(5.654866593596,2.040281856479));
#872 = CARTESIAN_POINT('',(5.614025752281,2.040281856479));
#873 = CARTESIAN_POINT('',(5.573185367468,2.040281856479));
#874 = CARTESIAN_POINT('',(5.532344982656,2.040281856479));
#875 = CARTESIAN_POINT('',(5.491504141342,2.040281856479));
#876 = CARTESIAN_POINT('',(5.450662934737,2.040281856479));
#877 = CARTESIAN_POINT('',(5.390187595395,2.040281856479));
#878 = CARTESIAN_POINT('',(5.37055264131,2.040281856479));
#879 = CARTESIAN_POINT('',(5.350917687226,2.040281856479));
#880 = CARTESIAN_POINT('',(5.331282733142,2.040281856479));
#881 = CARTESIAN_POINT('',(5.311647779058,2.040281856479));
#882 = CARTESIAN_POINT('',(5.292012824974,2.040281856479));
#883 = CARTESIAN_POINT('',(5.272377870889,2.040281856479));
#884 = CARTESIAN_POINT('',(5.20404899611,2.040281856479));
#885 = CARTESIAN_POINT('',(5.155353105626,2.040281856479));
#886 = CARTESIAN_POINT('',(5.106658091451,2.040281856479));
#887 = CARTESIAN_POINT('',(5.05796417228,2.040281856479));
#888 = CARTESIAN_POINT('',(5.009270253109,2.040281856479));
#889 = CARTESIAN_POINT('',(4.960575238933,2.040281856479));
#890 = CARTESIAN_POINT('',(4.911879348449,2.040281856479));
#891 = CARTESIAN_POINT('',(4.834911093855,2.040281856479));
#892 = CARTESIAN_POINT('',(4.80663675997,2.040281856479));
#893 = CARTESIAN_POINT('',(4.778362426096,2.040281856479));
#894 = CARTESIAN_POINT('',(4.750088092228,2.040281856479));
#895 = CARTESIAN_POINT('',(4.72181375836,2.040281856479));
#896 = CARTESIAN_POINT('',(4.693539424486,2.040281856479));
#897 = CARTESIAN_POINT('',(4.665265090601,2.040281856479));
#898 = CARTESIAN_POINT('',(4.600862614563,2.040281856479));
#899 = CARTESIAN_POINT('',(4.564734026405,2.040281856479));
#900 = CARTESIAN_POINT('',(4.528605636582,2.040281856479));
#901 = CARTESIAN_POINT('',(4.492477494634,2.040281856479));
#902 = CARTESIAN_POINT('',(4.456349352685,2.040281856479));
#903 = CARTESIAN_POINT('',(4.420220962862,2.040281856479));
#904 = CARTESIAN_POINT('',(4.384092374704,2.040281856479));
#905 = CARTESIAN_POINT('',(4.328329278482,2.040281856479));
#906 = CARTESIAN_POINT('',(4.308694324397,2.040281856479));
#907 = CARTESIAN_POINT('',(4.289059370312,2.040281856479));
#908 = CARTESIAN_POINT('',(4.269424416229,2.040281856479));
#909 = CARTESIAN_POINT('',(4.249789462145,2.040281856479));
#910 = CARTESIAN_POINT('',(4.230154508061,2.040281856479));
#911 = CARTESIAN_POINT('',(4.210519553975,2.040281856479));
#912 = CARTESIAN_POINT('',(4.175176636621,2.040281856479));
#913 = CARTESIAN_POINT('',(4.159468673353,2.040281856479));
#914 = CARTESIAN_POINT('',(4.143760710085,2.040281856479));
#915 = CARTESIAN_POINT('',(4.128052746817,2.040281856479));
#916 = CARTESIAN_POINT('',(4.112344783549,2.040281856479));
#917 = CARTESIAN_POINT('',(4.096636820282,2.040281856479));
#918 = CARTESIAN_POINT('',(4.080928857014,2.040281856479));
#919 = CARTESIAN_POINT('',(4.033019568997,2.040281856479));
#920 = CARTESIAN_POINT('',(4.00081824429,2.040281856479));
#921 = CARTESIAN_POINT('',(3.968616919612,2.040281856479));
#922 = CARTESIAN_POINT('',(3.936415594948,2.040281856479));
#923 = CARTESIAN_POINT('',(3.904214270284,2.040281856479));
#924 = CARTESIAN_POINT('',(3.872012945606,2.040281856479));
#925 = CARTESIAN_POINT('',(3.8398116209,2.040281856479));
#926 = CARTESIAN_POINT('',(3.784833749408,2.040281856479));
#927 = CARTESIAN_POINT('',(3.762057202669,2.040281856479));
#928 = CARTESIAN_POINT('',(3.739280655932,2.040281856479));
#929 = CARTESIAN_POINT('',(3.716504109197,2.040281856479));
#930 = CARTESIAN_POINT('',(3.693727562461,2.040281856479));
#931 = CARTESIAN_POINT('',(3.670951015725,2.040281856479));
#932 = CARTESIAN_POINT('',(3.648174468986,2.040281856479));
#933 = CARTESIAN_POINT('',(3.613616949792,2.040281856479));
#934 = CARTESIAN_POINT('',(3.601835977341,2.040281856479));
#935 = CARTESIAN_POINT('',(3.59005500489,2.040281856479));
#936 = CARTESIAN_POINT('',(3.578274032439,2.040281856479));
#937 = CARTESIAN_POINT('',(3.566493059988,2.040281856479));
#938 = CARTESIAN_POINT('',(3.554712087537,2.040281856479));
#939 = CARTESIAN_POINT('',(3.542931115086,2.040281856479));
#940 = CARTESIAN_POINT('',(3.510729790385,2.040281856479));
#941 = CARTESIAN_POINT('',(3.490309438136,2.040281856479));
#942 = CARTESIAN_POINT('',(3.469889085889,2.040281856479));
#943 = CARTESIAN_POINT('',(3.449468733642,2.040281856479));
#944 = CARTESIAN_POINT('',(3.429048381395,2.040281856479));
#945 = CARTESIAN_POINT('',(3.408628029147,2.040281856479));
#946 = CARTESIAN_POINT('',(3.388207676899,2.040281856479));
#947 = CARTESIAN_POINT('',(3.345010777905,2.040281856479));
#948 = CARTESIAN_POINT('',(3.322234231166,2.040281856479));
#949 = CARTESIAN_POINT('',(3.29945768443,2.040281856479));
#950 = CARTESIAN_POINT('',(3.276681137694,2.040281856479));
#951 = CARTESIAN_POINT('',(3.253904590959,2.040281856479));
#952 = CARTESIAN_POINT('',(3.231128044222,2.040281856479));
#953 = CARTESIAN_POINT('',(3.208351497483,2.040281856479));
#954 = CARTESIAN_POINT('',(3.163583802162,2.040281856479));
#955 = CARTESIAN_POINT('',(3.141592653586,2.040281856479));
#956 = CARTESIAN_POINT('',(3.119601505012,2.040281856479));
#957 = CARTESIAN_POINT('',(3.09761035644,2.040281856479));
#958 = CARTESIAN_POINT('',(3.075619207867,2.040281856479));
#959 = CARTESIAN_POINT('',(3.053628059293,2.040281856479));
#960 = CARTESIAN_POINT('',(3.031636910718,2.040281856479));
#961 = CARTESIAN_POINT('',(2.994723197034,2.040281856479));
#962 = CARTESIAN_POINT('',(2.97980063193,2.040281856479));
#963 = CARTESIAN_POINT('',(2.964878066825,2.040281856479));
#964 = CARTESIAN_POINT('',(2.949955501721,2.040281856479));
#965 = CARTESIAN_POINT('',(2.935032936617,2.040281856479));
#966 = CARTESIAN_POINT('',(2.920110371512,2.040281856479));
#967 = CARTESIAN_POINT('',(2.905187806408,2.040281856479));
#968 = CARTESIAN_POINT('',(2.86748869456,2.040281856479));
#969 = CARTESIAN_POINT('',(2.844712147821,2.040281856479));
#970 = CARTESIAN_POINT('',(2.821935601084,2.040281856479));
#971 = CARTESIAN_POINT('',(2.799159054349,2.040281856479));
#972 = CARTESIAN_POINT('',(2.776382507613,2.040281856479));
#973 = CARTESIAN_POINT('',(2.753605960877,2.040281856479));
#974 = CARTESIAN_POINT('',(2.730829414137,2.040281856479));
#975 = CARTESIAN_POINT('',(2.68684711698,2.040281856479));
#976 = CARTESIAN_POINT('',(2.665641366568,2.040281856479));
#977 = CARTESIAN_POINT('',(2.644435616157,2.040281856479));
#978 = CARTESIAN_POINT('',(2.623229865748,2.040281856479));
#979 = CARTESIAN_POINT('',(2.602024115338,2.040281856479));
#980 = CARTESIAN_POINT('',(2.580818364927,2.040281856479));
#981 = CARTESIAN_POINT('',(2.559612614515,2.040281856479));
#982 = CARTESIAN_POINT('',(2.51798651185,2.040281856479));
#983 = CARTESIAN_POINT('',(2.497566159602,2.040281856479));
#984 = CARTESIAN_POINT('',(2.477145807354,2.040281856479));
#985 = CARTESIAN_POINT('',(2.456725455107,2.040281856479));
#986 = CARTESIAN_POINT('',(2.43630510286,2.040281856479));
#987 = CARTESIAN_POINT('',(2.415884750613,2.040281856479));
#988 = CARTESIAN_POINT('',(2.395464398364,2.040281856479));
#989 = CARTESIAN_POINT('',(2.353052897535,2.040281856479));
#990 = CARTESIAN_POINT('',(2.33106174896,2.040281856479));
#991 = CARTESIAN_POINT('',(2.309070600386,2.040281856479));
#992 = CARTESIAN_POINT('',(2.287079451813,2.040281856479));
#993 = CARTESIAN_POINT('',(2.265088303241,2.040281856479));
#994 = CARTESIAN_POINT('',(2.243097154667,2.040281856479));
#995 = CARTESIAN_POINT('',(2.221106006092,2.040281856479));
#996 = CARTESIAN_POINT('',(2.17633831077,2.040281856479));
#997 = CARTESIAN_POINT('',(2.153561764031,2.040281856479));
#998 = CARTESIAN_POINT('',(2.130785217294,2.040281856479));
#999 = CARTESIAN_POINT('',(2.108008670559,2.040281856479));
#1000 = CARTESIAN_POINT('',(2.085232123823,2.040281856479));
#1001 = CARTESIAN_POINT('',(2.062455577087,2.040281856479));
#1002 = CARTESIAN_POINT('',(2.039679030348,2.040281856479));
#1003 = CARTESIAN_POINT('',(1.994911335026,2.040281856479));
#1004 = CARTESIAN_POINT('',(1.972920186451,2.040281856479));
#1005 = CARTESIAN_POINT('',(1.950929037877,2.040281856479));
#1006 = CARTESIAN_POINT('',(1.928937889304,2.040281856479));
#1007 = CARTESIAN_POINT('',(1.906946740732,2.040281856479));
#1008 = CARTESIAN_POINT('',(1.884955592158,2.040281856479));
#1009 = CARTESIAN_POINT('',(1.862964443582,2.040281856479));
#1010 = CARTESIAN_POINT('',(1.818196748261,2.040281856479));
#1011 = CARTESIAN_POINT('',(1.795420201522,2.040281856479));
#1012 = CARTESIAN_POINT('',(1.772643654785,2.040281856479));
#1013 = CARTESIAN_POINT('',(1.74986710805,2.040281856479));
#1014 = CARTESIAN_POINT('',(1.727090561314,2.040281856479));
#1015 = CARTESIAN_POINT('',(1.704314014578,2.040281856479));
#1016 = CARTESIAN_POINT('',(1.681537467838,2.040281856479));
#1017 = CARTESIAN_POINT('',(1.635984374353,2.040281856479));
#1018 = CARTESIAN_POINT('',(1.613207827613,2.040281856479));
#1019 = CARTESIAN_POINT('',(1.590431280877,2.040281856479));
#1020 = CARTESIAN_POINT('',(1.567654734141,2.040281856479));
#1021 = CARTESIAN_POINT('',(1.544878187406,2.040281856479));
#1022 = CARTESIAN_POINT('',(1.522101640669,2.040281856479));
#1023 = CARTESIAN_POINT('',(1.49932509393,2.040281856479));
#1024 = CARTESIAN_POINT('',(1.456913593101,2.040281856479));
#1025 = CARTESIAN_POINT('',(1.437278639016,2.040281856479));
#1026 = CARTESIAN_POINT('',(1.417643684931,2.040281856479));
#1027 = CARTESIAN_POINT('',(1.398008730848,2.040281856479));
#1028 = CARTESIAN_POINT('',(1.378373776764,2.040281856479));
#1029 = CARTESIAN_POINT('',(1.358738822679,2.040281856479));
#1030 = CARTESIAN_POINT('',(1.339103868594,2.040281856479));
#1031 = CARTESIAN_POINT('',(1.296692367765,2.040281856479));
#1032 = CARTESIAN_POINT('',(1.273915821026,2.040281856479));
#1033 = CARTESIAN_POINT('',(1.251139274289,2.040281856479));
#1034 = CARTESIAN_POINT('',(1.228362727554,2.040281856479));
#1035 = CARTESIAN_POINT('',(1.205586180818,2.040281856479));
#1036 = CARTESIAN_POINT('',(1.182809634082,2.040281856479));
#1037 = CARTESIAN_POINT('',(1.160033087343,2.040281856479));
#1038 = CARTESIAN_POINT('',(1.114479993857,2.040281856479));
#1039 = CARTESIAN_POINT('',(1.091703447118,2.040281856479));
#1040 = CARTESIAN_POINT('',(1.068926900381,2.040281856479));
#1041 = CARTESIAN_POINT('',(1.046150353646,2.040281856479));
#1042 = CARTESIAN_POINT('',(1.02337380691,2.040281856479));
#1043 = CARTESIAN_POINT('',(1.000597260173,2.040281856479));
#1044 = CARTESIAN_POINT('',(0.977820713434,2.040281856479));
#1045 = CARTESIAN_POINT('',(0.932267619949,2.040281856479));
#1046 = CARTESIAN_POINT('',(0.909491073209,2.040281856479));
#1047 = CARTESIAN_POINT('',(0.886714526473,2.040281856479));
#1048 = CARTESIAN_POINT('',(0.863937979737,2.040281856479));
#1049 = CARTESIAN_POINT('',(0.841161433002,2.040281856479));
#1050 = CARTESIAN_POINT('',(0.818384886265,2.040281856479));
#1051 = CARTESIAN_POINT('',(0.795608339526,2.040281856479));
#1052 = CARTESIAN_POINT('',(0.754767635024,2.040281856479));
#1053 = CARTESIAN_POINT('',(0.736703477266,2.040281856479));
#1054 = CARTESIAN_POINT('',(0.718639319508,2.040281856479));
#1055 = CARTESIAN_POINT('',(0.700575161751,2.040281856479));
#1056 = CARTESIAN_POINT('',(0.682511003993,2.040281856479));
#1057 = CARTESIAN_POINT('',(0.664446846235,2.040281856479));
#1058 = CARTESIAN_POINT('',(0.646382688477,2.040281856479));
#1059 = CARTESIAN_POINT('',(0.549787031397,2.040281856479));
#1060 = CARTESIAN_POINT('',(0.471233650948,2.040281856479));
#1061 = CARTESIAN_POINT('',(0.392691512114,2.040281856479));
#1062 = CARTESIAN_POINT('',(0.314159265358,2.040281856479));
#1063 = CARTESIAN_POINT('',(0.235627018606,2.040281856479));
#1064 = CARTESIAN_POINT('',(0.157084879769,2.040281856479));
#1065 = CARTESIAN_POINT('',(7.853149932131E-02,2.040281856479));
#1066 = CARTESIAN_POINT('',(0.,2.040281856479));
#1067 = ( GEOMETRIC_REPRESENTATION_CONTEXT(2) 
PARAMETRIC_REPRESENTATION_CONTEXT() REPRESENTATION_CONTEXT('2D SPACE',''
  ) );
#1068 = PCURVE('',#1069,#1074);
#1069 = PLANE('',#1070);
#1070 = AXIS2_PLACEMENT_3D('',#1071,#1072,#1073);
#1071 = CARTESIAN_POINT('',(0.,0.,16.));
#1072 = DIRECTION('',(0.,0.,1.));
#1073 = DIRECTION('',(1.,0.,-0.));
#1074 = DEFINITIONAL_REPRESENTATION('',(#1075),#1295);
#1075 = B_SPLINE_CURVE_WITH_KNOTS('',8,(#1076,#1077,#1078,#1079,#1080,
    #1081,#1082,#1083,#1084,#1085,#1086,#1087,#1088,#1089,#1090,#1091,
    #1092,#1093,#1094,#1095,#1096,#1097,#1098,#1099,#1100,#1101,#1102,
    #1103,#1104,#1105,#1106,#1107,#1108,#1109,#1110,#1111,#1112,#1113,
    #1114,#1115,#1116,#1117,#1118,#1119,#1120,#1121,#1122,#1123,#1124,
    #1125,#1126,#1127,#1128,#1129,#1130,#1131,#1132,#1133,#1134,#1135,
    #1136,#1137,#1138,#1139,#1140,#1141,#1142,#1143,#1144,#1145,#1146,
    #1147,#1148,#1149,#1150,#1151,#1152,#1153,#1154,#1155,#1156,#1157,
    #1158,#1159,#1160,#1161,#1162,#1163,#1164,#1165,#1166,#1167,#1168,
    #1169,#1170,#1171,#1172,#1173,#1174,#1175,#1176,#1177,#1178,#1179,
    #1180,#1181,#1182,#1183,#1184,#1185,#1186,#1187,#1188,#1189,#1190,
    #1191,#1192,#1193,#1194,#1195,#1196,#1197,#1198,#1199,#1200,#1201,
    #1202,#1203,#1204,#1205,#1206,#1207,#1208,#1209,#1210,#1211,#1212,
    #1213,#1214,#1215,#1216,#1217,#1218,#1219,#1220,#1221,#1222,#1223,
    #1224,#1225,#1226,#1227,#1228,#1229,#1230,#1231,#1232,#1233,#1234,
    #1235,#1236,#1237,#1238,#1239,#1240,#1241,#1242,#1243,#1244,#1245,
    #1246,#1247,#1248,#1249,#1250,#1251,#1252,#1253,#1254,#1255,#1256,
    #1257,#1258,#1259,#1260,#1261,#1262,#1263,#1264,#1265,#1266,#1267,
    #1268,#1269,#1270,#1271,#1272,#1273,#1274,#1275,#1276,#1277,#1278,
    #1279,#1280,#1281,#1282,#1283,#1284,#1285,#1286,#1287,#1288,#1289,
    #1290,#1291,#1292,#1293,#1294),.UNSPECIFIED.,.F.,.F.,(9,7,7,7,7,7,7,
    7,7,7,7,7,7,7,7,7,7,7,7,7,7,7,7,7,7,7,7,7,7,7,7,9),(0.,
    2.900035355416E-02,5.800070710832E-02,8.700106066246E-02,
    0.139001288136,0.164001592922,0.226001374186,0.262001813099,
    0.308002153143,0.333002457928,0.353002701755,0.394003201662,
    0.423003555217,0.438003738087,0.464004055064,0.493004408618,
    0.52100474998,0.540004981616,0.56900533517,0.596005664339,
    0.622005981317,0.650006322678,0.679006676233,0.707007017594,
    0.736007371149,0.765007724703,0.790008029488,0.819008383042,
    0.848008736597,0.877009090151,0.900009370553,1.),.UNSPECIFIED.);
#1076 = CARTESIAN_POINT('',(41.415079704648,-7.105427357601E-15));
#1077 = CARTESIAN_POINT('',(41.415079744566,-0.943291777762));
#1078 = CARTESIAN_POINT('',(41.390525450307,-1.886585408687));
#1079 = CARTESIAN_POINT('',(41.34141697735,-2.829132535323));
#1080 = CARTESIAN_POINT('',(41.267781540832,-3.770187272364));
#1081 = CARTESIAN_POINT('',(41.169673415553,-4.709006206648));
#1082 = CARTESIAN_POINT('',(41.047173935971,-5.644848397164));
#1083 = CARTESIAN_POINT('',(40.900391496205,-6.576975375041));
#1084 = CARTESIAN_POINT('',(40.558531682381,-8.432326926544));
#1085 = CARTESIAN_POINT('',(40.363453636713,-9.355555145138));
#1086 = CARTESIAN_POINT('',(40.144363172622,-10.27359985896));
#1087 = CARTESIAN_POINT('',(39.90142221342,-11.18573246224));
#1088 = CARTESIAN_POINT('',(39.634818846149,-12.09123168376));
#1089 = CARTESIAN_POINT('',(39.344767321573,-12.98938358691));
#1090 = CARTESIAN_POINT('',(39.031508054184,-13.87948156967));
#1091 = CARTESIAN_POINT('',(38.35910726481,-15.64217118796));
#1092 = CARTESIAN_POINT('',(37.999964421846,-16.51476628642));
#1093 = CARTESIAN_POINT('',(37.618145962062,-17.37791250336));
#1094 = CARTESIAN_POINT('',(37.213943155733,-18.23092263634));
#1095 = CARTESIAN_POINT('',(36.787671674654,-19.07312143712));
#1096 = CARTESIAN_POINT('',(36.339671592144,-19.90384561163));
#1097 = CARTESIAN_POINT('',(35.870307383042,-20.72244381999));
#1098 = CARTESIAN_POINT('',(34.500744859437,-22.9732081279));
#1099 = CARTESIAN_POINT('',(33.55406208147,-24.37713148774));
#1100 = CARTESIAN_POINT('',(32.542175795705,-25.73632835248));
#1101 = CARTESIAN_POINT('',(31.46756824701,-27.04727363424));
#1102 = CARTESIAN_POINT('',(30.332933459013,-28.30662378943));
#1103 = CARTESIAN_POINT('',(29.141172320652,-29.51121308106));
#1104 = CARTESIAN_POINT('',(27.895397019495,-30.65805787502));
#1105 = CARTESIAN_POINT('',(25.975645868361,-32.26663782237));
#1106 = CARTESIAN_POINT('',(25.340626518795,-32.77492040493));
#1107 = CARTESIAN_POINT('',(24.694253965131,-33.2689091269));
#1108 = CARTESIAN_POINT('',(24.036904105645,-33.74830862127));
#1109 = CARTESIAN_POINT('',(23.368961544895,-34.21283574481));
#1110 = CARTESIAN_POINT('',(22.690819593712,-34.66221957809));
#1111 = CARTESIAN_POINT('',(22.002880269212,-35.09620142548));
#1112 = CARTESIAN_POINT('',(19.576212612245,-36.55198565979));
#1113 = CARTESIAN_POINT('',(17.78906531476,-37.49324088925));
#1114 = CARTESIAN_POINT('',(15.950457596838,-38.33447585981));
#1115 = CARTESIAN_POINT('',(14.066945278177,-39.07244361829));
#1116 = CARTESIAN_POINT('',(12.145275740798,-39.70442562455));
#1117 = CARTESIAN_POINT('',(10.192380794612,-40.22821560659));
#1118 = CARTESIAN_POINT('',(8.215381471385,-40.64213654808));
#1119 = CARTESIAN_POINT('',(5.063911699343,-41.12100236391));
#1120 = CARTESIAN_POINT('',(3.900528867651,-41.25950512815));
#1121 = CARTESIAN_POINT('',(2.732874425134,-41.36038418521));
#1122 = CARTESIAN_POINT('',(1.562368976841,-41.4234890981));
#1123 = CARTESIAN_POINT('',(0.39043555977,-41.44873390883));
#1124 = CARTESIAN_POINT('',(-0.781500357127,-41.43609713835));
#1125 = CARTESIAN_POINT('',(-1.952010872946,-41.3856217866));
#1126 = CARTESIAN_POINT('',(-4.611664510171,-41.18470761328));
#1127 = CARTESIAN_POINT('',(-6.099028341127,-41.01039487929));
#1128 = CARTESIAN_POINT('',(-7.57876228727,-40.77470072418));
#1129 = CARTESIAN_POINT('',(-9.047910437558,-40.47802443939));
#1130 = CARTESIAN_POINT('',(-10.50355404638,-40.12093230906));
#1131 = CARTESIAN_POINT('',(-11.94281104169,-39.70415468542));
#1132 = CARTESIAN_POINT('',(-13.36283682519,-39.22858884448));
#1133 = CARTESIAN_POINT('',(-15.52060663807,-38.40547961196));
#1134 = CARTESIAN_POINT('',(-16.27388399176,-38.09860180816));
#1135 = CARTESIAN_POINT('',(-17.0202109038,-37.77484499212));
#1136 = CARTESIAN_POINT('',(-17.75914628477,-37.43439350406));
#1137 = CARTESIAN_POINT('',(-18.4902554777,-37.07744524313));
#1138 = CARTESIAN_POINT('',(-19.21311025808,-36.7042116674));
#1139 = CARTESIAN_POINT('',(-19.92728883382,-36.31491779382));
#1140 = CARTESIAN_POINT('',(-21.19644560371,-35.5857096562));
#1141 = CARTESIAN_POINT('',(-21.75469751037,-35.25149080126));
#1142 = CARTESIAN_POINT('',(-22.30691912936,-34.90726771018));
#1143 = CARTESIAN_POINT('',(-22.85290141583,-34.55316758688));
#1144 = CARTESIAN_POINT('',(-23.39243871592,-34.18932276247));
#1145 = CARTESIAN_POINT('',(-23.92532876686,-33.81587069522));
#1146 = CARTESIAN_POINT('',(-24.4513726969,-33.43295397065));
#1147 = CARTESIAN_POINT('',(-26.03432693827,-32.23664385191));
#1148 = CARTESIAN_POINT('',(-27.06869532296,-31.39340524636));
#1149 = CARTESIAN_POINT('',(-28.07178775789,-30.51228508038));
#1150 = CARTESIAN_POINT('',(-29.04198785232,-29.59464142717));
#1151 = CARTESIAN_POINT('',(-29.97775524631,-28.64190983755));
#1152 = CARTESIAN_POINT('',(-30.87762561068,-27.65560333994));
#1153 = CARTESIAN_POINT('',(-31.74021064704,-26.63731244035));
#1154 = CARTESIAN_POINT('',(-33.147020012,-24.8470057341));
#1155 = CARTESIAN_POINT('',(-33.7105362923,-24.09013375724));
#1156 = CARTESIAN_POINT('',(-34.25428467107,-23.31867771273));
#1157 = CARTESIAN_POINT('',(-34.77782569487,-22.53324089667));
#1158 = CARTESIAN_POINT('',(-35.28074271436,-21.73444138044));
#1159 = CARTESIAN_POINT('',(-35.76264188437,-20.92291201068));
#1160 = CARTESIAN_POINT('',(-36.22315216385,-20.09930040925));
#1161 = CARTESIAN_POINT('',(-36.88887712618,-18.83235586517));
#1162 = CARTESIAN_POINT('',(-37.11001370176,-18.39738702304));
#1163 = CARTESIAN_POINT('',(-37.3252870007,-17.95945388211));
#1164 = CARTESIAN_POINT('',(-37.5346507436,-17.51864870022));
#1165 = CARTESIAN_POINT('',(-37.73806041353,-17.07506455781));
#1166 = CARTESIAN_POINT('',(-37.93547325609,-16.62879535794));
#1167 = CARTESIAN_POINT('',(-38.12684827939,-16.1799358263));
#1168 = CARTESIAN_POINT('',(-38.63332928936,-14.94623438358));
#1169 = CARTESIAN_POINT('',(-38.93625460864,-14.15639061379));
#1170 = CARTESIAN_POINT('',(-39.22071761294,-13.35954878247));
#1171 = CARTESIAN_POINT('',(-39.48653043427,-12.55621279047));
#1172 = CARTESIAN_POINT('',(-39.73352193552,-11.74689185887));
#1173 = CARTESIAN_POINT('',(-39.96153771045,-10.93210052893));
#1174 = CARTESIAN_POINT('',(-40.1704400837,-10.11235866213));
#1175 = CARTESIAN_POINT('',(-40.57166091447,-8.368928262791));
#1176 = CARTESIAN_POINT('',(-40.75928527528,-7.444156460268));
#1177 = CARTESIAN_POINT('',(-40.92281351002,-6.514605361894));
#1178 = CARTESIAN_POINT('',(-41.06210486032,-5.581007956504));
#1179 = CARTESIAN_POINT('',(-41.17704549258,-4.644100892451));
#1180 = CARTESIAN_POINT('',(-41.26754849802,-3.704624477605));
#1181 = CARTESIAN_POINT('',(-41.33355389264,-2.763322679354));
#1182 = CARTESIAN_POINT('',(-41.41507325377,-0.911059328712));
#1183 = CARTESIAN_POINT('',(-41.43224997998,-1.675438885676E-04));
#1184 = CARTESIAN_POINT('',(-41.42652931284,0.911059458564));
#1185 = CARTESIAN_POINT('',(-41.3979053605,1.821949945607));
#1186 = CARTESIAN_POINT('',(-41.34639582224,2.731833222463));
#1187 = CARTESIAN_POINT('',(-41.27204198855,3.640039632618));
#1188 = CARTESIAN_POINT('',(-41.17490874105,4.545900557824));
#1189 = CARTESIAN_POINT('',(-40.97377526415,6.061395504244));
#1190 = CARTESIAN_POINT('',(-40.8820176321,6.67265613315));
#1191 = CARTESIAN_POINT('',(-40.77983930156,7.282322098365));
#1192 = CARTESIAN_POINT('',(-40.66727283293,7.890186147089));
#1193 = CARTESIAN_POINT('',(-40.54435570183,8.496041980168));
#1194 = CARTESIAN_POINT('',(-40.41113029915,9.099684252092));
#1195 = CARTESIAN_POINT('',(-40.267643931,9.700908570998));
#1196 = CARTESIAN_POINT('',(-39.87936173161,11.213168040566));
#1197 = CARTESIAN_POINT('',(-39.62099126902,12.120719962811));
#1198 = CARTESIAN_POINT('',(-39.33902369047,13.021442457642));
#1199 = CARTESIAN_POINT('',(-39.03367085023,13.914619841241));
#1200 = CARTESIAN_POINT('',(-38.70517019728,14.799545553733));
#1201 = CARTESIAN_POINT('',(-38.35378477534,15.675522159185));
#1202 = CARTESIAN_POINT('',(-37.97980322289,16.541861345608));
#1203 = CARTESIAN_POINT('',(-37.21460482437,18.194870642171));
#1204 = CARTESIAN_POINT('',(-36.82635416741,18.982917308864));
#1205 = CARTESIAN_POINT('',(-36.41904148738,19.761476146191));
#1206 = CARTESIAN_POINT('',(-35.99293820443,20.530009491155));
#1207 = CARTESIAN_POINT('',(-35.54833347367,21.287989796606));
#1208 = CARTESIAN_POINT('',(-35.08553418518,22.034899631237));
#1209 = CARTESIAN_POINT('',(-34.60486496401,22.77023167959));
#1210 = CARTESIAN_POINT('',(-33.62692310853,24.189958587872));
#1211 = CARTESIAN_POINT('',(-33.130923486,24.875233207419));
#1212 = CARTESIAN_POINT('',(-32.6189750862,25.548868821751));
#1213 = CARTESIAN_POINT('',(-32.0913972902,26.210432757575));
#1214 = CARTESIAN_POINT('',(-31.54852307656,26.859503447246));
#1215 = CARTESIAN_POINT('',(-30.99069902134,27.495670428768));
#1216 = CARTESIAN_POINT('',(-30.41828529806,28.118534345794));
#1217 = CARTESIAN_POINT('',(-29.19990084888,29.383738906598));
#1218 = CARTESIAN_POINT('',(-28.55165698496,30.023894181879));
#1219 = CARTESIAN_POINT('',(-27.88739129461,30.647687792498));
#1220 = CARTESIAN_POINT('',(-27.2075864911,31.254652568382));
#1221 = CARTESIAN_POINT('',(-26.51274079235,31.844339150353));
#1222 = CARTESIAN_POINT('',(-25.80336792087,32.416315990129));
#1223 = CARTESIAN_POINT('',(-25.0799971038,32.970169350325));
#1224 = CARTESIAN_POINT('',(-23.58003401751,34.059956332322));
#1225 = CARTESIAN_POINT('',(-22.80246078736,34.594545575821));
#1226 = CARTESIAN_POINT('',(-22.01105890774,35.108831287258));
#1227 = CARTESIAN_POINT('',(-21.20644780921,35.602397063759));
#1228 = CARTESIAN_POINT('',(-20.38926082756,36.074849847268));
#1229 = CARTESIAN_POINT('',(-19.56014520387,36.525819924542));
#1230 = CARTESIAN_POINT('',(-18.71976208446,36.954960927156));
#1231 = CARTESIAN_POINT('',(-17.04715489078,37.75490473893));
#1232 = CARTESIAN_POINT('',(-16.2156457792,38.127210367337));
#1233 = CARTESIAN_POINT('',(-15.37486675289,38.478576280522));
#1234 = CARTESIAN_POINT('',(-14.52543365606,38.808734157977));
#1235 = CARTESIAN_POINT('',(-13.66797061045,39.117437794888));
#1236 = CARTESIAN_POINT('',(-12.8031100153,39.404463102137));
#1237 = CARTESIAN_POINT('',(-11.9314925474,39.669608106297));
#1238 = CARTESIAN_POINT('',(-10.14469454992,40.1644594401));
#1239 = CARTESIAN_POINT('',(-9.229066552239,40.392562831927));
#1240 = CARTESIAN_POINT('',(-8.307604419271,40.59680353686));
#1241 = CARTESIAN_POINT('',(-7.381034242127,40.777008704503));
#1242 = CARTESIAN_POINT('',(-6.450086951724,40.933032222311));
#1243 = CARTESIAN_POINT('',(-5.515498318791,41.064754715598));
#1244 = CARTESIAN_POINT('',(-4.578008953867,41.172083547533));
#1245 = CARTESIAN_POINT('',(-2.698719667753,41.33782217028));
#1246 = CARTESIAN_POINT('',(-1.756916054566,41.396232286695));
#1247 = CARTESIAN_POINT('',(-0.813698945413,41.430117579169));
#1248 = CARTESIAN_POINT('',(0.130186267404,41.439439630698));
#1249 = CARTESIAN_POINT('',(1.073994276942,41.424187196499));
#1250 = CARTESIAN_POINT('',(2.016979861626,41.384376204005));
#1251 = CARTESIAN_POINT('',(2.958397885245,41.320049752867));
#1252 = CARTESIAN_POINT('',(4.707077209301,41.154750865299));
#1253 = CARTESIAN_POINT('',(5.514934727686,41.060056683644));
#1254 = CARTESIAN_POINT('',(6.32059898282,40.947240711519));
#1255 = CARTESIAN_POINT('',(7.123595685616,40.816362874328));
#1256 = CARTESIAN_POINT('',(7.923453127186,40.667497881354));
#1257 = CARTESIAN_POINT('',(8.719702178844,40.500735225758));
#1258 = CARTESIAN_POINT('',(9.5118762921,40.316179184577));
#1259 = CARTESIAN_POINT('',(11.213168040566,39.879361731612));
#1260 = CARTESIAN_POINT('',(12.120719962812,39.620991269022));
#1261 = CARTESIAN_POINT('',(13.021442457643,39.339023690476));
#1262 = CARTESIAN_POINT('',(13.914619841242,39.033670850232));
#1263 = CARTESIAN_POINT('',(14.799545553733,38.705170197281));
#1264 = CARTESIAN_POINT('',(15.675522159185,38.353784775348));
#1265 = CARTESIAN_POINT('',(16.541861345608,37.97980322289));
#1266 = CARTESIAN_POINT('',(18.253906537841,37.187276395758));
#1267 = CARTESIAN_POINT('',(19.099615907086,36.768729564109));
#1268 = CARTESIAN_POINT('',(19.93433297527,36.328213793532));
#1269 = CARTESIAN_POINT('',(20.757392295789,35.866067117113));
#1270 = CARTESIAN_POINT('',(21.568142032846,35.382651085645));
#1271 = CARTESIAN_POINT('',(22.365943961456,34.878350767629));
#1272 = CARTESIAN_POINT('',(23.150173467448,34.353574749272));
#1273 = CARTESIAN_POINT('',(24.69026567358,33.263935584876));
#1274 = CARTESIAN_POINT('',(25.44613139934,32.699070298165));
#1275 = CARTESIAN_POINT('',(26.187205900977,32.114591632113));
#1276 = CARTESIAN_POINT('',(26.912896001759,31.510952606499));
#1277 = CARTESIAN_POINT('',(27.622626171987,30.88862690312));
#1278 = CARTESIAN_POINT('',(28.315838528992,30.248108865793));
#1279 = CARTESIAN_POINT('',(28.991992837136,29.589913500351));
#1280 = CARTESIAN_POINT('',(30.172883827835,28.378964132632));
#1281 = CARTESIAN_POINT('',(30.684143947155,27.832568240246));
#1282 = CARTESIAN_POINT('',(31.184086589421,27.275655754338));
#1283 = CARTESIAN_POINT('',(31.672459697307,26.708500562631));
#1284 = CARTESIAN_POINT('',(32.149019432514,26.131383483725));
#1285 = CARTESIAN_POINT('',(32.613530175768,25.544592267092));
#1286 = CARTESIAN_POINT('',(33.06576452682,24.94842159308));
#1287 = CARTESIAN_POINT('',(35.417209121119,21.711935777822));
#1288 = CARTESIAN_POINT('',(37.093293802945,18.908388243015));
#1289 = CARTESIAN_POINT('',(38.514752535109,15.958205279209));
#1290 = CARTESIAN_POINT('',(39.667053674626,12.88860703036));
#1291 = CARTESIAN_POINT('',(40.53908705119,9.727944265314));
#1292 = CARTESIAN_POINT('',(41.123176817807,6.505683631448));
#1293 = CARTESIAN_POINT('',(41.415079721237,3.252388173732));
#1294 = CARTESIAN_POINT('',(41.415079704648,0.));
#1295 = ( GEOMETRIC_REPRESENTATION_CONTEXT(2) 
PARAMETRIC_REPRESENTATION_CONTEXT() REPRESENTATION_CONTEXT('2D SPACE',''
  ) );
#1296 = ORIENTED_EDGE('',*,*,#596,.T.);
#1297 = ORIENTED_EDGE('',*,*,#83,.T.);
#1298 = ORIENTED_EDGE('',*,*,#1299,.T.);
#1299 = EDGE_CURVE('',#84,#1300,#1302,.T.);
#1300 = VERTEX_POINT('',#1301);
#1301 = CARTESIAN_POINT('',(44.200266235588,-7.,38.799828801626));
#1302 = SURFACE_CURVE('',#1303,(#1372,#1444),.PCURVE_S1.);
#1303 = B_SPLINE_CURVE_WITH_KNOTS('',7,(#1304,#1305,#1306,#1307,#1308,
    #1309,#1310,#1311,#1312,#1313,#1314,#1315,#1316,#1317,#1318,#1319,
    #1320,#1321,#1322,#1323,#1324,#1325,#1326,#1327,#1328,#1329,#1330,
    #1331,#1332,#1333,#1334,#1335,#1336,#1337,#1338,#1339,#1340,#1341,
    #1342,#1343,#1344,#1345,#1346,#1347,#1348,#1349,#1350,#1351,#1352,
    #1353,#1354,#1355,#1356,#1357,#1358,#1359,#1360,#1361,#1362,#1363,
    #1364,#1365,#1366,#1367,#1368,#1369,#1370,#1371),.UNSPECIFIED.,.F.,
  .F.,(8,6,6,6,6,6,6,6,6,6,6,8),(0.,2.61318030369E-02,5.020813914741E-02
    ,0.218755038695,0.285273309406,0.317387895368,0.346062140354,
    0.40455694738,0.458460799871,0.748595506871,0.804787759075,1.),
  .UNSPECIFIED.);
#1304 = CARTESIAN_POINT('',(41.939886206266,-7.,22.));
#1305 = CARTESIAN_POINT('',(41.985350142948,-7.,22.267462686169));
#1306 = CARTESIAN_POINT('',(42.030380413178,-7.,22.534993566345));
#1307 = CARTESIAN_POINT('',(42.074980504408,-7.,22.802591663211));
#1308 = CARTESIAN_POINT('',(42.119153908906,-7.,23.070256011626));
#1309 = CARTESIAN_POINT('',(42.162904123762,-7.,23.337985658627));
#1310 = CARTESIAN_POINT('',(42.206234650884,-7.,23.605779663423));
#1311 = CARTESIAN_POINT('',(42.288687800332,-7.,24.120425487816));
#1312 = CARTESIAN_POINT('',(42.327872975258,-7.,24.36726777435));
#1313 = CARTESIAN_POINT('',(42.366708726335,-7.,24.614163024282));
#1314 = CARTESIAN_POINT('',(42.405195941254,-7.,24.861110769208));
#1315 = CARTESIAN_POINT('',(42.44333672402,-7.,25.108110396598));
#1316 = CARTESIAN_POINT('',(42.48113633668,-7.,25.355160863236));
#1317 = CARTESIAN_POINT('',(42.78088556477,-7.,27.332088571655));
#1318 = CARTESIAN_POINT('',(43.026804989192,-7.,29.064334219484));
#1319 = CARTESIAN_POINT('',(43.258425251747,-7.,30.79861359184));
#1320 = CARTESIAN_POINT('',(43.477815469763,-7.,32.534572367769));
#1321 = CARTESIAN_POINT('',(43.687047316502,-7.,34.271886344176));
#1322 = CARTESIAN_POINT('',(43.888192888626,-7.,36.010261792431));
#1323 = CARTESIAN_POINT('',(44.160331935736,-7.,38.435813605114));
#1324 = CARTESIAN_POINT('',(44.236404197712,-7.,39.122314609993));
#1325 = CARTESIAN_POINT('',(44.311666592473,-7.,39.808922028742));
#1326 = CARTESIAN_POINT('',(44.386246308624,-7.,40.495619326276));
#1327 = CARTESIAN_POINT('',(44.460270490497,-7.,41.1823902333));
#1328 = CARTESIAN_POINT('',(44.533866238148,-7.,41.869218746309));
#1329 = CARTESIAN_POINT('',(44.642546649356,-7.,42.887705654432));
#1330 = CARTESIAN_POINT('',(44.677862442503,-7.,43.219331922909));
#1331 = CARTESIAN_POINT('',(44.713122284703,-7.,43.550966151914));
#1332 = CARTESIAN_POINT('',(44.74834047152,-7.,43.882606563919));
#1333 = CARTESIAN_POINT('',(44.783531296188,-7.,44.214251384977));
#1334 = CARTESIAN_POINT('',(44.818709049613,-7.,44.545898844721));
#1335 = CARTESIAN_POINT('',(44.885298371628,-7.,45.173666999347));
#1336 = CARTESIAN_POINT('',(44.916709693312,-7.,45.469787514968));
#1337 = CARTESIAN_POINT('',(44.948132156303,-7.,45.765907465201));
#1338 = CARTESIAN_POINT('',(44.979575930085,-7.,46.062025590023));
#1339 = CARTESIAN_POINT('',(45.011051182745,-7.,46.358140627415));
#1340 = CARTESIAN_POINT('',(45.042568080973,-7.,46.654251313356));
#1341 = CARTESIAN_POINT('',(45.138536237963,-7.,47.554403980934));
#1342 = CARTESIAN_POINT('',(45.203151295096,-7.,48.158428163867));
#1343 = CARTESIAN_POINT('',(45.268068260484,-7.,48.762418229522));
#1344 = CARTESIAN_POINT('',(45.333373408074,-7.,49.366363337533));
#1345 = CARTESIAN_POINT('',(45.39915298673,-7.,49.970252508281));
#1346 = CARTESIAN_POINT('',(45.465493220236,-7.,50.574074622887));
#1347 = CARTESIAN_POINT('',(45.594209924731,-7.,51.734177498669));
#1348 = CARTESIAN_POINT('',(45.656489099437,-7.,52.290469981988));
#1349 = CARTESIAN_POINT('',(45.719383628152,-7.,52.846687280613));
#1350 = CARTESIAN_POINT('',(45.782965686803,-7.,53.40281974613));
#1351 = CARTESIAN_POINT('',(45.847294720283,-7.,53.958859217118));
#1352 = CARTESIAN_POINT('',(45.912446613394,-7.,54.514795166529));
#1353 = CARTESIAN_POINT('',(46.333919653626,-7.,58.062310586809));
#1354 = CARTESIAN_POINT('',(46.714797580807,-7.,61.050758342776));
#1355 = CARTESIAN_POINT('',(47.117695498842,-7.,64.036269581688));
#1356 = CARTESIAN_POINT('',(47.53919550537,-7.,67.019195784897));
#1357 = CARTESIAN_POINT('',(47.975886818753,-7.,69.999931868969));
#1358 = CARTESIAN_POINT('',(48.424369642664,-7.,72.978915694801));
#1359 = CARTESIAN_POINT('',(48.969747733008,-7.,76.533340162394));
#1360 = CARTESIAN_POINT('',(49.058551694407,-7.,77.110004627258));
#1361 = CARTESIAN_POINT('',(49.147646293439,-7.,77.686624329924));
#1362 = CARTESIAN_POINT('',(49.237006919323,-7.,78.263202652716));
#1363 = CARTESIAN_POINT('',(49.326608971938,-7.,78.83974300169));
#1364 = CARTESIAN_POINT('',(49.416427861828,-7.,79.416248806637));
#1365 = CARTESIAN_POINT('',(49.819138311115,-7.,81.995400339143));
#1366 = CARTESIAN_POINT('',(50.134153493453,-7.,83.997702001599));
#1367 = CARTESIAN_POINT('',(50.452118225398,-7.,85.999528842875));
#1368 = CARTESIAN_POINT('',(50.773665186009,-7.,88.00077849212));
#1369 = CARTESIAN_POINT('',(51.099426065213,-7.,90.001345873205));
#1370 = CARTESIAN_POINT('',(51.43003156381,-7.,92.001123204726));
#1371 = CARTESIAN_POINT('',(51.76611139347,-7.,94.));
#1372 = PCURVE('',#145,#1373);
#1373 = DEFINITIONAL_REPRESENTATION('',(#1374),#1443);
#1374 = B_SPLINE_CURVE_WITH_KNOTS('',7,(#1375,#1376,#1377,#1378,#1379,
    #1380,#1381,#1382,#1383,#1384,#1385,#1386,#1387,#1388,#1389,#1390,
    #1391,#1392,#1393,#1394,#1395,#1396,#1397,#1398,#1399,#1400,#1401,
    #1402,#1403,#1404,#1405,#1406,#1407,#1408,#1409,#1410,#1411,#1412,
    #1413,#1414,#1415,#1416,#1417,#1418,#1419,#1420,#1421,#1422,#1423,
    #1424,#1425,#1426,#1427,#1428,#1429,#1430,#1431,#1432,#1433,#1434,
    #1435,#1436,#1437,#1438,#1439,#1440,#1441,#1442),.UNSPECIFIED.,.F.,
  .F.,(8,6,6,6,6,6,6,6,6,6,6,8),(0.,2.61318030369E-02,5.020813914741E-02
    ,0.218755038695,0.285273309406,0.317387895368,0.346062140354,
    0.40455694738,0.458460799871,0.748595506871,0.804787759075,1.),
  .UNSPECIFIED.);
#1375 = CARTESIAN_POINT('',(6.117804206507,8.140694719972));
#1376 = CARTESIAN_POINT('',(6.117980232859,8.411990917386));
#1377 = CARTESIAN_POINT('',(6.118154146988,8.683292559842));
#1378 = CARTESIAN_POINT('',(6.118325979146,8.954599173999));
#1379 = CARTESIAN_POINT('',(6.118495759048,9.225910299548));
#1380 = CARTESIAN_POINT('',(6.118663515871,9.497225489214));
#1381 = CARTESIAN_POINT('',(6.118829278258,9.768544308753));
#1382 = CARTESIAN_POINT('',(6.11914398655,10.289846804665));
#1383 = CARTESIAN_POINT('',(6.119293228327,10.539830001431));
#1384 = CARTESIAN_POINT('',(6.119440827197,10.789815593252));
#1385 = CARTESIAN_POINT('',(6.119586797716,11.039803252652));
#1386 = CARTESIAN_POINT('',(6.119731158769,11.289792675909));
#1387 = CARTESIAN_POINT('',(6.11987394086,11.539783564798));
#1388 = CARTESIAN_POINT('',(6.121003954286,13.539849906342));
#1389 = CARTESIAN_POINT('',(6.121917189649,15.289972561734));
#1390 = CARTESIAN_POINT('',(6.122766094185,17.040050869887));
#1391 = CARTESIAN_POINT('',(6.12356081978,18.790022855005));
#1392 = CARTESIAN_POINT('',(6.124310666014,20.539857173058));
#1393 = CARTESIAN_POINT('',(6.125024280737,22.289553050178));
#1394 = CARTESIAN_POINT('',(6.125980429773,24.729627636607));
#1395 = CARTESIAN_POINT('',(6.126246631101,25.420096951863));
#1396 = CARTESIAN_POINT('',(6.126508965421,26.11054935715));
#1397 = CARTESIAN_POINT('',(6.126767922242,26.800986305224));
#1398 = CARTESIAN_POINT('',(6.127023979781,27.491409511291));
#1399 = CARTESIAN_POINT('',(6.127277604966,28.181820953001));
#1400 = CARTESIAN_POINT('',(6.127650747665,29.205544399857));
#1401 = CARTESIAN_POINT('',(6.127771781231,29.538863691862));
#1402 = CARTESIAN_POINT('',(6.127892405485,29.872180988501));
#1403 = CARTESIAN_POINT('',(6.128012671236,30.205496535289));
#1404 = CARTESIAN_POINT('',(6.128132628748,30.538810581215));
#1405 = CARTESIAN_POINT('',(6.128252327744,30.872123378747));
#1406 = CARTESIAN_POINT('',(6.128478506477,31.503040277253));
#1407 = CARTESIAN_POINT('',(6.12858502867,31.800644577025));
#1408 = CARTESIAN_POINT('',(6.128691418986,32.098248264949));
#1409 = CARTESIAN_POINT('',(6.1287977121,32.395851520807));
#1410 = CARTESIAN_POINT('',(6.128903942356,32.693454522366));
#1411 = CARTESIAN_POINT('',(6.129010143764,32.991057445378));
#1412 = CARTESIAN_POINT('',(6.129333008311,33.895763846022));
#1413 = CARTESIAN_POINT('',(6.129549686705,34.502867585666));
#1414 = CARTESIAN_POINT('',(6.129766671143,35.109973203789));
#1415 = CARTESIAN_POINT('',(6.129984241862,35.717082083026));
#1416 = CARTESIAN_POINT('',(6.13020267338,36.324195467367));
#1417 = CARTESIAN_POINT('',(6.130422234492,36.931314462159));
#1418 = CARTESIAN_POINT('',(6.130846800537,38.097915463421));
#1419 = CARTESIAN_POINT('',(6.131051596245,38.657396425471));
#1420 = CARTESIAN_POINT('',(6.131257775845,39.216883664986));
#1421 = CARTESIAN_POINT('',(6.131465556276,39.776377757164));
#1422 = CARTESIAN_POINT('',(6.131675109053,40.335879007477));
#1423 = CARTESIAN_POINT('',(6.131886654536,40.895387633349));
#1424 = CARTESIAN_POINT('',(6.133250631786,44.466469187175));
#1425 = CARTESIAN_POINT('',(6.13446297467,47.478232582264));
#1426 = CARTESIAN_POINT('',(6.135721659871,50.490068277074));
#1427 = CARTESIAN_POINT('',(6.137012121396,53.501894202304));
#1428 = CARTESIAN_POINT('',(6.138321063261,56.513671675014));
#1429 = CARTESIAN_POINT('',(6.139636564651,59.525405386396));
#1430 = CARTESIAN_POINT('',(6.14120221503,63.120446032642));
#1431 = CARTESIAN_POINT('',(6.141456098545,63.703748421225));
#1432 = CARTESIAN_POINT('',(6.141709759271,64.287050770949));
#1433 = CARTESIAN_POINT('',(6.14196312268,64.870353321569));
#1434 = CARTESIAN_POINT('',(6.142216116072,65.453656336939));
#1435 = CARTESIAN_POINT('',(6.142468668571,66.036960105017));
#1436 = CARTESIAN_POINT('',(6.143596308572,68.646669630622));
#1437 = CARTESIAN_POINT('',(6.144465742885,70.673086588255));
#1438 = CARTESIAN_POINT('',(6.145330768346,72.69951522963));
#1439 = CARTESIAN_POINT('',(6.146192999795,74.725952189268));
#1440 = CARTESIAN_POINT('',(6.147053912641,76.752391317353));
#1441 = CARTESIAN_POINT('',(6.14791484286,78.778823679725));
#1442 = CARTESIAN_POINT('',(6.148776986991,80.805237557881));
#1443 = ( GEOMETRIC_REPRESENTATION_CONTEXT(2) 
PARAMETRIC_REPRESENTATION_CONTEXT() REPRESENTATION_CONTEXT('2D SPACE',''
  ) );
#1444 = PCURVE('',#203,#1445);
#1445 = DEFINITIONAL_REPRESENTATION('',(#1446),#1515);
#1446 = B_SPLINE_CURVE_WITH_KNOTS('',7,(#1447,#1448,#1449,#1450,#1451,
    #1452,#1453,#1454,#1455,#1456,#1457,#1458,#1459,#1460,#1461,#1462,
    #1463,#1464,#1465,#1466,#1467,#1468,#1469,#1470,#1471,#1472,#1473,
    #1474,#1475,#1476,#1477,#1478,#1479,#1480,#1481,#1482,#1483,#1484,
    #1485,#1486,#1487,#1488,#1489,#1490,#1491,#1492,#1493,#1494,#1495,
    #1496,#1497,#1498,#1499,#1500,#1501,#1502,#1503,#1504,#1505,#1506,
    #1507,#1508,#1509,#1510,#1511,#1512,#1513,#1514),.UNSPECIFIED.,.F.,
  .F.,(8,6,6,6,6,6,6,6,6,6,6,8),(0.,2.61318030369E-02,5.020813914741E-02
    ,0.218755038695,0.285273309406,0.317387895368,0.346062140354,
    0.40455694738,0.458460799871,0.748595506871,0.804787759075,1.),
  .UNSPECIFIED.);
#1447 = CARTESIAN_POINT('',(36.,-19.59281462738));
#1448 = CARTESIAN_POINT('',(35.732537313831,-19.5473506907));
#1449 = CARTESIAN_POINT('',(35.465006433655,-19.50232042047));
#1450 = CARTESIAN_POINT('',(35.197408336789,-19.45772032924));
#1451 = CARTESIAN_POINT('',(34.929743988374,-19.41354692474));
#1452 = CARTESIAN_POINT('',(34.662014341373,-19.36979670988));
#1453 = CARTESIAN_POINT('',(34.394220336577,-19.32646618276));
#1454 = CARTESIAN_POINT('',(33.879574512184,-19.24401303331));
#1455 = CARTESIAN_POINT('',(33.63273222565,-19.20482785839));
#1456 = CARTESIAN_POINT('',(33.385836975718,-19.16599210731));
#1457 = CARTESIAN_POINT('',(33.138889230792,-19.12750489239));
#1458 = CARTESIAN_POINT('',(32.891889603402,-19.08936410963));
#1459 = CARTESIAN_POINT('',(32.644839136764,-19.05156449697));
#1460 = CARTESIAN_POINT('',(30.667911428345,-18.75181526888));
#1461 = CARTESIAN_POINT('',(28.935665780516,-18.50589584445));
#1462 = CARTESIAN_POINT('',(27.20138640816,-18.2742755819));
#1463 = CARTESIAN_POINT('',(25.465427632231,-18.05488536388));
#1464 = CARTESIAN_POINT('',(23.728113655824,-17.84565351714));
#1465 = CARTESIAN_POINT('',(21.989738207569,-17.64450794502));
#1466 = CARTESIAN_POINT('',(19.564186394886,-17.37236889791));
#1467 = CARTESIAN_POINT('',(18.877685390007,-17.29629663593));
#1468 = CARTESIAN_POINT('',(18.191077971258,-17.22103424117));
#1469 = CARTESIAN_POINT('',(17.504380673724,-17.14645452502));
#1470 = CARTESIAN_POINT('',(16.8176097667,-17.07243034315));
#1471 = CARTESIAN_POINT('',(16.130781253691,-16.9988345955));
#1472 = CARTESIAN_POINT('',(15.112294345568,-16.89015418429));
#1473 = CARTESIAN_POINT('',(14.780668077091,-16.85483839114));
#1474 = CARTESIAN_POINT('',(14.449033848086,-16.81957854894));
#1475 = CARTESIAN_POINT('',(14.117393436081,-16.78436036213));
#1476 = CARTESIAN_POINT('',(13.785748615023,-16.74916953746));
#1477 = CARTESIAN_POINT('',(13.454101155279,-16.71399178403));
#1478 = CARTESIAN_POINT('',(12.826333000653,-16.64740246202));
#1479 = CARTESIAN_POINT('',(12.530212485032,-16.61599114033));
#1480 = CARTESIAN_POINT('',(12.234092534799,-16.58456867734));
#1481 = CARTESIAN_POINT('',(11.937974409977,-16.55312490356));
#1482 = CARTESIAN_POINT('',(11.641859372585,-16.5216496509));
#1483 = CARTESIAN_POINT('',(11.345748686644,-16.49013275267));
#1484 = CARTESIAN_POINT('',(10.445596019066,-16.39416459568));
#1485 = CARTESIAN_POINT('',(9.841571836133,-16.32954953855));
#1486 = CARTESIAN_POINT('',(9.237581770478,-16.26463257316));
#1487 = CARTESIAN_POINT('',(8.633636662467,-16.19932742557));
#1488 = CARTESIAN_POINT('',(8.029747491719,-16.13354784692));
#1489 = CARTESIAN_POINT('',(7.425925377113,-16.06720761341));
#1490 = CARTESIAN_POINT('',(6.265822501331,-15.93849090892));
#1491 = CARTESIAN_POINT('',(5.709530018012,-15.87621173421));
#1492 = CARTESIAN_POINT('',(5.153312719387,-15.8133172055));
#1493 = CARTESIAN_POINT('',(4.59718025387,-15.74973514684));
#1494 = CARTESIAN_POINT('',(4.041140782882,-15.68540611336));
#1495 = CARTESIAN_POINT('',(3.485204833471,-15.62025422025));
#1496 = CARTESIAN_POINT('',(-6.231058680926E-02,-15.19878118002));
#1497 = CARTESIAN_POINT('',(-3.050758342776,-14.81790325284));
#1498 = CARTESIAN_POINT('',(-6.036269581688,-14.4150053348));
#1499 = CARTESIAN_POINT('',(-9.019195784897,-13.99350532828));
#1500 = CARTESIAN_POINT('',(-11.99993186896,-13.55681401489));
#1501 = CARTESIAN_POINT('',(-14.9789156948,-13.10833119098));
#1502 = CARTESIAN_POINT('',(-18.53334016239,-12.56295310064));
#1503 = CARTESIAN_POINT('',(-19.11000462725,-12.47414913924));
#1504 = CARTESIAN_POINT('',(-19.68662432992,-12.38505454021));
#1505 = CARTESIAN_POINT('',(-20.26320265271,-12.29569391432));
#1506 = CARTESIAN_POINT('',(-20.83974300169,-12.20609186171));
#1507 = CARTESIAN_POINT('',(-21.41624880663,-12.11627297182));
#1508 = CARTESIAN_POINT('',(-23.99540033914,-11.71356252253));
#1509 = CARTESIAN_POINT('',(-25.99770200159,-11.39854734019));
#1510 = CARTESIAN_POINT('',(-27.99952884287,-11.08058260825));
#1511 = CARTESIAN_POINT('',(-30.00077849212,-10.75903564764));
#1512 = CARTESIAN_POINT('',(-32.0013458732,-10.43327476843));
#1513 = CARTESIAN_POINT('',(-34.00112320472,-10.10266926984));
#1514 = CARTESIAN_POINT('',(-36.,-9.766589440181));
#1515 = ( GEOMETRIC_REPRESENTATION_CONTEXT(2) 
PARAMETRIC_REPRESENTATION_CONTEXT() REPRESENTATION_CONTEXT('2D SPACE',''
  ) );
#1516 = ORIENTED_EDGE('',*,*,#1517,.F.);
#1517 = EDGE_CURVE('',#1518,#1300,#1520,.T.);
#1518 = VERTEX_POINT('',#1519);
#1519 = CARTESIAN_POINT('',(44.715734341013,0.,38.476274553549));
#1520 = SURFACE_CURVE('',#1521,(#1548,#1578),.PCURVE_S1.);
#1521 = B_SPLINE_CURVE_WITH_KNOTS('',4,(#1522,#1523,#1524,#1525,#1526,
    #1527,#1528,#1529,#1530,#1531,#1532,#1533,#1534,#1535,#1536,#1537,
    #1538,#1539,#1540,#1541,#1542,#1543,#1544,#1545,#1546,#1547),
  .UNSPECIFIED.,.F.,.F.,(5,3,3,3,3,3,3,3,5),(0.,0.123661596898,
    0.246104930226,0.368619045327,0.491239935874,0.614444801208,
    0.737392435393,0.860562675239,1.),.UNSPECIFIED.);
#1522 = CARTESIAN_POINT('',(44.715734341013,-1.06581410364E-14,
    38.476274553549));
#1523 = CARTESIAN_POINT('',(44.715734341013,-0.217111858604,
    38.476274553549));
#1524 = CARTESIAN_POINT('',(44.714417278759,-0.434223715434,
    38.477081636637));
#1525 = CARTESIAN_POINT('',(44.711783153914,-0.651325047689,
    38.478695802663));
#1526 = CARTESIAN_POINT('',(44.703920265363,-1.083346960533,
    38.483517639271));
#1527 = CARTESIAN_POINT('',(44.698717318954,-1.298267951029,
    38.48670945474));
#1528 = CARTESIAN_POINT('',(44.692223681982,-1.513158019227,
    38.490695658459));
#1529 = CARTESIAN_POINT('',(44.676651633508,-1.942979807061,
    38.500265811293));
#1530 = CARTESIAN_POINT('',(44.667571730621,-2.157911475507,
    38.5058506829));
#1531 = CARTESIAN_POINT('',(44.657200752303,-2.372791449331,
    38.512237073909));
#1532 = CARTESIAN_POINT('',(44.633868186302,-2.802614146872,
    38.526628488233));
#1533 = CARTESIAN_POINT('',(44.620904349674,-3.017556758498,
    38.534634917687));
#1534 = CARTESIAN_POINT('',(44.60664889485,-3.232426453767,
    38.543453609544));
#1535 = CARTESIAN_POINT('',(44.575483075305,-3.663021293214,
    38.56277390551));
#1536 = CARTESIAN_POINT('',(44.558560391425,-3.878745634231,
    38.573283324754));
#1537 = CARTESIAN_POINT('',(44.540336149246,-4.094374476881,
    38.584625401797));
#1538 = CARTESIAN_POINT('',(44.501328451488,-4.524968610735,
    38.608965334375));
#1539 = CARTESIAN_POINT('',(44.480550420317,-4.739934343461,
    38.621959683925));
#1540 = CARTESIAN_POINT('',(44.458479384522,-4.954782509418,
    38.635799033717));
#1541 = CARTESIAN_POINT('',(44.411712960167,-5.384609235208,
    38.665213369418));
#1542 = CARTESIAN_POINT('',(44.387012894568,-5.59958732267,
    38.68079145294));
#1543 = CARTESIAN_POINT('',(44.361019112364,-5.814424071142,
    38.697236717263));
#1544 = CARTESIAN_POINT('',(44.302845522894,-6.272143759148,
    38.734171967528));
#1545 = CARTESIAN_POINT('',(44.270302121727,-6.514983509492,
    38.754909298183));
#1546 = CARTESIAN_POINT('',(44.236107478199,-6.757608784838,
    38.776788621995));
#1547 = CARTESIAN_POINT('',(44.20026606321,-7.0000012,38.799828961481));
#1548 = PCURVE('',#145,#1549);
#1549 = DEFINITIONAL_REPRESENTATION('',(#1550),#1577);
#1550 = B_SPLINE_CURVE_WITH_KNOTS('',4,(#1551,#1552,#1553,#1554,#1555,
    #1556,#1557,#1558,#1559,#1560,#1561,#1562,#1563,#1564,#1565,#1566,
    #1567,#1568,#1569,#1570,#1571,#1572,#1573,#1574,#1575,#1576),
  .UNSPECIFIED.,.F.,.F.,(5,3,3,3,3,3,3,3,5),(0.,0.123661596898,
    0.246104930226,0.368619045327,0.491239935874,0.614444801208,
    0.737392435393,0.860562675239,1.),.UNSPECIFIED.);
#1551 = CARTESIAN_POINT('',(6.28318530718,24.770264774733));
#1552 = CARTESIAN_POINT('',(6.278329927707,24.770264774733));
#1553 = CARTESIAN_POINT('',(6.273474548281,24.771076545882));
#1554 = CARTESIAN_POINT('',(6.268619156602,24.772700088029));
#1555 = CARTESIAN_POINT('',(6.258956159642,24.777549927535));
#1556 = CARTESIAN_POINT('',(6.254148554913,24.780760277736));
#1557 = CARTESIAN_POINT('',(6.249340916149,24.784769625162));
#1558 = CARTESIAN_POINT('',(6.239722774917,24.794395324794));
#1559 = CARTESIAN_POINT('',(6.234912272489,24.800012604834));
#1560 = CARTESIAN_POINT('',(6.230101719625,24.806436044));
#1561 = CARTESIAN_POINT('',(6.220476313336,24.82091090845));
#1562 = CARTESIAN_POINT('',(6.21566145991,24.828963747994));
#1563 = CARTESIAN_POINT('',(6.210846548958,24.837833535854));
#1564 = CARTESIAN_POINT('',(6.201193687294,24.857265712102));
#1565 = CARTESIAN_POINT('',(6.196355736162,24.867835960603));
#1566 = CARTESIAN_POINT('',(6.1915177334,24.87924364883));
#1567 = CARTESIAN_POINT('',(6.181851749901,24.903724284685));
#1568 = CARTESIAN_POINT('',(6.177023769433,24.916793706241));
#1569 = CARTESIAN_POINT('',(6.172195761782,24.930712953772));
#1570 = CARTESIAN_POINT('',(6.162530997012,24.960296966007));
#1571 = CARTESIAN_POINT('',(6.157694239992,24.975964845948));
#1572 = CARTESIAN_POINT('',(6.152857502368,24.992504826382));
#1573 = CARTESIAN_POINT('',(6.142545359687,25.02965260191));
#1574 = CARTESIAN_POINT('',(6.137069969745,25.050509139547));
#1575 = CARTESIAN_POINT('',(6.131594707805,25.072514096733));
#1576 = CARTESIAN_POINT('',(6.126119649719,25.095686570554));
#1577 = ( GEOMETRIC_REPRESENTATION_CONTEXT(2) 
PARAMETRIC_REPRESENTATION_CONTEXT() REPRESENTATION_CONTEXT('2D SPACE',''
  ) );
#1578 = PCURVE('',#1579,#1587);
#1579 = SURFACE_OF_LINEAR_EXTRUSION('',#1580,#1585);
#1580 = ELLIPSE('',#1581,28.,24.);
#1581 = AXIS2_PLACEMENT_3D('',#1582,#1583,#1584);
#1582 = CARTESIAN_POINT('',(61.,0.,58.));
#1583 = DIRECTION('',(0.,-1.,0.));
#1584 = DIRECTION('',(1.,0.,0.));
#1585 = VECTOR('',#1586,1.);
#1586 = DIRECTION('',(-0.,1.,-0.));
#1587 = DEFINITIONAL_REPRESENTATION('',(#1588),#1615);
#1588 = B_SPLINE_CURVE_WITH_KNOTS('',4,(#1589,#1590,#1591,#1592,#1593,
    #1594,#1595,#1596,#1597,#1598,#1599,#1600,#1601,#1602,#1603,#1604,
    #1605,#1606,#1607,#1608,#1609,#1610,#1611,#1612,#1613,#1614),
  .UNSPECIFIED.,.F.,.F.,(5,3,3,3,3,3,3,3,5),(0.,0.123661596898,
    0.246104930226,0.368619045327,0.491239935874,0.614444801208,
    0.737392435393,0.860562675239,1.),.UNSPECIFIED.);
#1589 = CARTESIAN_POINT('',(4.091718257888,-1.06581410364E-14));
#1590 = CARTESIAN_POINT('',(4.091718257888,-0.217111858604));
#1591 = CARTESIAN_POINT('',(4.09166043539,-0.434223715434));
#1592 = CARTESIAN_POINT('',(4.091544790397,-0.651325047689));
#1593 = CARTESIAN_POINT('',(4.091199503255,-1.083346960533));
#1594 = CARTESIAN_POINT('',(4.090970995383,-1.298267951029));
#1595 = CARTESIAN_POINT('',(4.090685738797,-1.513158019227));
#1596 = CARTESIAN_POINT('',(4.090001411796,-1.942979807061));
#1597 = CARTESIAN_POINT('',(4.089602275684,-2.157911475507));
#1598 = CARTESIAN_POINT('',(4.089146206402,-2.372791449331));
#1599 = CARTESIAN_POINT('',(4.088119576179,-2.802614146872));
#1600 = CARTESIAN_POINT('',(4.087548915802,-3.017556758498));
#1601 = CARTESIAN_POINT('',(4.086921044448,-3.232426453767));
#1602 = CARTESIAN_POINT('',(4.085547378363,-3.663021293214));
#1603 = CARTESIAN_POINT('',(4.084801036272,-3.878745634231));
#1604 = CARTESIAN_POINT('',(4.083996695945,-4.094374476881));
#1605 = CARTESIAN_POINT('',(4.082273517116,-4.524968610735));
#1606 = CARTESIAN_POINT('',(4.081354921179,-4.739934343461));
#1607 = CARTESIAN_POINT('',(4.08037826808,-4.954782509418));
#1608 = CARTESIAN_POINT('',(4.078306612901,-5.384609235208));
#1609 = CARTESIAN_POINT('',(4.077211399752,-5.59958732267));
#1610 = CARTESIAN_POINT('',(4.076057556475,-5.814424071142));
#1611 = CARTESIAN_POINT('',(4.073472026788,-6.272143759148));
#1612 = CARTESIAN_POINT('',(4.072023771281,-6.514983509492));
#1613 = CARTESIAN_POINT('',(4.070499798276,-6.757608784838));
#1614 = CARTESIAN_POINT('',(4.06889974936,-7.0000012));
#1615 = ( GEOMETRIC_REPRESENTATION_CONTEXT(2) 
PARAMETRIC_REPRESENTATION_CONTEXT() REPRESENTATION_CONTEXT('2D SPACE',''
  ) );
#1616 = ORIENTED_EDGE('',*,*,#1617,.T.);
#1617 = EDGE_CURVE('',#1518,#1618,#1620,.T.);
#1618 = VERTEX_POINT('',#1619);
#1619 = CARTESIAN_POINT('',(50.011536648507,0.,80.0746101425));
#1620 = SEAM_CURVE('',#1621,(#1629,#1636),.PCURVE_S1.);
#1621 = B_SPLINE_CURVE_WITH_KNOTS('',3,(#1622,#1623,#1624,#1625,#1626,
    #1627,#1628),.UNSPECIFIED.,.F.,.F.,(4,1,1,1,4),(0.,11.180339887499,
    41.383816508577,66.627627631306,85.369292445297),.UNSPECIFIED.);
#1622 = CARTESIAN_POINT('',(41.,0.,14.));
#1623 = CARTESIAN_POINT('',(41.780129637106,0.,17.649971467962));
#1624 = CARTESIAN_POINT('',(44.217039009117,0.,31.226608036458));
#1625 = CARTESIAN_POINT('',(46.004064815909,0.,53.399056517748));
#1626 = CARTESIAN_POINT('',(49.630357583454,0.,77.864377133735));
#1627 = CARTESIAN_POINT('',(51.937667456241,-0.,92.343397827134));
#1628 = CARTESIAN_POINT('',(53.,0.,98.5));
#1629 = PCURVE('',#145,#1630);
#1630 = DEFINITIONAL_REPRESENTATION('',(#1631),#1635);
#1631 = LINE('',#1632,#1633);
#1632 = CARTESIAN_POINT('',(0.,0.));
#1633 = VECTOR('',#1634,1.);
#1634 = DIRECTION('',(0.,1.));
#1635 = ( GEOMETRIC_REPRESENTATION_CONTEXT(2) 
PARAMETRIC_REPRESENTATION_CONTEXT() REPRESENTATION_CONTEXT('2D SPACE',''
  ) );
#1636 = PCURVE('',#145,#1637);
#1637 = DEFINITIONAL_REPRESENTATION('',(#1638),#1642);
#1638 = LINE('',#1639,#1640);
#1639 = CARTESIAN_POINT('',(6.28318530718,0.));
#1640 = VECTOR('',#1641,1.);
#1641 = DIRECTION('',(0.,1.));
#1642 = ( GEOMETRIC_REPRESENTATION_CONTEXT(2) 
PARAMETRIC_REPRESENTATION_CONTEXT() REPRESENTATION_CONTEXT('2D SPACE',''
  ) );
#1643 = ORIENTED_EDGE('',*,*,#1644,.F.);
#1644 = EDGE_CURVE('',#1645,#1618,#1647,.T.);
#1645 = VERTEX_POINT('',#1646);
#1646 = CARTESIAN_POINT('',(49.488513903702,-7.,79.877900918357));
#1647 = SURFACE_CURVE('',#1648,(#1678,#1711),.PCURVE_S1.);
#1648 = B_SPLINE_CURVE_WITH_KNOTS('',4,(#1649,#1650,#1651,#1652,#1653,
    #1654,#1655,#1656,#1657,#1658,#1659,#1660,#1661,#1662,#1663,#1664,
    #1665,#1666,#1667,#1668,#1669,#1670,#1671,#1672,#1673,#1674,#1675,
    #1676,#1677),.UNSPECIFIED.,.F.,.F.,(5,3,3,3,3,3,3,3,3,5),(0.,
    0.124822558365,0.249160061106,0.373726591982,0.497752060542,
    0.622065872976,0.745897168229,0.870072279373,0.993819963945,1.),
  .UNSPECIFIED.);
#1649 = CARTESIAN_POINT('',(49.488513713901,-7.0000012,79.877900789805)
  );
#1650 = CARTESIAN_POINT('',(49.521233536278,-6.782636348015,
    79.890549408775));
#1651 = CARTESIAN_POINT('',(49.552579427917,-6.565133241209,
    79.902609217292));
#1652 = CARTESIAN_POINT('',(49.582553612872,-6.347501819962,
    79.914092168523));
#1653 = CARTESIAN_POINT('',(49.639651442863,-5.91284742871,
    79.935882599278));
#1654 = CARTESIAN_POINT('',(49.666785711201,-5.695825384554,
    79.946194474884));
#1655 = CARTESIAN_POINT('',(49.692562901655,-5.478694753667,
    79.955954433609));
#1656 = CARTESIAN_POINT('',(49.741451622098,-5.043834076352,
    79.974404828866));
#1657 = CARTESIAN_POINT('',(49.764558153601,-4.826103666085,
    79.983093263643));
#1658 = CARTESIAN_POINT('',(49.786306128588,-4.608282248648,
    79.991245162842));
#1659 = CARTESIAN_POINT('',(49.826999404178,-4.173421209523,
    80.006457186778));
#1660 = CARTESIAN_POINT('',(49.845956467353,-3.956382304866,
    80.013521901055));
#1661 = CARTESIAN_POINT('',(49.863569724739,-3.73927032996,
    80.020068982272));
#1662 = CARTESIAN_POINT('',(49.896148875446,-3.304411919151,
    80.032153227032));
#1663 = CARTESIAN_POINT('',(49.911108518247,-3.086665184786,
    80.037688008177));
#1664 = CARTESIAN_POINT('',(49.92472053316,-2.868861728572,
    80.042714131539));
#1665 = CARTESIAN_POINT('',(49.949203556421,-2.434003257681,
    80.051740037111));
#1666 = CARTESIAN_POINT('',(49.960084998387,-2.216948622212,
    80.055743727971));
#1667 = CARTESIAN_POINT('',(49.969631091425,-1.999853854486,
    80.059251146067));
#1668 = CARTESIAN_POINT('',(49.986076622429,-1.564997041808,
    80.065287446359));
#1669 = CARTESIAN_POINT('',(49.992968638163,-1.34723482053,
    80.067813585085));
#1670 = CARTESIAN_POINT('',(49.998519131762,-1.129448194305,
    80.069846373065));
#1671 = CARTESIAN_POINT('',(50.006923230479,-0.694591638568,
    80.072922844485));
#1672 = CARTESIAN_POINT('',(50.009786052745,-0.477521825202,
    80.073969908698));
#1673 = CARTESIAN_POINT('',(50.011317211223,-0.260443442299,
    80.074529889431));
#1674 = CARTESIAN_POINT('',(50.011526684857,-3.252321152687E-02,
    80.07460649858));
#1675 = CARTESIAN_POINT('',(50.01153332729,-2.168214166489E-02,
    80.07460892786));
#1676 = CARTESIAN_POINT('',(50.011536648507,-1.084107083302E-02,
    80.0746101425));
#1677 = CARTESIAN_POINT('',(50.011536648507,-1.24344978758E-14,
    80.0746101425));
#1678 = PCURVE('',#145,#1679);
#1679 = DEFINITIONAL_REPRESENTATION('',(#1680),#1710);
#1680 = B_SPLINE_CURVE_WITH_KNOTS('',4,(#1681,#1682,#1683,#1684,#1685,
    #1686,#1687,#1688,#1689,#1690,#1691,#1692,#1693,#1694,#1695,#1696,
    #1697,#1698,#1699,#1700,#1701,#1702,#1703,#1704,#1705,#1706,#1707,
    #1708,#1709),.UNSPECIFIED.,.F.,.F.,(5,3,3,3,3,3,3,3,3,5),(0.,
    0.124822558365,0.249160061106,0.373726591982,0.497752060542,
    0.622065872976,0.745897168229,0.870072279373,0.993819963945,1.),
  .UNSPECIFIED.);
#1681 = CARTESIAN_POINT('',(6.142670476444,66.504082333259));
#1682 = CARTESIAN_POINT('',(6.147068236764,66.516880691397));
#1683 = CARTESIAN_POINT('',(6.151464427402,66.52908328666));
#1684 = CARTESIAN_POINT('',(6.155859132767,66.540702209879));
#1685 = CARTESIAN_POINT('',(6.164628680106,66.562750691112));
#1686 = CARTESIAN_POINT('',(6.169003532846,66.573184697159));
#1687 = CARTESIAN_POINT('',(6.173377089407,66.583060260523));
#1688 = CARTESIAN_POINT('',(6.182129849635,66.601729214821));
#1689 = CARTESIAN_POINT('',(6.186509048813,66.610520580318));
#1690 = CARTESIAN_POINT('',(6.190887133466,66.618769061574));
#1691 = CARTESIAN_POINT('',(6.199622254998,66.63416132662));
#1692 = CARTESIAN_POINT('',(6.203979300653,66.641309754272));
#1693 = CARTESIAN_POINT('',(6.208335432624,66.647934420084));
#1694 = CARTESIAN_POINT('',(6.217056190651,66.660161873783));
#1695 = CARTESIAN_POINT('',(6.221420812866,66.665762251055));
#1696 = CARTESIAN_POINT('',(6.225784714115,66.67084794504));
#1697 = CARTESIAN_POINT('',(6.234494339898,66.679980831579));
#1698 = CARTESIAN_POINT('',(6.238840069201,66.684031979092));
#1699 = CARTESIAN_POINT('',(6.243185282184,66.687580972831));
#1700 = CARTESIAN_POINT('',(6.251886940087,66.693688826964));
#1701 = CARTESIAN_POINT('',(6.25624338266,66.696244911372));
#1702 = CARTESIAN_POINT('',(6.26059950871,66.698301797161));
#1703 = CARTESIAN_POINT('',(6.269296338701,66.701414739204));
#1704 = CARTESIAN_POINT('',(6.27363704408,66.702474216306));
#1705 = CARTESIAN_POINT('',(6.277977637861,66.703040835589));
#1706 = CARTESIAN_POINT('',(6.282534992966,66.703118352937));
#1707 = CARTESIAN_POINT('',(6.282751764379,66.703120811016));
#1708 = CARTESIAN_POINT('',(6.282968535779,66.703122040056));
#1709 = CARTESIAN_POINT('',(6.28318530718,66.703122040056));
#1710 = ( GEOMETRIC_REPRESENTATION_CONTEXT(2) 
PARAMETRIC_REPRESENTATION_CONTEXT() REPRESENTATION_CONTEXT('2D SPACE',''
  ) );
#1711 = PCURVE('',#1579,#1712);
#1712 = DEFINITIONAL_REPRESENTATION('',(#1713),#1743);
#1713 = B_SPLINE_CURVE_WITH_KNOTS('',4,(#1714,#1715,#1716,#1717,#1718,
    #1719,#1720,#1721,#1722,#1723,#1724,#1725,#1726,#1727,#1728,#1729,
    #1730,#1731,#1732,#1733,#1734,#1735,#1736,#1737,#1738,#1739,#1740,
    #1741,#1742),.UNSPECIFIED.,.F.,.F.,(5,3,3,3,3,3,3,3,3,5),(0.,
    0.124822558365,0.249160061106,0.373726591982,0.497752060542,
    0.622065872976,0.745897168229,0.870072279373,0.993819963945,1.),
  .UNSPECIFIED.);
#1714 = CARTESIAN_POINT('',(8.277668938283,-7.0000012));
#1715 = CARTESIAN_POINT('',(8.276387025438,-6.782636348015));
#1716 = CARTESIAN_POINT('',(8.275159929243,-6.565133241209));
#1717 = CARTESIAN_POINT('',(8.27398736705,-6.347501819962));
#1718 = CARTESIAN_POINT('',(8.271755167372,-5.91284742871));
#1719 = CARTESIAN_POINT('',(8.270695108741,-5.695825384554));
#1720 = CARTESIAN_POINT('',(8.269688676932,-5.478694753667));
#1721 = CARTESIAN_POINT('',(8.267780901334,-5.043834076352));
#1722 = CARTESIAN_POINT('',(8.266879754502,-4.826103666085));
#1723 = CARTESIAN_POINT('',(8.266032020108,-4.608282248648));
#1724 = CARTESIAN_POINT('',(8.26444648621,-4.173421209523));
#1725 = CARTESIAN_POINT('',(8.263708225167,-3.956382304866));
#1726 = CARTESIAN_POINT('',(8.263022576303,-3.73927032996));
#1727 = CARTESIAN_POINT('',(8.261754763066,-3.304411919151));
#1728 = CARTESIAN_POINT('',(8.261172842968,-3.086665184786));
#1729 = CARTESIAN_POINT('',(8.260643510553,-2.868861728572));
#1730 = CARTESIAN_POINT('',(8.259691670211,-2.434003257681));
#1731 = CARTESIAN_POINT('',(8.259268755612,-2.216948622212));
#1732 = CARTESIAN_POINT('',(8.258897821454,-1.999853854486));
#1733 = CARTESIAN_POINT('',(8.25825889479,-1.564997041808));
#1734 = CARTESIAN_POINT('',(8.257991190951,-1.34723482053));
#1735 = CARTESIAN_POINT('',(8.257775622175,-1.129448194305));
#1736 = CARTESIAN_POINT('',(8.257449248798,-0.694591638568));
#1737 = CARTESIAN_POINT('',(8.257338086135,-0.477521825202));
#1738 = CARTESIAN_POINT('',(8.257278632184,-0.260443442299));
#1739 = CARTESIAN_POINT('',(8.257270498456,-3.252321152687E-02));
#1740 = CARTESIAN_POINT('',(8.257270240534,-2.168214166489E-02));
#1741 = CARTESIAN_POINT('',(8.257270111574,-1.084107083302E-02));
#1742 = CARTESIAN_POINT('',(8.257270111574,-1.24344978758E-14));
#1743 = ( GEOMETRIC_REPRESENTATION_CONTEXT(2) 
PARAMETRIC_REPRESENTATION_CONTEXT() REPRESENTATION_CONTEXT('2D SPACE',''
  ) );
#1744 = ORIENTED_EDGE('',*,*,#1745,.T.);
#1745 = EDGE_CURVE('',#1645,#216,#1746,.T.);
#1746 = SURFACE_CURVE('',#1747,(#1816,#1888),.PCURVE_S1.);
#1747 = B_SPLINE_CURVE_WITH_KNOTS('',7,(#1748,#1749,#1750,#1751,#1752,
    #1753,#1754,#1755,#1756,#1757,#1758,#1759,#1760,#1761,#1762,#1763,
    #1764,#1765,#1766,#1767,#1768,#1769,#1770,#1771,#1772,#1773,#1774,
    #1775,#1776,#1777,#1778,#1779,#1780,#1781,#1782,#1783,#1784,#1785,
    #1786,#1787,#1788,#1789,#1790,#1791,#1792,#1793,#1794,#1795,#1796,
    #1797,#1798,#1799,#1800,#1801,#1802,#1803,#1804,#1805,#1806,#1807,
    #1808,#1809,#1810,#1811,#1812,#1813,#1814,#1815),.UNSPECIFIED.,.F.,
  .F.,(8,6,6,6,6,6,6,6,6,6,6,8),(0.,2.61318030369E-02,5.020813914741E-02
    ,0.218755038695,0.285273309406,0.317387895368,0.346062140354,
    0.40455694738,0.458460799871,0.748595506871,0.804787759075,1.),
  .UNSPECIFIED.);
#1748 = CARTESIAN_POINT('',(41.939886206266,-7.,22.));
#1749 = CARTESIAN_POINT('',(41.985350142948,-7.,22.267462686169));
#1750 = CARTESIAN_POINT('',(42.030380413178,-7.,22.534993566345));
#1751 = CARTESIAN_POINT('',(42.074980504408,-7.,22.802591663211));
#1752 = CARTESIAN_POINT('',(42.119153908906,-7.,23.070256011626));
#1753 = CARTESIAN_POINT('',(42.162904123762,-7.,23.337985658627));
#1754 = CARTESIAN_POINT('',(42.206234650884,-7.,23.605779663423));
#1755 = CARTESIAN_POINT('',(42.288687800332,-7.,24.120425487816));
#1756 = CARTESIAN_POINT('',(42.327872975258,-7.,24.36726777435));
#1757 = CARTESIAN_POINT('',(42.366708726335,-7.,24.614163024282));
#1758 = CARTESIAN_POINT('',(42.405195941254,-7.,24.861110769208));
#1759 = CARTESIAN_POINT('',(42.44333672402,-7.,25.108110396598));
#1760 = CARTESIAN_POINT('',(42.48113633668,-7.,25.355160863236));
#1761 = CARTESIAN_POINT('',(42.78088556477,-7.,27.332088571655));
#1762 = CARTESIAN_POINT('',(43.026804989192,-7.,29.064334219484));
#1763 = CARTESIAN_POINT('',(43.258425251747,-7.,30.79861359184));
#1764 = CARTESIAN_POINT('',(43.477815469763,-7.,32.534572367769));
#1765 = CARTESIAN_POINT('',(43.687047316502,-7.,34.271886344176));
#1766 = CARTESIAN_POINT('',(43.888192888626,-7.,36.010261792431));
#1767 = CARTESIAN_POINT('',(44.160331935736,-7.,38.435813605114));
#1768 = CARTESIAN_POINT('',(44.236404197712,-7.,39.122314609993));
#1769 = CARTESIAN_POINT('',(44.311666592473,-7.,39.808922028742));
#1770 = CARTESIAN_POINT('',(44.386246308624,-7.,40.495619326276));
#1771 = CARTESIAN_POINT('',(44.460270490497,-7.,41.1823902333));
#1772 = CARTESIAN_POINT('',(44.533866238148,-7.,41.869218746309));
#1773 = CARTESIAN_POINT('',(44.642546649356,-7.,42.887705654432));
#1774 = CARTESIAN_POINT('',(44.677862442503,-7.,43.219331922909));
#1775 = CARTESIAN_POINT('',(44.713122284703,-7.,43.550966151914));
#1776 = CARTESIAN_POINT('',(44.74834047152,-7.,43.882606563919));
#1777 = CARTESIAN_POINT('',(44.783531296188,-7.,44.214251384977));
#1778 = CARTESIAN_POINT('',(44.818709049613,-7.,44.545898844721));
#1779 = CARTESIAN_POINT('',(44.885298371628,-7.,45.173666999347));
#1780 = CARTESIAN_POINT('',(44.916709693312,-7.,45.469787514968));
#1781 = CARTESIAN_POINT('',(44.948132156303,-7.,45.765907465201));
#1782 = CARTESIAN_POINT('',(44.979575930085,-7.,46.062025590023));
#1783 = CARTESIAN_POINT('',(45.011051182745,-7.,46.358140627415));
#1784 = CARTESIAN_POINT('',(45.042568080973,-7.,46.654251313356));
#1785 = CARTESIAN_POINT('',(45.138536237963,-7.,47.554403980934));
#1786 = CARTESIAN_POINT('',(45.203151295096,-7.,48.158428163867));
#1787 = CARTESIAN_POINT('',(45.268068260484,-7.,48.762418229522));
#1788 = CARTESIAN_POINT('',(45.333373408074,-7.,49.366363337533));
#1789 = CARTESIAN_POINT('',(45.39915298673,-7.,49.970252508281));
#1790 = CARTESIAN_POINT('',(45.465493220236,-7.,50.574074622887));
#1791 = CARTESIAN_POINT('',(45.594209924731,-7.,51.734177498669));
#1792 = CARTESIAN_POINT('',(45.656489099437,-7.,52.290469981988));
#1793 = CARTESIAN_POINT('',(45.719383628152,-7.,52.846687280613));
#1794 = CARTESIAN_POINT('',(45.782965686803,-7.,53.40281974613));
#1795 = CARTESIAN_POINT('',(45.847294720283,-7.,53.958859217118));
#1796 = CARTESIAN_POINT('',(45.912446613394,-7.,54.514795166529));
#1797 = CARTESIAN_POINT('',(46.333919653626,-7.,58.062310586809));
#1798 = CARTESIAN_POINT('',(46.714797580807,-7.,61.050758342776));
#1799 = CARTESIAN_POINT('',(47.117695498842,-7.,64.036269581688));
#1800 = CARTESIAN_POINT('',(47.53919550537,-7.,67.019195784897));
#1801 = CARTESIAN_POINT('',(47.975886818753,-7.,69.999931868969));
#1802 = CARTESIAN_POINT('',(48.424369642664,-7.,72.978915694801));
#1803 = CARTESIAN_POINT('',(48.969747733008,-7.,76.533340162394));
#1804 = CARTESIAN_POINT('',(49.058551694407,-7.,77.110004627258));
#1805 = CARTESIAN_POINT('',(49.147646293439,-7.,77.686624329924));
#1806 = CARTESIAN_POINT('',(49.237006919323,-7.,78.263202652716));
#1807 = CARTESIAN_POINT('',(49.326608971938,-7.,78.83974300169));
#1808 = CARTESIAN_POINT('',(49.416427861828,-7.,79.416248806637));
#1809 = CARTESIAN_POINT('',(49.819138311115,-7.,81.995400339143));
#1810 = CARTESIAN_POINT('',(50.134153493453,-7.,83.997702001599));
#1811 = CARTESIAN_POINT('',(50.452118225398,-7.,85.999528842875));
#1812 = CARTESIAN_POINT('',(50.773665186009,-7.,88.00077849212));
#1813 = CARTESIAN_POINT('',(51.099426065213,-7.,90.001345873205));
#1814 = CARTESIAN_POINT('',(51.43003156381,-7.,92.001123204726));
#1815 = CARTESIAN_POINT('',(51.76611139347,-7.,94.));
#1816 = PCURVE('',#145,#1817);
#1817 = DEFINITIONAL_REPRESENTATION('',(#1818),#1887);
#1818 = B_SPLINE_CURVE_WITH_KNOTS('',7,(#1819,#1820,#1821,#1822,#1823,
    #1824,#1825,#1826,#1827,#1828,#1829,#1830,#1831,#1832,#1833,#1834,
    #1835,#1836,#1837,#1838,#1839,#1840,#1841,#1842,#1843,#1844,#1845,
    #1846,#1847,#1848,#1849,#1850,#1851,#1852,#1853,#1854,#1855,#1856,
    #1857,#1858,#1859,#1860,#1861,#1862,#1863,#1864,#1865,#1866,#1867,
    #1868,#1869,#1870,#1871,#1872,#1873,#1874,#1875,#1876,#1877,#1878,
    #1879,#1880,#1881,#1882,#1883,#1884,#1885,#1886),.UNSPECIFIED.,.F.,
  .F.,(8,6,6,6,6,6,6,6,6,6,6,8),(0.,2.61318030369E-02,5.020813914741E-02
    ,0.218755038695,0.285273309406,0.317387895368,0.346062140354,
    0.40455694738,0.458460799871,0.748595506871,0.804787759075,1.),
  .UNSPECIFIED.);
#1819 = CARTESIAN_POINT('',(6.117804206507,8.140694719972));
#1820 = CARTESIAN_POINT('',(6.117980232859,8.411990917386));
#1821 = CARTESIAN_POINT('',(6.118154146988,8.683292559842));
#1822 = CARTESIAN_POINT('',(6.118325979146,8.954599173999));
#1823 = CARTESIAN_POINT('',(6.118495759048,9.225910299548));
#1824 = CARTESIAN_POINT('',(6.118663515871,9.497225489214));
#1825 = CARTESIAN_POINT('',(6.118829278258,9.768544308753));
#1826 = CARTESIAN_POINT('',(6.11914398655,10.289846804665));
#1827 = CARTESIAN_POINT('',(6.119293228327,10.539830001431));
#1828 = CARTESIAN_POINT('',(6.119440827197,10.789815593252));
#1829 = CARTESIAN_POINT('',(6.119586797716,11.039803252652));
#1830 = CARTESIAN_POINT('',(6.119731158769,11.289792675909));
#1831 = CARTESIAN_POINT('',(6.11987394086,11.539783564798));
#1832 = CARTESIAN_POINT('',(6.121003954286,13.539849906342));
#1833 = CARTESIAN_POINT('',(6.121917189649,15.289972561734));
#1834 = CARTESIAN_POINT('',(6.122766094185,17.040050869887));
#1835 = CARTESIAN_POINT('',(6.12356081978,18.790022855005));
#1836 = CARTESIAN_POINT('',(6.124310666014,20.539857173058));
#1837 = CARTESIAN_POINT('',(6.125024280737,22.289553050178));
#1838 = CARTESIAN_POINT('',(6.125980429773,24.729627636607));
#1839 = CARTESIAN_POINT('',(6.126246631101,25.420096951863));
#1840 = CARTESIAN_POINT('',(6.126508965421,26.11054935715));
#1841 = CARTESIAN_POINT('',(6.126767922242,26.800986305224));
#1842 = CARTESIAN_POINT('',(6.127023979781,27.491409511291));
#1843 = CARTESIAN_POINT('',(6.127277604966,28.181820953001));
#1844 = CARTESIAN_POINT('',(6.127650747665,29.205544399857));
#1845 = CARTESIAN_POINT('',(6.127771781231,29.538863691862));
#1846 = CARTESIAN_POINT('',(6.127892405485,29.872180988501));
#1847 = CARTESIAN_POINT('',(6.128012671236,30.205496535289));
#1848 = CARTESIAN_POINT('',(6.128132628748,30.538810581215));
#1849 = CARTESIAN_POINT('',(6.128252327744,30.872123378747));
#1850 = CARTESIAN_POINT('',(6.128478506477,31.503040277253));
#1851 = CARTESIAN_POINT('',(6.12858502867,31.800644577025));
#1852 = CARTESIAN_POINT('',(6.128691418986,32.098248264949));
#1853 = CARTESIAN_POINT('',(6.1287977121,32.395851520807));
#1854 = CARTESIAN_POINT('',(6.128903942356,32.693454522366));
#1855 = CARTESIAN_POINT('',(6.129010143764,32.991057445378));
#1856 = CARTESIAN_POINT('',(6.129333008311,33.895763846022));
#1857 = CARTESIAN_POINT('',(6.129549686705,34.502867585666));
#1858 = CARTESIAN_POINT('',(6.129766671143,35.109973203789));
#1859 = CARTESIAN_POINT('',(6.129984241862,35.717082083026));
#1860 = CARTESIAN_POINT('',(6.13020267338,36.324195467367));
#1861 = CARTESIAN_POINT('',(6.130422234492,36.931314462159));
#1862 = CARTESIAN_POINT('',(6.130846800537,38.097915463421));
#1863 = CARTESIAN_POINT('',(6.131051596245,38.657396425471));
#1864 = CARTESIAN_POINT('',(6.131257775845,39.216883664986));
#1865 = CARTESIAN_POINT('',(6.131465556276,39.776377757164));
#1866 = CARTESIAN_POINT('',(6.131675109053,40.335879007477));
#1867 = CARTESIAN_POINT('',(6.131886654536,40.895387633349));
#1868 = CARTESIAN_POINT('',(6.133250631786,44.466469187175));
#1869 = CARTESIAN_POINT('',(6.13446297467,47.478232582264));
#1870 = CARTESIAN_POINT('',(6.135721659871,50.490068277074));
#1871 = CARTESIAN_POINT('',(6.137012121396,53.501894202304));
#1872 = CARTESIAN_POINT('',(6.138321063261,56.513671675014));
#1873 = CARTESIAN_POINT('',(6.139636564651,59.525405386396));
#1874 = CARTESIAN_POINT('',(6.14120221503,63.120446032642));
#1875 = CARTESIAN_POINT('',(6.141456098545,63.703748421225));
#1876 = CARTESIAN_POINT('',(6.141709759271,64.287050770949));
#1877 = CARTESIAN_POINT('',(6.14196312268,64.870353321569));
#1878 = CARTESIAN_POINT('',(6.142216116072,65.453656336939));
#1879 = CARTESIAN_POINT('',(6.142468668571,66.036960105017));
#1880 = CARTESIAN_POINT('',(6.143596308572,68.646669630622));
#1881 = CARTESIAN_POINT('',(6.144465742885,70.673086588255));
#1882 = CARTESIAN_POINT('',(6.145330768346,72.69951522963));
#1883 = CARTESIAN_POINT('',(6.146192999795,74.725952189268));
#1884 = CARTESIAN_POINT('',(6.147053912641,76.752391317353));
#1885 = CARTESIAN_POINT('',(6.14791484286,78.778823679725));
#1886 = CARTESIAN_POINT('',(6.148776986991,80.805237557881));
#1887 = ( GEOMETRIC_REPRESENTATION_CONTEXT(2) 
PARAMETRIC_REPRESENTATION_CONTEXT() REPRESENTATION_CONTEXT('2D SPACE',''
  ) );
#1888 = PCURVE('',#203,#1889);
#1889 = DEFINITIONAL_REPRESENTATION('',(#1890),#1959);
#1890 = B_SPLINE_CURVE_WITH_KNOTS('',7,(#1891,#1892,#1893,#1894,#1895,
    #1896,#1897,#1898,#1899,#1900,#1901,#1902,#1903,#1904,#1905,#1906,
    #1907,#1908,#1909,#1910,#1911,#1912,#1913,#1914,#1915,#1916,#1917,
    #1918,#1919,#1920,#1921,#1922,#1923,#1924,#1925,#1926,#1927,#1928,
    #1929,#1930,#1931,#1932,#1933,#1934,#1935,#1936,#1937,#1938,#1939,
    #1940,#1941,#1942,#1943,#1944,#1945,#1946,#1947,#1948,#1949,#1950,
    #1951,#1952,#1953,#1954,#1955,#1956,#1957,#1958),.UNSPECIFIED.,.F.,
  .F.,(8,6,6,6,6,6,6,6,6,6,6,8),(0.,2.61318030369E-02,5.020813914741E-02
    ,0.218755038695,0.285273309406,0.317387895368,0.346062140354,
    0.40455694738,0.458460799871,0.748595506871,0.804787759075,1.),
  .UNSPECIFIED.);
#1891 = CARTESIAN_POINT('',(36.,-19.59281462738));
#1892 = CARTESIAN_POINT('',(35.732537313831,-19.5473506907));
#1893 = CARTESIAN_POINT('',(35.465006433655,-19.50232042047));
#1894 = CARTESIAN_POINT('',(35.197408336789,-19.45772032924));
#1895 = CARTESIAN_POINT('',(34.929743988374,-19.41354692474));
#1896 = CARTESIAN_POINT('',(34.662014341373,-19.36979670988));
#1897 = CARTESIAN_POINT('',(34.394220336577,-19.32646618276));
#1898 = CARTESIAN_POINT('',(33.879574512184,-19.24401303331));
#1899 = CARTESIAN_POINT('',(33.63273222565,-19.20482785839));
#1900 = CARTESIAN_POINT('',(33.385836975718,-19.16599210731));
#1901 = CARTESIAN_POINT('',(33.138889230792,-19.12750489239));
#1902 = CARTESIAN_POINT('',(32.891889603402,-19.08936410963));
#1903 = CARTESIAN_POINT('',(32.644839136764,-19.05156449697));
#1904 = CARTESIAN_POINT('',(30.667911428345,-18.75181526888));
#1905 = CARTESIAN_POINT('',(28.935665780516,-18.50589584445));
#1906 = CARTESIAN_POINT('',(27.20138640816,-18.2742755819));
#1907 = CARTESIAN_POINT('',(25.465427632231,-18.05488536388));
#1908 = CARTESIAN_POINT('',(23.728113655824,-17.84565351714));
#1909 = CARTESIAN_POINT('',(21.989738207569,-17.64450794502));
#1910 = CARTESIAN_POINT('',(19.564186394886,-17.37236889791));
#1911 = CARTESIAN_POINT('',(18.877685390007,-17.29629663593));
#1912 = CARTESIAN_POINT('',(18.191077971258,-17.22103424117));
#1913 = CARTESIAN_POINT('',(17.504380673724,-17.14645452502));
#1914 = CARTESIAN_POINT('',(16.8176097667,-17.07243034315));
#1915 = CARTESIAN_POINT('',(16.130781253691,-16.9988345955));
#1916 = CARTESIAN_POINT('',(15.112294345568,-16.89015418429));
#1917 = CARTESIAN_POINT('',(14.780668077091,-16.85483839114));
#1918 = CARTESIAN_POINT('',(14.449033848086,-16.81957854894));
#1919 = CARTESIAN_POINT('',(14.117393436081,-16.78436036213));
#1920 = CARTESIAN_POINT('',(13.785748615023,-16.74916953746));
#1921 = CARTESIAN_POINT('',(13.454101155279,-16.71399178403));
#1922 = CARTESIAN_POINT('',(12.826333000653,-16.64740246202));
#1923 = CARTESIAN_POINT('',(12.530212485032,-16.61599114033));
#1924 = CARTESIAN_POINT('',(12.234092534799,-16.58456867734));
#1925 = CARTESIAN_POINT('',(11.937974409977,-16.55312490356));
#1926 = CARTESIAN_POINT('',(11.641859372585,-16.5216496509));
#1927 = CARTESIAN_POINT('',(11.345748686644,-16.49013275267));
#1928 = CARTESIAN_POINT('',(10.445596019066,-16.39416459568));
#1929 = CARTESIAN_POINT('',(9.841571836133,-16.32954953855));
#1930 = CARTESIAN_POINT('',(9.237581770478,-16.26463257316));
#1931 = CARTESIAN_POINT('',(8.633636662467,-16.19932742557));
#1932 = CARTESIAN_POINT('',(8.029747491719,-16.13354784692));
#1933 = CARTESIAN_POINT('',(7.425925377113,-16.06720761341));
#1934 = CARTESIAN_POINT('',(6.265822501331,-15.93849090892));
#1935 = CARTESIAN_POINT('',(5.709530018012,-15.87621173421));
#1936 = CARTESIAN_POINT('',(5.153312719387,-15.8133172055));
#1937 = CARTESIAN_POINT('',(4.59718025387,-15.74973514684));
#1938 = CARTESIAN_POINT('',(4.041140782882,-15.68540611336));
#1939 = CARTESIAN_POINT('',(3.485204833471,-15.62025422025));
#1940 = CARTESIAN_POINT('',(-6.231058680926E-02,-15.19878118002));
#1941 = CARTESIAN_POINT('',(-3.050758342776,-14.81790325284));
#1942 = CARTESIAN_POINT('',(-6.036269581688,-14.4150053348));
#1943 = CARTESIAN_POINT('',(-9.019195784897,-13.99350532828));
#1944 = CARTESIAN_POINT('',(-11.99993186896,-13.55681401489));
#1945 = CARTESIAN_POINT('',(-14.9789156948,-13.10833119098));
#1946 = CARTESIAN_POINT('',(-18.53334016239,-12.56295310064));
#1947 = CARTESIAN_POINT('',(-19.11000462725,-12.47414913924));
#1948 = CARTESIAN_POINT('',(-19.68662432992,-12.38505454021));
#1949 = CARTESIAN_POINT('',(-20.26320265271,-12.29569391432));
#1950 = CARTESIAN_POINT('',(-20.83974300169,-12.20609186171));
#1951 = CARTESIAN_POINT('',(-21.41624880663,-12.11627297182));
#1952 = CARTESIAN_POINT('',(-23.99540033914,-11.71356252253));
#1953 = CARTESIAN_POINT('',(-25.99770200159,-11.39854734019));
#1954 = CARTESIAN_POINT('',(-27.99952884287,-11.08058260825));
#1955 = CARTESIAN_POINT('',(-30.00077849212,-10.75903564764));
#1956 = CARTESIAN_POINT('',(-32.0013458732,-10.43327476843));
#1957 = CARTESIAN_POINT('',(-34.00112320472,-10.10266926984));
#1958 = CARTESIAN_POINT('',(-36.,-9.766589440181));
#1959 = ( GEOMETRIC_REPRESENTATION_CONTEXT(2) 
PARAMETRIC_REPRESENTATION_CONTEXT() REPRESENTATION_CONTEXT('2D SPACE',''
  ) );
#1960 = ORIENTED_EDGE('',*,*,#238,.T.);
#1961 = ORIENTED_EDGE('',*,*,#1962,.T.);
#1962 = EDGE_CURVE('',#24,#1963,#1965,.T.);
#1963 = VERTEX_POINT('',#1964);
#1964 = CARTESIAN_POINT('',(53.,0.,98.5));
#1965 = SEAM_CURVE('',#1966,(#1974,#1981),.PCURVE_S1.);
#1966 = B_SPLINE_CURVE_WITH_KNOTS('',3,(#1967,#1968,#1969,#1970,#1971,
    #1972,#1973),.UNSPECIFIED.,.F.,.F.,(4,1,1,1,4),(0.,11.180339887499,
    41.383816508577,66.627627631306,85.369292445297),.UNSPECIFIED.);
#1967 = CARTESIAN_POINT('',(41.,0.,14.));
#1968 = CARTESIAN_POINT('',(41.780129637106,0.,17.649971467962));
#1969 = CARTESIAN_POINT('',(44.217039009117,0.,31.226608036458));
#1970 = CARTESIAN_POINT('',(46.004064815909,0.,53.399056517748));
#1971 = CARTESIAN_POINT('',(49.630357583454,0.,77.864377133735));
#1972 = CARTESIAN_POINT('',(51.937667456241,-0.,92.343397827134));
#1973 = CARTESIAN_POINT('',(53.,0.,98.5));
#1974 = PCURVE('',#145,#1975);
#1975 = DEFINITIONAL_REPRESENTATION('',(#1976),#1980);
#1976 = LINE('',#1977,#1978);
#1977 = CARTESIAN_POINT('',(0.,0.));
#1978 = VECTOR('',#1979,1.);
#1979 = DIRECTION('',(0.,1.));
#1980 = ( GEOMETRIC_REPRESENTATION_CONTEXT(2) 
PARAMETRIC_REPRESENTATION_CONTEXT() REPRESENTATION_CONTEXT('2D SPACE',''
  ) );
#1981 = PCURVE('',#145,#1982);
#1982 = DEFINITIONAL_REPRESENTATION('',(#1983),#1987);
#1983 = LINE('',#1984,#1985);
#1984 = CARTESIAN_POINT('',(6.28318530718,0.));
#1985 = VECTOR('',#1986,1.);
#1986 = DIRECTION('',(0.,1.));
#1987 = ( GEOMETRIC_REPRESENTATION_CONTEXT(2) 
PARAMETRIC_REPRESENTATION_CONTEXT() REPRESENTATION_CONTEXT('2D SPACE',''
  ) );
#1988 = ORIENTED_EDGE('',*,*,#1989,.F.);
#1989 = EDGE_CURVE('',#1963,#1963,#1990,.T.);
#1990 = SURFACE_CURVE('',#1991,(#1996,#2003),.PCURVE_S1.);
#1991 = CIRCLE('',#1992,53.);
#1992 = AXIS2_PLACEMENT_3D('',#1993,#1994,#1995);
#1993 = CARTESIAN_POINT('',(0.,0.,98.5));
#1994 = DIRECTION('',(0.,0.,1.));
#1995 = DIRECTION('',(1.,0.,-0.));
#1996 = PCURVE('',#145,#1997);
#1997 = DEFINITIONAL_REPRESENTATION('',(#1998),#2002);
#1998 = LINE('',#1999,#2000);
#1999 = CARTESIAN_POINT('',(0.,85.369292445297));
#2000 = VECTOR('',#2001,1.);
#2001 = DIRECTION('',(1.,0.));
#2002 = ( GEOMETRIC_REPRESENTATION_CONTEXT(2) 
PARAMETRIC_REPRESENTATION_CONTEXT() REPRESENTATION_CONTEXT('2D SPACE',''
  ) );
#2003 = PCURVE('',#2004,#2009);
#2004 = TOROIDAL_SURFACE('',#2005,51.5,1.5);
#2005 = AXIS2_PLACEMENT_3D('',#2006,#2007,#2008);
#2006 = CARTESIAN_POINT('',(0.,0.,98.5));
#2007 = DIRECTION('',(0.,0.,1.));
#2008 = DIRECTION('',(1.,0.,-0.));
#2009 = DEFINITIONAL_REPRESENTATION('',(#2010),#2014);
#2010 = LINE('',#2011,#2012);
#2011 = CARTESIAN_POINT('',(0.,0.));
#2012 = VECTOR('',#2013,1.);
#2013 = DIRECTION('',(1.,0.));
#2014 = ( GEOMETRIC_REPRESENTATION_CONTEXT(2) 
PARAMETRIC_REPRESENTATION_CONTEXT() REPRESENTATION_CONTEXT('2D SPACE',''
  ) );
#2015 = ORIENTED_EDGE('',*,*,#1962,.F.);
#2016 = ORIENTED_EDGE('',*,*,#494,.F.);
#2017 = ORIENTED_EDGE('',*,*,#2018,.F.);
#2018 = EDGE_CURVE('',#2019,#472,#2021,.T.);
#2019 = VERTEX_POINT('',#2020);
#2020 = CARTESIAN_POINT('',(49.488513903702,7.,79.877900918357));
#2021 = SURFACE_CURVE('',#2022,(#2091,#2163),.PCURVE_S1.);
#2022 = B_SPLINE_CURVE_WITH_KNOTS('',7,(#2023,#2024,#2025,#2026,#2027,
    #2028,#2029,#2030,#2031,#2032,#2033,#2034,#2035,#2036,#2037,#2038,
    #2039,#2040,#2041,#2042,#2043,#2044,#2045,#2046,#2047,#2048,#2049,
    #2050,#2051,#2052,#2053,#2054,#2055,#2056,#2057,#2058,#2059,#2060,
    #2061,#2062,#2063,#2064,#2065,#2066,#2067,#2068,#2069,#2070,#2071,
    #2072,#2073,#2074,#2075,#2076,#2077,#2078,#2079,#2080,#2081,#2082,
    #2083,#2084,#2085,#2086,#2087,#2088,#2089,#2090),.UNSPECIFIED.,.F.,
  .F.,(8,6,6,6,6,6,6,6,6,6,6,8),(0.,2.613180303656E-02,
    5.020813914685E-02,0.218755038694,0.285273309405,0.317387895367,
    0.346062140352,0.404556947378,0.45846079987,0.74859550687,
    0.804787759074,1.),.UNSPECIFIED.);
#2023 = CARTESIAN_POINT('',(41.939886206266,7.,22.));
#2024 = CARTESIAN_POINT('',(41.985350142948,7.,22.267462686169));
#2025 = CARTESIAN_POINT('',(42.030380413178,7.,22.534993566345));
#2026 = CARTESIAN_POINT('',(42.074980504408,7.,22.802591663211));
#2027 = CARTESIAN_POINT('',(42.119153908906,7.,23.070256011627));
#2028 = CARTESIAN_POINT('',(42.162904123762,7.,23.337985658627));
#2029 = CARTESIAN_POINT('',(42.206234650884,7.,23.605779663423));
#2030 = CARTESIAN_POINT('',(42.288687800332,7.,24.120425487817));
#2031 = CARTESIAN_POINT('',(42.327872975258,7.,24.367267774347));
#2032 = CARTESIAN_POINT('',(42.366708726335,7.,24.614163024284));
#2033 = CARTESIAN_POINT('',(42.405195941254,7.,24.86111076921));
#2034 = CARTESIAN_POINT('',(42.44333672402,7.,25.108110396595));
#2035 = CARTESIAN_POINT('',(42.48113633668,7.,25.355160863238));
#2036 = CARTESIAN_POINT('',(42.78088556477,7.,27.332088571655));
#2037 = CARTESIAN_POINT('',(43.026804989192,7.,29.064334219485));
#2038 = CARTESIAN_POINT('',(43.258425251747,7.,30.79861359184));
#2039 = CARTESIAN_POINT('',(43.477815469763,7.,32.534572367768));
#2040 = CARTESIAN_POINT('',(43.687047316502,7.,34.271886344175));
#2041 = CARTESIAN_POINT('',(43.888192888626,7.,36.010261792432));
#2042 = CARTESIAN_POINT('',(44.160331935736,7.,38.435813605114));
#2043 = CARTESIAN_POINT('',(44.236404197712,7.,39.122314609993));
#2044 = CARTESIAN_POINT('',(44.311666592473,7.,39.808922028742));
#2045 = CARTESIAN_POINT('',(44.386246308624,7.,40.495619326276));
#2046 = CARTESIAN_POINT('',(44.460270490497,7.,41.1823902333));
#2047 = CARTESIAN_POINT('',(44.533866238148,7.,41.869218746309));
#2048 = CARTESIAN_POINT('',(44.642546649356,7.,42.887705654432));
#2049 = CARTESIAN_POINT('',(44.677862442503,7.,43.219331922909));
#2050 = CARTESIAN_POINT('',(44.713122284703,7.,43.550966151914));
#2051 = CARTESIAN_POINT('',(44.74834047152,7.,43.882606563919));
#2052 = CARTESIAN_POINT('',(44.783531296188,7.,44.214251384977));
#2053 = CARTESIAN_POINT('',(44.818709049613,7.,44.545898844721));
#2054 = CARTESIAN_POINT('',(44.885298371628,7.,45.173666999347));
#2055 = CARTESIAN_POINT('',(44.916709693312,7.,45.469787514968));
#2056 = CARTESIAN_POINT('',(44.948132156303,7.,45.765907465201));
#2057 = CARTESIAN_POINT('',(44.979575930085,7.,46.062025590023));
#2058 = CARTESIAN_POINT('',(45.011051182745,7.,46.358140627415));
#2059 = CARTESIAN_POINT('',(45.042568080973,7.,46.654251313356));
#2060 = CARTESIAN_POINT('',(45.138536237963,7.,47.554403980934));
#2061 = CARTESIAN_POINT('',(45.203151295096,7.,48.158428163867));
#2062 = CARTESIAN_POINT('',(45.268068260484,7.,48.762418229522));
#2063 = CARTESIAN_POINT('',(45.333373408074,7.,49.366363337533));
#2064 = CARTESIAN_POINT('',(45.39915298673,7.,49.970252508281));
#2065 = CARTESIAN_POINT('',(45.465493220236,7.,50.574074622887));
#2066 = CARTESIAN_POINT('',(45.594209924731,7.,51.734177498674));
#2067 = CARTESIAN_POINT('',(45.656489099435,7.,52.290469981976));
#2068 = CARTESIAN_POINT('',(45.719383628155,7.,52.846687280625));
#2069 = CARTESIAN_POINT('',(45.782965686801,7.,53.402819746123));
#2070 = CARTESIAN_POINT('',(45.847294720284,7.,53.958859217121));
#2071 = CARTESIAN_POINT('',(45.912446613394,7.,54.514795166527));
#2072 = CARTESIAN_POINT('',(46.333919653626,7.,58.062310586809));
#2073 = CARTESIAN_POINT('',(46.714797580807,7.,61.050758342776));
#2074 = CARTESIAN_POINT('',(47.117695498842,7.,64.036269581688));
#2075 = CARTESIAN_POINT('',(47.53919550537,7.,67.019195784898));
#2076 = CARTESIAN_POINT('',(47.975886818753,7.,69.999931868969));
#2077 = CARTESIAN_POINT('',(48.424369642664,7.,72.978915694801));
#2078 = CARTESIAN_POINT('',(48.969747733008,7.,76.533340162394));
#2079 = CARTESIAN_POINT('',(49.058551694407,7.,77.110004627258));
#2080 = CARTESIAN_POINT('',(49.147646293439,7.,77.686624329924));
#2081 = CARTESIAN_POINT('',(49.237006919323,7.,78.263202652716));
#2082 = CARTESIAN_POINT('',(49.326608971938,7.,78.83974300169));
#2083 = CARTESIAN_POINT('',(49.416427861828,7.,79.416248806637));
#2084 = CARTESIAN_POINT('',(49.819138311115,7.,81.995400339143));
#2085 = CARTESIAN_POINT('',(50.134153493453,7.,83.997702001599));
#2086 = CARTESIAN_POINT('',(50.452118225398,7.,85.999528842875));
#2087 = CARTESIAN_POINT('',(50.773665186009,7.,88.00077849212));
#2088 = CARTESIAN_POINT('',(51.099426065213,7.,90.001345873205));
#2089 = CARTESIAN_POINT('',(51.43003156381,7.,92.001123204726));
#2090 = CARTESIAN_POINT('',(51.76611139347,7.,94.));
#2091 = PCURVE('',#145,#2092);
#2092 = DEFINITIONAL_REPRESENTATION('',(#2093),#2162);
#2093 = B_SPLINE_CURVE_WITH_KNOTS('',7,(#2094,#2095,#2096,#2097,#2098,
    #2099,#2100,#2101,#2102,#2103,#2104,#2105,#2106,#2107,#2108,#2109,
    #2110,#2111,#2112,#2113,#2114,#2115,#2116,#2117,#2118,#2119,#2120,
    #2121,#2122,#2123,#2124,#2125,#2126,#2127,#2128,#2129,#2130,#2131,
    #2132,#2133,#2134,#2135,#2136,#2137,#2138,#2139,#2140,#2141,#2142,
    #2143,#2144,#2145,#2146,#2147,#2148,#2149,#2150,#2151,#2152,#2153,
    #2154,#2155,#2156,#2157,#2158,#2159,#2160,#2161),.UNSPECIFIED.,.F.,
  .F.,(8,6,6,6,6,6,6,6,6,6,6,8),(0.,2.613180303656E-02,
    5.020813914685E-02,0.218755038694,0.285273309405,0.317387895367,
    0.346062140352,0.404556947378,0.45846079987,0.74859550687,
    0.804787759074,1.),.UNSPECIFIED.);
#2094 = CARTESIAN_POINT('',(0.165381100672,8.140694719972));
#2095 = CARTESIAN_POINT('',(0.16520507432,8.411990917386));
#2096 = CARTESIAN_POINT('',(0.165031160191,8.683292559842));
#2097 = CARTESIAN_POINT('',(0.164859328034,8.954599173999));
#2098 = CARTESIAN_POINT('',(0.164689548132,9.225910299548));
#2099 = CARTESIAN_POINT('',(0.164521791308,9.497225489214));
#2100 = CARTESIAN_POINT('',(0.164356028922,9.768544308753));
#2101 = CARTESIAN_POINT('',(0.16404132063,10.289846804666));
#2102 = CARTESIAN_POINT('',(0.163892078853,10.539830001428));
#2103 = CARTESIAN_POINT('',(0.163744479982,10.789815593253));
#2104 = CARTESIAN_POINT('',(0.163598509464,11.039803252654));
#2105 = CARTESIAN_POINT('',(0.16345414841,11.289792675906));
#2106 = CARTESIAN_POINT('',(0.16331136632,11.539783564799));
#2107 = CARTESIAN_POINT('',(0.162181352893,13.539849906341));
#2108 = CARTESIAN_POINT('',(0.161268117531,15.289972561735));
#2109 = CARTESIAN_POINT('',(0.160419212994,17.040050869887));
#2110 = CARTESIAN_POINT('',(0.1596244874,18.790022855005));
#2111 = CARTESIAN_POINT('',(0.158874641166,20.539857173057));
#2112 = CARTESIAN_POINT('',(0.158161026443,22.289553050179));
#2113 = CARTESIAN_POINT('',(0.157204877407,24.729627636607));
#2114 = CARTESIAN_POINT('',(0.156938676078,25.420096951863));
#2115 = CARTESIAN_POINT('',(0.156676341758,26.11054935715));
#2116 = CARTESIAN_POINT('',(0.156417384938,26.800986305224));
#2117 = CARTESIAN_POINT('',(0.156161327399,27.491409511291));
#2118 = CARTESIAN_POINT('',(0.155907702214,28.181820953001));
#2119 = CARTESIAN_POINT('',(0.155534559515,29.205544399858));
#2120 = CARTESIAN_POINT('',(0.155413525948,29.538863691862));
#2121 = CARTESIAN_POINT('',(0.155292901695,29.872180988501));
#2122 = CARTESIAN_POINT('',(0.155172635944,30.205496535289));
#2123 = CARTESIAN_POINT('',(0.155052678431,30.538810581215));
#2124 = CARTESIAN_POINT('',(0.154932979436,30.872123378747));
#2125 = CARTESIAN_POINT('',(0.154706800702,31.503040277253));
#2126 = CARTESIAN_POINT('',(0.154600278509,31.800644577025));
#2127 = CARTESIAN_POINT('',(0.154493888194,32.098248264949));
#2128 = CARTESIAN_POINT('',(0.15438759508,32.395851520807));
#2129 = CARTESIAN_POINT('',(0.154281364824,32.693454522366));
#2130 = CARTESIAN_POINT('',(0.154175163416,32.991057445378));
#2131 = CARTESIAN_POINT('',(0.153852298868,33.895763846022));
#2132 = CARTESIAN_POINT('',(0.153635620474,34.502867585666));
#2133 = CARTESIAN_POINT('',(0.153418636037,35.109973203789));
#2134 = CARTESIAN_POINT('',(0.153201065318,35.717082083026));
#2135 = CARTESIAN_POINT('',(0.1529826338,36.324195467367));
#2136 = CARTESIAN_POINT('',(0.152763072687,36.931314462159));
#2137 = CARTESIAN_POINT('',(0.152338506643,38.097915463427));
#2138 = CARTESIAN_POINT('',(0.152133710935,38.65739642545));
#2139 = CARTESIAN_POINT('',(0.151927531334,39.216883665021));
#2140 = CARTESIAN_POINT('',(0.151719750904,39.776377757135));
#2141 = CARTESIAN_POINT('',(0.151510198126,40.335879007489));
#2142 = CARTESIAN_POINT('',(0.151298652644,40.895387633348));
#2143 = CARTESIAN_POINT('',(0.149934675394,44.466469187175));
#2144 = CARTESIAN_POINT('',(0.148722332509,47.478232582264));
#2145 = CARTESIAN_POINT('',(0.147463647308,50.490068277074));
#2146 = CARTESIAN_POINT('',(0.146173185783,53.501894202304));
#2147 = CARTESIAN_POINT('',(0.144864243918,56.513671675014));
#2148 = CARTESIAN_POINT('',(0.143548742529,59.525405386396));
#2149 = CARTESIAN_POINT('',(0.14198309215,63.120446032642));
#2150 = CARTESIAN_POINT('',(0.141729208635,63.703748421225));
#2151 = CARTESIAN_POINT('',(0.141475547909,64.287050770949));
#2152 = CARTESIAN_POINT('',(0.1412221845,64.870353321569));
#2153 = CARTESIAN_POINT('',(0.140969191108,65.453656336939));
#2154 = CARTESIAN_POINT('',(0.140716638608,66.036960105017));
#2155 = CARTESIAN_POINT('',(0.139588998608,68.646669630622));
#2156 = CARTESIAN_POINT('',(0.138719564294,70.673086588255));
#2157 = CARTESIAN_POINT('',(0.137854538834,72.699515229629));
#2158 = CARTESIAN_POINT('',(0.136992307385,74.725952189268));
#2159 = CARTESIAN_POINT('',(0.136131394538,76.752391317353));
#2160 = CARTESIAN_POINT('',(0.13527046432,78.778823679725));
#2161 = CARTESIAN_POINT('',(0.134408320189,80.805237557881));
#2162 = ( GEOMETRIC_REPRESENTATION_CONTEXT(2) 
PARAMETRIC_REPRESENTATION_CONTEXT() REPRESENTATION_CONTEXT('2D SPACE',''
  ) );
#2163 = PCURVE('',#459,#2164);
#2164 = DEFINITIONAL_REPRESENTATION('',(#2165),#2234);
#2165 = B_SPLINE_CURVE_WITH_KNOTS('',7,(#2166,#2167,#2168,#2169,#2170,
    #2171,#2172,#2173,#2174,#2175,#2176,#2177,#2178,#2179,#2180,#2181,
    #2182,#2183,#2184,#2185,#2186,#2187,#2188,#2189,#2190,#2191,#2192,
    #2193,#2194,#2195,#2196,#2197,#2198,#2199,#2200,#2201,#2202,#2203,
    #2204,#2205,#2206,#2207,#2208,#2209,#2210,#2211,#2212,#2213,#2214,
    #2215,#2216,#2217,#2218,#2219,#2220,#2221,#2222,#2223,#2224,#2225,
    #2226,#2227,#2228,#2229,#2230,#2231,#2232,#2233),.UNSPECIFIED.,.F.,
  .F.,(8,6,6,6,6,6,6,6,6,6,6,8),(0.,2.613180303656E-02,
    5.020813914685E-02,0.218755038694,0.285273309405,0.317387895367,
    0.346062140352,0.404556947378,0.45846079987,0.74859550687,
    0.804787759074,1.),.UNSPECIFIED.);
#2166 = CARTESIAN_POINT('',(36.,-19.59281462738));
#2167 = CARTESIAN_POINT('',(35.732537313831,-19.5473506907));
#2168 = CARTESIAN_POINT('',(35.465006433655,-19.50232042047));
#2169 = CARTESIAN_POINT('',(35.197408336789,-19.45772032924));
#2170 = CARTESIAN_POINT('',(34.929743988373,-19.41354692474));
#2171 = CARTESIAN_POINT('',(34.662014341373,-19.36979670988));
#2172 = CARTESIAN_POINT('',(34.394220336577,-19.32646618276));
#2173 = CARTESIAN_POINT('',(33.879574512183,-19.24401303331));
#2174 = CARTESIAN_POINT('',(33.632732225653,-19.20482785839));
#2175 = CARTESIAN_POINT('',(33.385836975716,-19.16599210731));
#2176 = CARTESIAN_POINT('',(33.13888923079,-19.12750489239));
#2177 = CARTESIAN_POINT('',(32.891889603405,-19.08936410963));
#2178 = CARTESIAN_POINT('',(32.644839136762,-19.05156449697));
#2179 = CARTESIAN_POINT('',(30.667911428345,-18.75181526888));
#2180 = CARTESIAN_POINT('',(28.935665780515,-18.50589584445));
#2181 = CARTESIAN_POINT('',(27.20138640816,-18.2742755819));
#2182 = CARTESIAN_POINT('',(25.465427632232,-18.05488536388));
#2183 = CARTESIAN_POINT('',(23.728113655825,-17.84565351714));
#2184 = CARTESIAN_POINT('',(21.989738207568,-17.64450794502));
#2185 = CARTESIAN_POINT('',(19.564186394886,-17.37236889791));
#2186 = CARTESIAN_POINT('',(18.877685390007,-17.29629663593));
#2187 = CARTESIAN_POINT('',(18.191077971258,-17.22103424117));
#2188 = CARTESIAN_POINT('',(17.504380673724,-17.14645452502));
#2189 = CARTESIAN_POINT('',(16.8176097667,-17.07243034315));
#2190 = CARTESIAN_POINT('',(16.130781253691,-16.9988345955));
#2191 = CARTESIAN_POINT('',(15.112294345568,-16.89015418429));
#2192 = CARTESIAN_POINT('',(14.780668077091,-16.85483839114));
#2193 = CARTESIAN_POINT('',(14.449033848086,-16.81957854894));
#2194 = CARTESIAN_POINT('',(14.117393436081,-16.78436036213));
#2195 = CARTESIAN_POINT('',(13.785748615023,-16.74916953746));
#2196 = CARTESIAN_POINT('',(13.454101155279,-16.71399178403));
#2197 = CARTESIAN_POINT('',(12.826333000653,-16.64740246202));
#2198 = CARTESIAN_POINT('',(12.530212485032,-16.61599114033));
#2199 = CARTESIAN_POINT('',(12.234092534799,-16.58456867734));
#2200 = CARTESIAN_POINT('',(11.937974409977,-16.55312490356));
#2201 = CARTESIAN_POINT('',(11.641859372585,-16.5216496509));
#2202 = CARTESIAN_POINT('',(11.345748686644,-16.49013275267));
#2203 = CARTESIAN_POINT('',(10.445596019066,-16.39416459568));
#2204 = CARTESIAN_POINT('',(9.841571836133,-16.32954953855));
#2205 = CARTESIAN_POINT('',(9.237581770478,-16.26463257316));
#2206 = CARTESIAN_POINT('',(8.633636662467,-16.19932742557));
#2207 = CARTESIAN_POINT('',(8.029747491719,-16.13354784692));
#2208 = CARTESIAN_POINT('',(7.425925377113,-16.06720761341));
#2209 = CARTESIAN_POINT('',(6.265822501326,-15.93849090892));
#2210 = CARTESIAN_POINT('',(5.709530018024,-15.87621173421));
#2211 = CARTESIAN_POINT('',(5.153312719375,-15.81331720549));
#2212 = CARTESIAN_POINT('',(4.597180253877,-15.74973514685));
#2213 = CARTESIAN_POINT('',(4.041140782879,-15.68540611336));
#2214 = CARTESIAN_POINT('',(3.485204833473,-15.62025422025));
#2215 = CARTESIAN_POINT('',(-6.231058680927E-02,-15.19878118002));
#2216 = CARTESIAN_POINT('',(-3.050758342776,-14.81790325284));
#2217 = CARTESIAN_POINT('',(-6.036269581688,-14.4150053348));
#2218 = CARTESIAN_POINT('',(-9.019195784898,-13.99350532828));
#2219 = CARTESIAN_POINT('',(-11.99993186896,-13.55681401489));
#2220 = CARTESIAN_POINT('',(-14.9789156948,-13.10833119098));
#2221 = CARTESIAN_POINT('',(-18.53334016239,-12.56295310064));
#2222 = CARTESIAN_POINT('',(-19.11000462725,-12.47414913924));
#2223 = CARTESIAN_POINT('',(-19.68662432992,-12.38505454021));
#2224 = CARTESIAN_POINT('',(-20.26320265271,-12.29569391432));
#2225 = CARTESIAN_POINT('',(-20.83974300169,-12.20609186171));
#2226 = CARTESIAN_POINT('',(-21.41624880663,-12.11627297182));
#2227 = CARTESIAN_POINT('',(-23.99540033914,-11.71356252253));
#2228 = CARTESIAN_POINT('',(-25.99770200159,-11.39854734019));
#2229 = CARTESIAN_POINT('',(-27.99952884287,-11.08058260825));
#2230 = CARTESIAN_POINT('',(-30.00077849212,-10.75903564764));
#2231 = CARTESIAN_POINT('',(-32.0013458732,-10.43327476843));
#2232 = CARTESIAN_POINT('',(-34.00112320472,-10.10266926984));
#2233 = CARTESIAN_POINT('',(-36.,-9.766589440181));
#2234 = ( GEOMETRIC_REPRESENTATION_CONTEXT(2) 
PARAMETRIC_REPRESENTATION_CONTEXT() REPRESENTATION_CONTEXT('2D SPACE',''
  ) );
#2235 = ORIENTED_EDGE('',*,*,#2236,.T.);
#2236 = EDGE_CURVE('',#2019,#1618,#2237,.T.);
#2237 = SURFACE_CURVE('',#2238,(#2268,#2301),.PCURVE_S1.);
#2238 = B_SPLINE_CURVE_WITH_KNOTS('',4,(#2239,#2240,#2241,#2242,#2243,
    #2244,#2245,#2246,#2247,#2248,#2249,#2250,#2251,#2252,#2253,#2254,
    #2255,#2256,#2257,#2258,#2259,#2260,#2261,#2262,#2263,#2264,#2265,
    #2266,#2267),.UNSPECIFIED.,.F.,.F.,(5,3,3,3,3,3,3,3,3,5),(0.,
    0.125263964429,0.250402140454,0.375367282012,0.500190609109,
    0.624901967555,0.749570061973,0.874143040931,0.987714724372,1.),
  .UNSPECIFIED.);
#2239 = CARTESIAN_POINT('',(49.488513713901,7.0000012,79.877900789805));
#2240 = CARTESIAN_POINT('',(49.52134924235,6.781867687571,
    79.890594137686));
#2241 = CARTESIAN_POINT('',(49.552801105697,6.563594940802,
    79.902694503376));
#2242 = CARTESIAN_POINT('',(49.582871551699,6.345193005837,
    79.914213967262));
#2243 = CARTESIAN_POINT('',(49.640224868561,5.908369304975,
    79.936100968783));
#2244 = CARTESIAN_POINT('',(49.667510507158,5.689947783213,
    79.94646965324));
#2245 = CARTESIAN_POINT('',(49.693421560249,5.471416398311,
    79.956279424124));
#2246 = CARTESIAN_POINT('',(49.742464139004,5.034454448895,
    79.974785975387));
#2247 = CARTESIAN_POINT('',(49.765599457581,4.816024166446,
    79.983484277427));
#2248 = CARTESIAN_POINT('',(49.787367549536,4.597502499398,
    79.991642792061));
#2249 = CARTESIAN_POINT('',(49.828149156575,4.1605419661,80.006886097072
    ));
#2250 = CARTESIAN_POINT('',(49.847165768888,3.942103290669,
    80.013972096617));
#2251 = CARTESIAN_POINT('',(49.864821276116,3.723590882964,
    80.020533998672));
#2252 = CARTESIAN_POINT('',(49.897397918928,3.286631572412,
    80.032615666424));
#2253 = CARTESIAN_POINT('',(49.912321492549,3.068184789771,
    80.038136362593));
#2254 = CARTESIAN_POINT('',(49.92588885152,2.849681274178,
    80.043145356671));
#2255 = CARTESIAN_POINT('',(49.950308764225,2.412653049383,
    80.052146920685));
#2256 = CARTESIAN_POINT('',(49.961162257749,2.194128376808,
    80.056139843328));
#2257 = CARTESIAN_POINT('',(49.970662335796,1.975563453291,
    80.059629954399));
#2258 = CARTESIAN_POINT('',(49.986950696321,1.538536036683,
    80.065607944778));
#2259 = CARTESIAN_POINT('',(49.993741041987,1.320073595529,
    80.068096587171));
#2260 = CARTESIAN_POINT('',(49.999181285069,1.10158709083,
    80.070088847848));
#2261 = CARTESIAN_POINT('',(50.007000960129,0.683878315994,
    80.072951213267));
#2262 = CARTESIAN_POINT('',(50.009608269968,0.484658764134,
    80.073904880407));
#2263 = CARTESIAN_POINT('',(50.011093909147,0.285431885205,
    80.074448222003));
#2264 = CARTESIAN_POINT('',(50.011497274804,6.465279152077E-02,
    80.074595742695));
#2265 = CARTESIAN_POINT('',(50.011523523939,4.310186609843E-02,
    80.074605342565));
#2266 = CARTESIAN_POINT('',(50.011536648507,2.155093304981E-02,
    80.0746101425));
#2267 = CARTESIAN_POINT('',(50.011536648507,0.,80.0746101425));
#2268 = PCURVE('',#145,#2269);
#2269 = DEFINITIONAL_REPRESENTATION('',(#2270),#2300);
#2270 = B_SPLINE_CURVE_WITH_KNOTS('',4,(#2271,#2272,#2273,#2274,#2275,
    #2276,#2277,#2278,#2279,#2280,#2281,#2282,#2283,#2284,#2285,#2286,
    #2287,#2288,#2289,#2290,#2291,#2292,#2293,#2294,#2295,#2296,#2297,
    #2298,#2299),.UNSPECIFIED.,.F.,.F.,(5,3,3,3,3,3,3,3,3,5),(0.,
    0.125263964429,0.250402140454,0.375367282012,0.500190609109,
    0.624901967555,0.749570061973,0.874143040931,0.987714724372,1.),
  .UNSPECIFIED.);
#2271 = CARTESIAN_POINT('',(0.140514830736,66.504082333259));
#2272 = CARTESIAN_POINT('',(0.136101518755,66.516925949826));
#2273 = CARTESIAN_POINT('',(0.131689787578,66.529169582522));
#2274 = CARTESIAN_POINT('',(0.127279551896,66.540825450863));
#2275 = CARTESIAN_POINT('',(0.118466317479,66.562971646774));
#2276 = CARTESIAN_POINT('',(0.114063315987,66.573463134717));
#2277 = CARTESIAN_POINT('',(0.109661626186,66.583389100519));
#2278 = CARTESIAN_POINT('',(0.100866765383,66.602114876606));
#2279 = CARTESIAN_POINT('',(9.647359107086E-02,66.610916226548));
#2280 = CARTESIAN_POINT('',(9.208153621608E-02,66.619171401891));
#2281 = CARTESIAN_POINT('',(8.330445323875E-02,66.634595319161));
#2282 = CARTESIAN_POINT('',(7.891942284622E-02,66.641765284567));
#2283 = CARTESIAN_POINT('',(7.453531471434E-02,66.648404947107));
#2284 = CARTESIAN_POINT('',(6.577267508025E-02,66.660629793739));
#2285 = CARTESIAN_POINT('',(6.139414214649E-02,66.66621591932));
#2286 = CARTESIAN_POINT('',(5.701633054409E-02,66.671284281187));
#2287 = CARTESIAN_POINT('',(4.826346544921E-02,66.680392537967));
#2288 = CARTESIAN_POINT('',(4.388841156647E-02,66.684432789765));
#2289 = CARTESIAN_POINT('',(3.95138756769E-02,66.687964271445));
#2290 = CARTESIAN_POINT('',(3.076897163816E-02,66.694013124642));
#2291 = CARTESIAN_POINT('',(2.639860289284E-02,66.696531268288));
#2292 = CARTESIAN_POINT('',(2.202854630391E-02,66.698547146384));
#2293 = CARTESIAN_POINT('',(1.367476111274E-02,66.701443444313));
#2294 = CARTESIAN_POINT('',(9.690997272149E-03,66.70240841711));
#2295 = CARTESIAN_POINT('',(5.70732882617E-03,66.702958199998));
#2296 = CARTESIAN_POINT('',(1.292757800383E-03,66.703107469542));
#2297 = CARTESIAN_POINT('',(8.618384674193E-04,66.703117183218));
#2298 = CARTESIAN_POINT('',(4.309192337215E-04,66.703122040056));
#2299 = CARTESIAN_POINT('',(0.,66.703122040056));
#2300 = ( GEOMETRIC_REPRESENTATION_CONTEXT(2) 
PARAMETRIC_REPRESENTATION_CONTEXT() REPRESENTATION_CONTEXT('2D SPACE',''
  ) );
#2301 = PCURVE('',#2302,#2310);
#2302 = SURFACE_OF_LINEAR_EXTRUSION('',#2303,#2308);
#2303 = ELLIPSE('',#2304,28.,24.);
#2304 = AXIS2_PLACEMENT_3D('',#2305,#2306,#2307);
#2305 = CARTESIAN_POINT('',(61.,0.,58.));
#2306 = DIRECTION('',(0.,-1.,0.));
#2307 = DIRECTION('',(1.,0.,0.));
#2308 = VECTOR('',#2309,1.);
#2309 = DIRECTION('',(0.,-1.,0.));
#2310 = DEFINITIONAL_REPRESENTATION('',(#2311),#2341);
#2311 = B_SPLINE_CURVE_WITH_KNOTS('',4,(#2312,#2313,#2314,#2315,#2316,
    #2317,#2318,#2319,#2320,#2321,#2322,#2323,#2324,#2325,#2326,#2327,
    #2328,#2329,#2330,#2331,#2332,#2333,#2334,#2335,#2336,#2337,#2338,
    #2339,#2340),.UNSPECIFIED.,.F.,.F.,(5,3,3,3,3,3,3,3,3,5),(0.,
    0.125263964429,0.250402140454,0.375367282012,0.500190609109,
    0.624901967555,0.749570061973,0.874143040931,0.987714724372,1.),
  .UNSPECIFIED.);
#2312 = CARTESIAN_POINT('',(8.277668938283,-7.0000012));
#2313 = CARTESIAN_POINT('',(8.27638249225,-6.781867687571));
#2314 = CARTESIAN_POINT('',(8.275151251246,-6.563594940802));
#2315 = CARTESIAN_POINT('',(8.273974929613,-6.345193005837));
#2316 = CARTESIAN_POINT('',(8.271732757641,-5.908369304975));
#2317 = CARTESIAN_POINT('',(8.270666797522,-5.689947783213));
#2318 = CARTESIAN_POINT('',(8.269655153933,-5.471416398311));
#2319 = CARTESIAN_POINT('',(8.267741406409,-5.034454448895));
#2320 = CARTESIAN_POINT('',(8.266839152914,-4.816024166446));
#2321 = CARTESIAN_POINT('',(8.265990649806,-4.597502499398));
#2322 = CARTESIAN_POINT('',(8.264401703212,-4.1605419661));
#2323 = CARTESIAN_POINT('',(8.263661138166,-3.942103290669));
#2324 = CARTESIAN_POINT('',(8.262973859254,-3.723590882964));
#2325 = CARTESIAN_POINT('',(8.261706170861,-3.286631572412));
#2326 = CARTESIAN_POINT('',(8.261125666049,-3.068184789771));
#2327 = CARTESIAN_POINT('',(8.260598080732,-2.849681274178));
#2328 = CARTESIAN_POINT('',(8.259648711675,-2.412653049383));
#2329 = CARTESIAN_POINT('',(8.259226891281,-2.194128376808));
#2330 = CARTESIAN_POINT('',(8.258857751704,-1.975563453291));
#2331 = CARTESIAN_POINT('',(8.258224941466,-1.538536036683));
#2332 = CARTESIAN_POINT('',(8.257961190542,-1.320073595529));
#2333 = CARTESIAN_POINT('',(8.257749906099,-1.10158709083));
#2334 = CARTESIAN_POINT('',(8.257446231565,-0.683878315994));
#2335 = CARTESIAN_POINT('',(8.257344989478,-0.484658764134));
#2336 = CARTESIAN_POINT('',(8.257287302878,-0.285431885205));
#2337 = CARTESIAN_POINT('',(8.257271640429,-6.465279152077E-02));
#2338 = CARTESIAN_POINT('',(8.257270621192,-4.310186609843E-02));
#2339 = CARTESIAN_POINT('',(8.257270111574,-2.155093304981E-02));
#2340 = CARTESIAN_POINT('',(8.257270111574,0.));
#2341 = ( GEOMETRIC_REPRESENTATION_CONTEXT(2) 
PARAMETRIC_REPRESENTATION_CONTEXT() REPRESENTATION_CONTEXT('2D SPACE',''
  ) );
#2342 = ORIENTED_EDGE('',*,*,#1617,.F.);
#2343 = ORIENTED_EDGE('',*,*,#2344,.T.);
#2344 = EDGE_CURVE('',#1518,#2345,#2347,.T.);
#2345 = VERTEX_POINT('',#2346);
#2346 = CARTESIAN_POINT('',(44.200266235588,7.,38.799828801626));
#2347 = SURFACE_CURVE('',#2348,(#2375,#2405),.PCURVE_S1.);
#2348 = B_SPLINE_CURVE_WITH_KNOTS('',4,(#2349,#2350,#2351,#2352,#2353,
    #2354,#2355,#2356,#2357,#2358,#2359,#2360,#2361,#2362,#2363,#2364,
    #2365,#2366,#2367,#2368,#2369,#2370,#2371,#2372,#2373,#2374),
  .UNSPECIFIED.,.F.,.F.,(5,3,3,3,3,3,3,3,5),(0.,0.12366152341,
    0.246104867204,0.368618992764,0.491239893773,0.614444769618,
    0.737392414299,0.860562664671,1.),.UNSPECIFIED.);
#2349 = CARTESIAN_POINT('',(44.715734341013,0.,38.476274553549));
#2350 = CARTESIAN_POINT('',(44.715734341013,0.217111729581,
    38.476274553549));
#2351 = CARTESIAN_POINT('',(44.714417280324,0.434223457388,
    38.477081635678));
#2352 = CARTESIAN_POINT('',(44.71178315861,0.651324660639,
    38.478695799785));
#2353 = CARTESIAN_POINT('',(44.703920276745,1.083346462925,
    38.483517632289));
#2354 = CARTESIAN_POINT('',(44.698717332105,1.298267471839,
    38.486709446669));
#2355 = CARTESIAN_POINT('',(44.692223696681,1.513157558462,
    38.490695649432));
#2356 = CARTESIAN_POINT('',(44.676651650862,1.942979383139,
    38.500265800621));
#2357 = CARTESIAN_POINT('',(44.667571749082,2.157911070006,
    38.505850671537));
#2358 = CARTESIAN_POINT('',(44.65720077165,2.372791062251,
    38.512237061989));
#2359 = CARTESIAN_POINT('',(44.633868206981,2.802613796637,
    38.526628475465));
#2360 = CARTESIAN_POINT('',(44.620904370797,3.017556426686,
    38.534634904628));
#2361 = CARTESIAN_POINT('',(44.606648916198,3.232426140374,
    38.543453596329));
#2362 = CARTESIAN_POINT('',(44.575483096658,3.663021016732,
    38.562773892254));
#2363 = CARTESIAN_POINT('',(44.558560412558,3.878745376241,
    38.573283311613));
#2364 = CARTESIAN_POINT('',(44.540336169936,4.094374237373,
    38.584625388909));
#2365 = CARTESIAN_POINT('',(44.501328470847,4.524968408139,
    38.608965322273));
#2366 = CARTESIAN_POINT('',(44.480550438788,4.739934159293,
    38.621959672354));
#2367 = CARTESIAN_POINT('',(44.458479401885,4.954782343663,
    38.635799022818));
#2368 = CARTESIAN_POINT('',(44.411712974865,5.384609106299,
    38.665213360151));
#2369 = CARTESIAN_POINT('',(44.38701290771,5.599587212193,
    38.680791444634));
#2370 = CARTESIAN_POINT('',(44.361019123727,5.814423979076,
    38.697236710063));
#2371 = CARTESIAN_POINT('',(44.302845530293,6.272143703933,
    38.734171962813));
#2372 = CARTESIAN_POINT('',(44.27030212691,6.514983472715,
    38.754909294867));
#2373 = CARTESIAN_POINT('',(44.236107480916,6.757608766467,
    38.776788620249));
#2374 = CARTESIAN_POINT('',(44.20026606321,7.0000012,38.799828961481));
#2375 = PCURVE('',#145,#2376);
#2376 = DEFINITIONAL_REPRESENTATION('',(#2377),#2404);
#2377 = B_SPLINE_CURVE_WITH_KNOTS('',4,(#2378,#2379,#2380,#2381,#2382,
    #2383,#2384,#2385,#2386,#2387,#2388,#2389,#2390,#2391,#2392,#2393,
    #2394,#2395,#2396,#2397,#2398,#2399,#2400,#2401,#2402,#2403),
  .UNSPECIFIED.,.F.,.F.,(5,3,3,3,3,3,3,3,5),(0.,0.12366152341,
    0.246104867204,0.368618992764,0.491239893773,0.614444769618,
    0.737392414299,0.860562664671,1.),.UNSPECIFIED.);
#2378 = CARTESIAN_POINT('',(0.,24.770264774733));
#2379 = CARTESIAN_POINT('',(4.855376586794E-03,24.770264774733));
#2380 = CARTESIAN_POINT('',(9.7107531282E-03,24.771076544917));
#2381 = CARTESIAN_POINT('',(1.456614192184E-02,24.772700085135));
#2382 = CARTESIAN_POINT('',(2.422913640665E-02,24.777549920513));
#2383 = CARTESIAN_POINT('',(2.90367415471E-02,24.780760269618));
#2384 = CARTESIAN_POINT('',(3.384438072137E-02,24.784769616083));
#2385 = CARTESIAN_POINT('',(4.34625227746E-02,24.79439531406));
#2386 = CARTESIAN_POINT('',(4.827302561327E-02,24.800012593406));
#2387 = CARTESIAN_POINT('',(5.308357888792E-02,24.806436032011));
#2388 = CARTESIAN_POINT('',(6.27089859982E-02,24.820910895608));
#2389 = CARTESIAN_POINT('',(6.752383983523E-02,24.82896373486));
#2390 = CARTESIAN_POINT('',(7.233875119828E-02,24.837833522563));
#2391 = CARTESIAN_POINT('',(8.199161368572E-02,24.857265698769));
#2392 = CARTESIAN_POINT('',(8.682956523032E-02,24.867835947386));
#2393 = CARTESIAN_POINT('',(9.166756840502E-02,24.879243635869));
#2394 = CARTESIAN_POINT('',(0.101333552729,24.903724272513));
#2395 = CARTESIAN_POINT('',(0.106161533608,24.916793694604));
#2396 = CARTESIAN_POINT('',(0.110989541672,24.930712942811));
#2397 = CARTESIAN_POINT('',(0.120654307268,24.960296956687));
#2398 = CARTESIAN_POINT('',(0.125491064701,24.975964837594));
#2399 = CARTESIAN_POINT('',(0.130327802738,24.992504819141));
#2400 = CARTESIAN_POINT('',(0.140639946248,25.029652597168));
#2401 = CARTESIAN_POINT('',(0.146115336605,25.050509136212));
#2402 = CARTESIAN_POINT('',(0.15159059896,25.072514094977));
#2403 = CARTESIAN_POINT('',(0.15706565746,25.095686570554));
#2404 = ( GEOMETRIC_REPRESENTATION_CONTEXT(2) 
PARAMETRIC_REPRESENTATION_CONTEXT() REPRESENTATION_CONTEXT('2D SPACE',''
  ) );
#2405 = PCURVE('',#2302,#2406);
#2406 = DEFINITIONAL_REPRESENTATION('',(#2407),#2434);
#2407 = B_SPLINE_CURVE_WITH_KNOTS('',4,(#2408,#2409,#2410,#2411,#2412,
    #2413,#2414,#2415,#2416,#2417,#2418,#2419,#2420,#2421,#2422,#2423,
    #2424,#2425,#2426,#2427,#2428,#2429,#2430,#2431,#2432,#2433),
  .UNSPECIFIED.,.F.,.F.,(5,3,3,3,3,3,3,3,5),(0.,0.12366152341,
    0.246104867204,0.368618992764,0.491239893773,0.614444769618,
    0.737392414299,0.860562664671,1.),.UNSPECIFIED.);
#2408 = CARTESIAN_POINT('',(4.091718257888,0.));
#2409 = CARTESIAN_POINT('',(4.091718257888,-0.217111729581));
#2410 = CARTESIAN_POINT('',(4.091660435459,-0.434223457388));
#2411 = CARTESIAN_POINT('',(4.091544790603,-0.651324660639));
#2412 = CARTESIAN_POINT('',(4.091199503755,-1.083346462925));
#2413 = CARTESIAN_POINT('',(4.090970995961,-1.298267471839));
#2414 = CARTESIAN_POINT('',(4.090685739442,-1.513157558462));
#2415 = CARTESIAN_POINT('',(4.090001412558,-1.942979383139));
#2416 = CARTESIAN_POINT('',(4.089602276496,-2.157911070006));
#2417 = CARTESIAN_POINT('',(4.089146207253,-2.372791062251));
#2418 = CARTESIAN_POINT('',(4.088119577089,-2.802613796637));
#2419 = CARTESIAN_POINT('',(4.087548916732,-3.017556426686));
#2420 = CARTESIAN_POINT('',(4.086921045388,-3.232426140374));
#2421 = CARTESIAN_POINT('',(4.085547379305,-3.663021016732));
#2422 = CARTESIAN_POINT('',(4.084801037205,-3.878745376241));
#2423 = CARTESIAN_POINT('',(4.083996696858,-4.094374237373));
#2424 = CARTESIAN_POINT('',(4.082273517972,-4.524968408139));
#2425 = CARTESIAN_POINT('',(4.081354921996,-4.739934159293));
#2426 = CARTESIAN_POINT('',(4.080378268849,-4.954782343663));
#2427 = CARTESIAN_POINT('',(4.078306613553,-5.384609106299));
#2428 = CARTESIAN_POINT('',(4.077211400335,-5.599587212193));
#2429 = CARTESIAN_POINT('',(4.07605755698,-5.814423979076));
#2430 = CARTESIAN_POINT('',(4.073472027117,-6.272143703933));
#2431 = CARTESIAN_POINT('',(4.072023771512,-6.514983472715));
#2432 = CARTESIAN_POINT('',(4.070499798397,-6.757608766467));
#2433 = CARTESIAN_POINT('',(4.06889974936,-7.0000012));
#2434 = ( GEOMETRIC_REPRESENTATION_CONTEXT(2) 
PARAMETRIC_REPRESENTATION_CONTEXT() REPRESENTATION_CONTEXT('2D SPACE',''
  ) );
#2435 = ORIENTED_EDGE('',*,*,#2436,.F.);
#2436 = EDGE_CURVE('',#343,#2345,#2437,.T.);
#2437 = SURFACE_CURVE('',#2438,(#2507,#2579),.PCURVE_S1.);
#2438 = B_SPLINE_CURVE_WITH_KNOTS('',7,(#2439,#2440,#2441,#2442,#2443,
    #2444,#2445,#2446,#2447,#2448,#2449,#2450,#2451,#2452,#2453,#2454,
    #2455,#2456,#2457,#2458,#2459,#2460,#2461,#2462,#2463,#2464,#2465,
    #2466,#2467,#2468,#2469,#2470,#2471,#2472,#2473,#2474,#2475,#2476,
    #2477,#2478,#2479,#2480,#2481,#2482,#2483,#2484,#2485,#2486,#2487,
    #2488,#2489,#2490,#2491,#2492,#2493,#2494,#2495,#2496,#2497,#2498,
    #2499,#2500,#2501,#2502,#2503,#2504,#2505,#2506),.UNSPECIFIED.,.F.,
  .F.,(8,6,6,6,6,6,6,6,6,6,6,8),(0.,2.613180303656E-02,
    5.020813914685E-02,0.218755038694,0.285273309405,0.317387895367,
    0.346062140352,0.404556947378,0.45846079987,0.74859550687,
    0.804787759074,1.),.UNSPECIFIED.);
#2439 = CARTESIAN_POINT('',(41.939886206266,7.,22.));
#2440 = CARTESIAN_POINT('',(41.985350142948,7.,22.267462686169));
#2441 = CARTESIAN_POINT('',(42.030380413178,7.,22.534993566345));
#2442 = CARTESIAN_POINT('',(42.074980504408,7.,22.802591663211));
#2443 = CARTESIAN_POINT('',(42.119153908906,7.,23.070256011627));
#2444 = CARTESIAN_POINT('',(42.162904123762,7.,23.337985658627));
#2445 = CARTESIAN_POINT('',(42.206234650884,7.,23.605779663423));
#2446 = CARTESIAN_POINT('',(42.288687800332,7.,24.120425487817));
#2447 = CARTESIAN_POINT('',(42.327872975258,7.,24.367267774347));
#2448 = CARTESIAN_POINT('',(42.366708726335,7.,24.614163024284));
#2449 = CARTESIAN_POINT('',(42.405195941254,7.,24.86111076921));
#2450 = CARTESIAN_POINT('',(42.44333672402,7.,25.108110396595));
#2451 = CARTESIAN_POINT('',(42.48113633668,7.,25.355160863238));
#2452 = CARTESIAN_POINT('',(42.78088556477,7.,27.332088571655));
#2453 = CARTESIAN_POINT('',(43.026804989192,7.,29.064334219485));
#2454 = CARTESIAN_POINT('',(43.258425251747,7.,30.79861359184));
#2455 = CARTESIAN_POINT('',(43.477815469763,7.,32.534572367768));
#2456 = CARTESIAN_POINT('',(43.687047316502,7.,34.271886344175));
#2457 = CARTESIAN_POINT('',(43.888192888626,7.,36.010261792432));
#2458 = CARTESIAN_POINT('',(44.160331935736,7.,38.435813605114));
#2459 = CARTESIAN_POINT('',(44.236404197712,7.,39.122314609993));
#2460 = CARTESIAN_POINT('',(44.311666592473,7.,39.808922028742));
#2461 = CARTESIAN_POINT('',(44.386246308624,7.,40.495619326276));
#2462 = CARTESIAN_POINT('',(44.460270490497,7.,41.1823902333));
#2463 = CARTESIAN_POINT('',(44.533866238148,7.,41.869218746309));
#2464 = CARTESIAN_POINT('',(44.642546649356,7.,42.887705654432));
#2465 = CARTESIAN_POINT('',(44.677862442503,7.,43.219331922909));
#2466 = CARTESIAN_POINT('',(44.713122284703,7.,43.550966151914));
#2467 = CARTESIAN_POINT('',(44.74834047152,7.,43.882606563919));
#2468 = CARTESIAN_POINT('',(44.783531296188,7.,44.214251384977));
#2469 = CARTESIAN_POINT('',(44.818709049613,7.,44.545898844721));
#2470 = CARTESIAN_POINT('',(44.885298371628,7.,45.173666999347));
#2471 = CARTESIAN_POINT('',(44.916709693312,7.,45.469787514968));
#2472 = CARTESIAN_POINT('',(44.948132156303,7.,45.765907465201));
#2473 = CARTESIAN_POINT('',(44.979575930085,7.,46.062025590023));
#2474 = CARTESIAN_POINT('',(45.011051182745,7.,46.358140627415));
#2475 = CARTESIAN_POINT('',(45.042568080973,7.,46.654251313356));
#2476 = CARTESIAN_POINT('',(45.138536237963,7.,47.554403980934));
#2477 = CARTESIAN_POINT('',(45.203151295096,7.,48.158428163867));
#2478 = CARTESIAN_POINT('',(45.268068260484,7.,48.762418229522));
#2479 = CARTESIAN_POINT('',(45.333373408074,7.,49.366363337533));
#2480 = CARTESIAN_POINT('',(45.39915298673,7.,49.970252508281));
#2481 = CARTESIAN_POINT('',(45.465493220236,7.,50.574074622887));
#2482 = CARTESIAN_POINT('',(45.594209924731,7.,51.734177498674));
#2483 = CARTESIAN_POINT('',(45.656489099435,7.,52.290469981976));
#2484 = CARTESIAN_POINT('',(45.719383628155,7.,52.846687280625));
#2485 = CARTESIAN_POINT('',(45.782965686801,7.,53.402819746123));
#2486 = CARTESIAN_POINT('',(45.847294720284,7.,53.958859217121));
#2487 = CARTESIAN_POINT('',(45.912446613394,7.,54.514795166527));
#2488 = CARTESIAN_POINT('',(46.333919653626,7.,58.062310586809));
#2489 = CARTESIAN_POINT('',(46.714797580807,7.,61.050758342776));
#2490 = CARTESIAN_POINT('',(47.117695498842,7.,64.036269581688));
#2491 = CARTESIAN_POINT('',(47.53919550537,7.,67.019195784898));
#2492 = CARTESIAN_POINT('',(47.975886818753,7.,69.999931868969));
#2493 = CARTESIAN_POINT('',(48.424369642664,7.,72.978915694801));
#2494 = CARTESIAN_POINT('',(48.969747733008,7.,76.533340162394));
#2495 = CARTESIAN_POINT('',(49.058551694407,7.,77.110004627258));
#2496 = CARTESIAN_POINT('',(49.147646293439,7.,77.686624329924));
#2497 = CARTESIAN_POINT('',(49.237006919323,7.,78.263202652716));
#2498 = CARTESIAN_POINT('',(49.326608971938,7.,78.83974300169));
#2499 = CARTESIAN_POINT('',(49.416427861828,7.,79.416248806637));
#2500 = CARTESIAN_POINT('',(49.819138311115,7.,81.995400339143));
#2501 = CARTESIAN_POINT('',(50.134153493453,7.,83.997702001599));
#2502 = CARTESIAN_POINT('',(50.452118225398,7.,85.999528842875));
#2503 = CARTESIAN_POINT('',(50.773665186009,7.,88.00077849212));
#2504 = CARTESIAN_POINT('',(51.099426065213,7.,90.001345873205));
#2505 = CARTESIAN_POINT('',(51.43003156381,7.,92.001123204726));
#2506 = CARTESIAN_POINT('',(51.76611139347,7.,94.));
#2507 = PCURVE('',#145,#2508);
#2508 = DEFINITIONAL_REPRESENTATION('',(#2509),#2578);
#2509 = B_SPLINE_CURVE_WITH_KNOTS('',7,(#2510,#2511,#2512,#2513,#2514,
    #2515,#2516,#2517,#2518,#2519,#2520,#2521,#2522,#2523,#2524,#2525,
    #2526,#2527,#2528,#2529,#2530,#2531,#2532,#2533,#2534,#2535,#2536,
    #2537,#2538,#2539,#2540,#2541,#2542,#2543,#2544,#2545,#2546,#2547,
    #2548,#2549,#2550,#2551,#2552,#2553,#2554,#2555,#2556,#2557,#2558,
    #2559,#2560,#2561,#2562,#2563,#2564,#2565,#2566,#2567,#2568,#2569,
    #2570,#2571,#2572,#2573,#2574,#2575,#2576,#2577),.UNSPECIFIED.,.F.,
  .F.,(8,6,6,6,6,6,6,6,6,6,6,8),(0.,2.613180303656E-02,
    5.020813914685E-02,0.218755038694,0.285273309405,0.317387895367,
    0.346062140352,0.404556947378,0.45846079987,0.74859550687,
    0.804787759074,1.),.UNSPECIFIED.);
#2510 = CARTESIAN_POINT('',(0.165381100672,8.140694719972));
#2511 = CARTESIAN_POINT('',(0.16520507432,8.411990917386));
#2512 = CARTESIAN_POINT('',(0.165031160191,8.683292559842));
#2513 = CARTESIAN_POINT('',(0.164859328034,8.954599173999));
#2514 = CARTESIAN_POINT('',(0.164689548132,9.225910299548));
#2515 = CARTESIAN_POINT('',(0.164521791308,9.497225489214));
#2516 = CARTESIAN_POINT('',(0.164356028922,9.768544308753));
#2517 = CARTESIAN_POINT('',(0.16404132063,10.289846804666));
#2518 = CARTESIAN_POINT('',(0.163892078853,10.539830001428));
#2519 = CARTESIAN_POINT('',(0.163744479982,10.789815593253));
#2520 = CARTESIAN_POINT('',(0.163598509464,11.039803252654));
#2521 = CARTESIAN_POINT('',(0.16345414841,11.289792675906));
#2522 = CARTESIAN_POINT('',(0.16331136632,11.539783564799));
#2523 = CARTESIAN_POINT('',(0.162181352893,13.539849906341));
#2524 = CARTESIAN_POINT('',(0.161268117531,15.289972561735));
#2525 = CARTESIAN_POINT('',(0.160419212994,17.040050869887));
#2526 = CARTESIAN_POINT('',(0.1596244874,18.790022855005));
#2527 = CARTESIAN_POINT('',(0.158874641166,20.539857173057));
#2528 = CARTESIAN_POINT('',(0.158161026443,22.289553050179));
#2529 = CARTESIAN_POINT('',(0.157204877407,24.729627636607));
#2530 = CARTESIAN_POINT('',(0.156938676078,25.420096951863));
#2531 = CARTESIAN_POINT('',(0.156676341758,26.11054935715));
#2532 = CARTESIAN_POINT('',(0.156417384938,26.800986305224));
#2533 = CARTESIAN_POINT('',(0.156161327399,27.491409511291));
#2534 = CARTESIAN_POINT('',(0.155907702214,28.181820953001));
#2535 = CARTESIAN_POINT('',(0.155534559515,29.205544399858));
#2536 = CARTESIAN_POINT('',(0.155413525948,29.538863691862));
#2537 = CARTESIAN_POINT('',(0.155292901695,29.872180988501));
#2538 = CARTESIAN_POINT('',(0.155172635944,30.205496535289));
#2539 = CARTESIAN_POINT('',(0.155052678431,30.538810581215));
#2540 = CARTESIAN_POINT('',(0.154932979436,30.872123378747));
#2541 = CARTESIAN_POINT('',(0.154706800702,31.503040277253));
#2542 = CARTESIAN_POINT('',(0.154600278509,31.800644577025));
#2543 = CARTESIAN_POINT('',(0.154493888194,32.098248264949));
#2544 = CARTESIAN_POINT('',(0.15438759508,32.395851520807));
#2545 = CARTESIAN_POINT('',(0.154281364824,32.693454522366));
#2546 = CARTESIAN_POINT('',(0.154175163416,32.991057445378));
#2547 = CARTESIAN_POINT('',(0.153852298868,33.895763846022));
#2548 = CARTESIAN_POINT('',(0.153635620474,34.502867585666));
#2549 = CARTESIAN_POINT('',(0.153418636037,35.109973203789));
#2550 = CARTESIAN_POINT('',(0.153201065318,35.717082083026));
#2551 = CARTESIAN_POINT('',(0.1529826338,36.324195467367));
#2552 = CARTESIAN_POINT('',(0.152763072687,36.931314462159));
#2553 = CARTESIAN_POINT('',(0.152338506643,38.097915463427));
#2554 = CARTESIAN_POINT('',(0.152133710935,38.65739642545));
#2555 = CARTESIAN_POINT('',(0.151927531334,39.216883665021));
#2556 = CARTESIAN_POINT('',(0.151719750904,39.776377757135));
#2557 = CARTESIAN_POINT('',(0.151510198126,40.335879007489));
#2558 = CARTESIAN_POINT('',(0.151298652644,40.895387633348));
#2559 = CARTESIAN_POINT('',(0.149934675394,44.466469187175));
#2560 = CARTESIAN_POINT('',(0.148722332509,47.478232582264));
#2561 = CARTESIAN_POINT('',(0.147463647308,50.490068277074));
#2562 = CARTESIAN_POINT('',(0.146173185783,53.501894202304));
#2563 = CARTESIAN_POINT('',(0.144864243918,56.513671675014));
#2564 = CARTESIAN_POINT('',(0.143548742529,59.525405386396));
#2565 = CARTESIAN_POINT('',(0.14198309215,63.120446032642));
#2566 = CARTESIAN_POINT('',(0.141729208635,63.703748421225));
#2567 = CARTESIAN_POINT('',(0.141475547909,64.287050770949));
#2568 = CARTESIAN_POINT('',(0.1412221845,64.870353321569));
#2569 = CARTESIAN_POINT('',(0.140969191108,65.453656336939));
#2570 = CARTESIAN_POINT('',(0.140716638608,66.036960105017));
#2571 = CARTESIAN_POINT('',(0.139588998608,68.646669630622));
#2572 = CARTESIAN_POINT('',(0.138719564294,70.673086588255));
#2573 = CARTESIAN_POINT('',(0.137854538834,72.699515229629));
#2574 = CARTESIAN_POINT('',(0.136992307385,74.725952189268));
#2575 = CARTESIAN_POINT('',(0.136131394538,76.752391317353));
#2576 = CARTESIAN_POINT('',(0.13527046432,78.778823679725));
#2577 = CARTESIAN_POINT('',(0.134408320189,80.805237557881));
#2578 = ( GEOMETRIC_REPRESENTATION_CONTEXT(2) 
PARAMETRIC_REPRESENTATION_CONTEXT() REPRESENTATION_CONTEXT('2D SPACE',''
  ) );
#2579 = PCURVE('',#459,#2580);
#2580 = DEFINITIONAL_REPRESENTATION('',(#2581),#2650);
#2581 = B_SPLINE_CURVE_WITH_KNOTS('',7,(#2582,#2583,#2584,#2585,#2586,
    #2587,#2588,#2589,#2590,#2591,#2592,#2593,#2594,#2595,#2596,#2597,
    #2598,#2599,#2600,#2601,#2602,#2603,#2604,#2605,#2606,#2607,#2608,
    #2609,#2610,#2611,#2612,#2613,#2614,#2615,#2616,#2617,#2618,#2619,
    #2620,#2621,#2622,#2623,#2624,#2625,#2626,#2627,#2628,#2629,#2630,
    #2631,#2632,#2633,#2634,#2635,#2636,#2637,#2638,#2639,#2640,#2641,
    #2642,#2643,#2644,#2645,#2646,#2647,#2648,#2649),.UNSPECIFIED.,.F.,
  .F.,(8,6,6,6,6,6,6,6,6,6,6,8),(0.,2.613180303656E-02,
    5.020813914685E-02,0.218755038694,0.285273309405,0.317387895367,
    0.346062140352,0.404556947378,0.45846079987,0.74859550687,
    0.804787759074,1.),.UNSPECIFIED.);
#2582 = CARTESIAN_POINT('',(36.,-19.59281462738));
#2583 = CARTESIAN_POINT('',(35.732537313831,-19.5473506907));
#2584 = CARTESIAN_POINT('',(35.465006433655,-19.50232042047));
#2585 = CARTESIAN_POINT('',(35.197408336789,-19.45772032924));
#2586 = CARTESIAN_POINT('',(34.929743988373,-19.41354692474));
#2587 = CARTESIAN_POINT('',(34.662014341373,-19.36979670988));
#2588 = CARTESIAN_POINT('',(34.394220336577,-19.32646618276));
#2589 = CARTESIAN_POINT('',(33.879574512183,-19.24401303331));
#2590 = CARTESIAN_POINT('',(33.632732225653,-19.20482785839));
#2591 = CARTESIAN_POINT('',(33.385836975716,-19.16599210731));
#2592 = CARTESIAN_POINT('',(33.13888923079,-19.12750489239));
#2593 = CARTESIAN_POINT('',(32.891889603405,-19.08936410963));
#2594 = CARTESIAN_POINT('',(32.644839136762,-19.05156449697));
#2595 = CARTESIAN_POINT('',(30.667911428345,-18.75181526888));
#2596 = CARTESIAN_POINT('',(28.935665780515,-18.50589584445));
#2597 = CARTESIAN_POINT('',(27.20138640816,-18.2742755819));
#2598 = CARTESIAN_POINT('',(25.465427632232,-18.05488536388));
#2599 = CARTESIAN_POINT('',(23.728113655825,-17.84565351714));
#2600 = CARTESIAN_POINT('',(21.989738207568,-17.64450794502));
#2601 = CARTESIAN_POINT('',(19.564186394886,-17.37236889791));
#2602 = CARTESIAN_POINT('',(18.877685390007,-17.29629663593));
#2603 = CARTESIAN_POINT('',(18.191077971258,-17.22103424117));
#2604 = CARTESIAN_POINT('',(17.504380673724,-17.14645452502));
#2605 = CARTESIAN_POINT('',(16.8176097667,-17.07243034315));
#2606 = CARTESIAN_POINT('',(16.130781253691,-16.9988345955));
#2607 = CARTESIAN_POINT('',(15.112294345568,-16.89015418429));
#2608 = CARTESIAN_POINT('',(14.780668077091,-16.85483839114));
#2609 = CARTESIAN_POINT('',(14.449033848086,-16.81957854894));
#2610 = CARTESIAN_POINT('',(14.117393436081,-16.78436036213));
#2611 = CARTESIAN_POINT('',(13.785748615023,-16.74916953746));
#2612 = CARTESIAN_POINT('',(13.454101155279,-16.71399178403));
#2613 = CARTESIAN_POINT('',(12.826333000653,-16.64740246202));
#2614 = CARTESIAN_POINT('',(12.530212485032,-16.61599114033));
#2615 = CARTESIAN_POINT('',(12.234092534799,-16.58456867734));
#2616 = CARTESIAN_POINT('',(11.937974409977,-16.55312490356));
#2617 = CARTESIAN_POINT('',(11.641859372585,-16.5216496509));
#2618 = CARTESIAN_POINT('',(11.345748686644,-16.49013275267));
#2619 = CARTESIAN_POINT('',(10.445596019066,-16.39416459568));
#2620 = CARTESIAN_POINT('',(9.841571836133,-16.32954953855));
#2621 = CARTESIAN_POINT('',(9.237581770478,-16.26463257316));
#2622 = CARTESIAN_POINT('',(8.633636662467,-16.19932742557));
#2623 = CARTESIAN_POINT('',(8.029747491719,-16.13354784692));
#2624 = CARTESIAN_POINT('',(7.425925377113,-16.06720761341));
#2625 = CARTESIAN_POINT('',(6.265822501326,-15.93849090892));
#2626 = CARTESIAN_POINT('',(5.709530018024,-15.87621173421));
#2627 = CARTESIAN_POINT('',(5.153312719375,-15.81331720549));
#2628 = CARTESIAN_POINT('',(4.597180253877,-15.74973514685));
#2629 = CARTESIAN_POINT('',(4.041140782879,-15.68540611336));
#2630 = CARTESIAN_POINT('',(3.485204833473,-15.62025422025));
#2631 = CARTESIAN_POINT('',(-6.231058680927E-02,-15.19878118002));
#2632 = CARTESIAN_POINT('',(-3.050758342776,-14.81790325284));
#2633 = CARTESIAN_POINT('',(-6.036269581688,-14.4150053348));
#2634 = CARTESIAN_POINT('',(-9.019195784898,-13.99350532828));
#2635 = CARTESIAN_POINT('',(-11.99993186896,-13.55681401489));
#2636 = CARTESIAN_POINT('',(-14.9789156948,-13.10833119098));
#2637 = CARTESIAN_POINT('',(-18.53334016239,-12.56295310064));
#2638 = CARTESIAN_POINT('',(-19.11000462725,-12.47414913924));
#2639 = CARTESIAN_POINT('',(-19.68662432992,-12.38505454021));
#2640 = CARTESIAN_POINT('',(-20.26320265271,-12.29569391432));
#2641 = CARTESIAN_POINT('',(-20.83974300169,-12.20609186171));
#2642 = CARTESIAN_POINT('',(-21.41624880663,-12.11627297182));
#2643 = CARTESIAN_POINT('',(-23.99540033914,-11.71356252253));
#2644 = CARTESIAN_POINT('',(-25.99770200159,-11.39854734019));
#2645 = CARTESIAN_POINT('',(-27.99952884287,-11.08058260825));
#2646 = CARTESIAN_POINT('',(-30.00077849212,-10.75903564764));
#2647 = CARTESIAN_POINT('',(-32.0013458732,-10.43327476843));
#2648 = CARTESIAN_POINT('',(-34.00112320472,-10.10266926984));
#2649 = CARTESIAN_POINT('',(-36.,-9.766589440181));
#2650 = ( GEOMETRIC_REPRESENTATION_CONTEXT(2) 
PARAMETRIC_REPRESENTATION_CONTEXT() REPRESENTATION_CONTEXT('2D SPACE',''
  ) );
#2651 = ORIENTED_EDGE('',*,*,#342,.F.);
#2652 = ADVANCED_FACE('',(#2653),#203,.T.);
#2653 = FACE_BOUND('',#2654,.T.);
#2654 = EDGE_LOOP('',(#2655,#2656,#2657,#2658,#2659,#3033));
#2655 = ORIENTED_EDGE('',*,*,#1299,.F.);
#2656 = ORIENTED_EDGE('',*,*,#187,.T.);
#2657 = ORIENTED_EDGE('',*,*,#215,.T.);
#2658 = ORIENTED_EDGE('',*,*,#1745,.F.);
#2659 = ORIENTED_EDGE('',*,*,#2660,.T.);
#2660 = EDGE_CURVE('',#1645,#2661,#2663,.T.);
#2661 = VERTEX_POINT('',#2662);
#2662 = CARTESIAN_POINT('',(89.,-7.,58.));
#2663 = SURFACE_CURVE('',#2664,(#2817,#2973),.PCURVE_S1.);
#2664 = B_SPLINE_CURVE_WITH_KNOTS('',7,(#2665,#2666,#2667,#2668,#2669,
    #2670,#2671,#2672,#2673,#2674,#2675,#2676,#2677,#2678,#2679,#2680,
    #2681,#2682,#2683,#2684,#2685,#2686,#2687,#2688,#2689,#2690,#2691,
    #2692,#2693,#2694,#2695,#2696,#2697,#2698,#2699,#2700,#2701,#2702,
    #2703,#2704,#2705,#2706,#2707,#2708,#2709,#2710,#2711,#2712,#2713,
    #2714,#2715,#2716,#2717,#2718,#2719,#2720,#2721,#2722,#2723,#2724,
    #2725,#2726,#2727,#2728,#2729,#2730,#2731,#2732,#2733,#2734,#2735,
    #2736,#2737,#2738,#2739,#2740,#2741,#2742,#2743,#2744,#2745,#2746,
    #2747,#2748,#2749,#2750,#2751,#2752,#2753,#2754,#2755,#2756,#2757,
    #2758,#2759,#2760,#2761,#2762,#2763,#2764,#2765,#2766,#2767,#2768,
    #2769,#2770,#2771,#2772,#2773,#2774,#2775,#2776,#2777,#2778,#2779,
    #2780,#2781,#2782,#2783,#2784,#2785,#2786,#2787,#2788,#2789,#2790,
    #2791,#2792,#2793,#2794,#2795,#2796,#2797,#2798,#2799,#2800,#2801,
    #2802,#2803,#2804,#2805,#2806,#2807,#2808,#2809,#2810,#2811,#2812,
    #2813,#2814,#2815,#2816),.UNSPECIFIED.,.T.,.F.,(8,6,6,6,6,6,6,6,6,6,
    6,6,6,6,6,6,6,6,6,6,6,6,6,6,6,8),(0.,6.618517809349E-02,
    0.103980141374,0.14730539754,0.177449580991,0.249996666177,
    0.301404435559,0.32254127068,0.352685497016,0.396010814821,
    0.433805831873,0.455516451862,0.469502721115,0.50000103782,
    0.544484149245,0.566194740584,0.60398970776,0.647314968393,
    0.67745915495,0.698595962179,0.750003663722,0.822550653174,
    0.852694796846,0.896019995839,0.933814909245,1.),.UNSPECIFIED.);
#2665 = CARTESIAN_POINT('',(89.,-7.,58.));
#2666 = CARTESIAN_POINT('',(89.000000184584,-7.,56.453350300581));
#2667 = CARTESIAN_POINT('',(88.864334420662,-7.,54.905878717555));
#2668 = CARTESIAN_POINT('',(88.592750296352,-7.,53.37341858233));
#2669 = CARTESIAN_POINT('',(88.189158391151,-7.,51.869758698434));
#2670 = CARTESIAN_POINT('',(87.65992193162,-7.,50.407021966346));
#2671 = CARTESIAN_POINT('',(87.013412222081,-7.,48.995770225152));
#2672 = CARTESIAN_POINT('',(85.82937365598,-7.,46.873730651211));
#2673 = CARTESIAN_POINT('',(85.36394399046,-7.,46.121948408264));
#2674 = CARTESIAN_POINT('',(84.865224180092,-7.,45.391246671034));
#2675 = CARTESIAN_POINT('',(84.335053202923,-7.,44.682908864578));
#2676 = CARTESIAN_POINT('',(83.775295155304,-7.,43.998001173671));
#2677 = CARTESIAN_POINT('',(83.187799169988,-7.,43.337402171478));
#2678 = CARTESIAN_POINT('',(81.871183888489,-7.,41.973246493357));
#2679 = CARTESIAN_POINT('',(81.133927633658,-7.,41.277557402702));
#2680 = CARTESIAN_POINT('',(80.365305450945,-7.,40.615807041718));
#2681 = CARTESIAN_POINT('',(79.567951042189,-7.,39.988790814155));
#2682 = CARTESIAN_POINT('',(78.744395716059,-7.,39.397090810587));
#2683 = CARTESIAN_POINT('',(77.897035710742,-7.,38.841117159134));
#2684 = CARTESIAN_POINT('',(76.423524795818,-7.,37.959374261969));
#2685 = CARTESIAN_POINT('',(75.808515576346,-7.,37.615034841309));
#2686 = CARTESIAN_POINT('',(75.183828032627,-7.,37.288226682385));
#2687 = CARTESIAN_POINT('',(74.550193614995,-7.,36.979021453226));
#2688 = CARTESIAN_POINT('',(73.908317311953,-7.,36.687470501768));
#2689 = CARTESIAN_POINT('',(73.258875912391,-7.,36.413608435908));
#2690 = CARTESIAN_POINT('',(71.022875025165,-7.,35.540984017859));
#2691 = CARTESIAN_POINT('',(69.403387541495,-7.,35.027178397605));
#2692 = CARTESIAN_POINT('',(67.752795623235,-7.,34.616175123211));
#2693 = CARTESIAN_POINT('',(66.079429773014,-7.,34.30804024309));
#2694 = CARTESIAN_POINT('',(64.391227227297,-7.,34.102694981873));
#2695 = CARTESIAN_POINT('',(62.6957210097,-7.,34.000000070759));
#2696 = CARTESIAN_POINT('',(59.798391316591,-7.,34.000000003792));
#2697 = CARTESIAN_POINT('',(58.596820161915,-7.,34.051566530254));
#2698 = CARTESIAN_POINT('',(57.397877785013,-7.,34.154693916794));
#2699 = CARTESIAN_POINT('',(56.204231749,-7.,34.309406778538));
#2700 = CARTESIAN_POINT('',(55.018622338476,-7.,34.515728769129));
#2701 = CARTESIAN_POINT('',(53.843861700028,-7.,34.773672543991));
#2702 = CARTESIAN_POINT('',(52.205467830908,-7.,35.21053738988));
#2703 = CARTESIAN_POINT('',(51.730428477042,-7.,35.346550768996));
#2704 = CARTESIAN_POINT('',(51.257921950312,-7.,35.491291023472));
#2705 = CARTESIAN_POINT('',(50.788157509527,-7.,35.644756304998));
#2706 = CARTESIAN_POINT('',(50.321349376247,-7.,35.806942956918));
#2707 = CARTESIAN_POINT('',(49.857716734783,-7.,35.977845514224));
#2708 = CARTESIAN_POINT('',(48.741124087615,-7.,36.413608435905));
#2709 = CARTESIAN_POINT('',(48.091682688051,-7.,36.687470501767));
#2710 = CARTESIAN_POINT('',(47.449806385009,-7.,36.979021453225));
#2711 = CARTESIAN_POINT('',(46.816171967378,-7.,37.288226682382));
#2712 = CARTESIAN_POINT('',(46.191484423659,-7.,37.615034841305));
#2713 = CARTESIAN_POINT('',(45.576475204186,-7.,37.959374261968));
#2714 = CARTESIAN_POINT('',(44.102964289263,-7.,38.841117159131));
#2715 = CARTESIAN_POINT('',(43.255604283945,-7.,39.397090810584));
#2716 = CARTESIAN_POINT('',(42.432048957814,-7.,39.988790814152));
#2717 = CARTESIAN_POINT('',(41.63469454906,-7.,40.615807041715));
#2718 = CARTESIAN_POINT('',(40.866072366346,-7.,41.277557402699));
#2719 = CARTESIAN_POINT('',(40.128816111514,-7.,41.973246493354));
#2720 = CARTESIAN_POINT('',(38.812200830015,-7.,43.337402171474));
#2721 = CARTESIAN_POINT('',(38.224704844698,-7.,43.998001173667));
#2722 = CARTESIAN_POINT('',(37.664946797081,-7.,44.682908864575));
#2723 = CARTESIAN_POINT('',(37.134775819911,-7.,45.391246671031));
#2724 = CARTESIAN_POINT('',(36.636056009541,-7.,46.121948408261));
#2725 = CARTESIAN_POINT('',(36.170626344023,-7.,46.873730651207));
#2726 = CARTESIAN_POINT('',(35.493027178495,-7.,48.088127282975));
#2727 = CARTESIAN_POINT('',(35.257369751207,-7.,48.537651165339));
#2728 = CARTESIAN_POINT('',(35.03361071547,-7.,48.993335092624));
#2729 = CARTESIAN_POINT('',(34.822073298283,-7.,49.45486452323));
#2730 = CARTESIAN_POINT('',(34.623066722987,-7.,49.921900302335));
#2731 = CARTESIAN_POINT('',(34.436882838258,-7.,50.394077132146));
#2732 = CARTESIAN_POINT('',(34.152285904032,-7.,51.178243358307));
#2733 = CARTESIAN_POINT('',(34.046212478964,-7.,51.487456044206));
#2734 = CARTESIAN_POINT('',(33.945645240024,-7.,51.798535504388));
#2735 = CARTESIAN_POINT('',(33.850652417364,-7.,52.111373377989));
#2736 = CARTESIAN_POINT('',(33.761297703156,-7.,52.425857538736));
#2737 = CARTESIAN_POINT('',(33.677640251594,-7.,52.741872094944));
#2738 = CARTESIAN_POINT('',(33.429854096189,-7.,53.751471899068));
#2739 = CARTESIAN_POINT('',(33.287318274061,-7.,54.450374574744));
#2740 = CARTESIAN_POINT('',(33.172695481078,-7.,55.154736666633));
#2741 = CARTESIAN_POINT('',(33.086424914692,-7.,55.86324982803));
#2742 = CARTESIAN_POINT('',(33.028808011578,-7.,56.574565243518));
#2743 = CARTESIAN_POINT('',(32.99999975797,-7.,57.287292757044));
#2744 = CARTESIAN_POINT('',(32.999999911969,-7.,59.039514248594));
#2745 = CARTESIAN_POINT('',(33.061283808715,-7.,60.079155854937));
#2746 = CARTESIAN_POINT('',(33.183876700072,-7.,61.114361175282));
#2747 = CARTESIAN_POINT('',(33.367040445585,-7.,62.140848370209));
#2748 = CARTESIAN_POINT('',(33.609424896417,-7.,63.154593809819));
#2749 = CARTESIAN_POINT('',(33.909146268526,-7.,64.151820418296));
#2750 = CARTESIAN_POINT('',(34.436882838255,-7.,65.605922867848));
#2751 = CARTESIAN_POINT('',(34.623066722984,-7.,66.078099697658));
#2752 = CARTESIAN_POINT('',(34.82207329828,-7.,66.545135476764));
#2753 = CARTESIAN_POINT('',(35.033610715468,-7.,67.00666490737));
#2754 = CARTESIAN_POINT('',(35.257369751204,-7.,67.462348834655));
#2755 = CARTESIAN_POINT('',(35.493027178492,-7.,67.911872717019));
#2756 = CARTESIAN_POINT('',(36.17062634402,-7.,69.126269348788));
#2757 = CARTESIAN_POINT('',(36.636056009536,-7.,69.878051591731));
#2758 = CARTESIAN_POINT('',(37.134775819908,-7.,70.608753328966));
#2759 = CARTESIAN_POINT('',(37.664946797077,-7.,71.317091135422));
#2760 = CARTESIAN_POINT('',(38.224704844693,-7.,72.001998826324));
#2761 = CARTESIAN_POINT('',(38.812200830011,-7.,72.662597828522));
#2762 = CARTESIAN_POINT('',(40.128816111509,-7.,74.026753506642));
#2763 = CARTESIAN_POINT('',(40.866072366341,-7.,74.722442597296));
#2764 = CARTESIAN_POINT('',(41.634694549054,-7.,75.38419295828));
#2765 = CARTESIAN_POINT('',(42.432048957809,-7.,76.011209185844));
#2766 = CARTESIAN_POINT('',(43.255604283939,-7.,76.602909189412));
#2767 = CARTESIAN_POINT('',(44.102964289257,-7.,77.158882840865));
#2768 = CARTESIAN_POINT('',(45.57647520418,-7.,78.040625738029));
#2769 = CARTESIAN_POINT('',(46.191484423653,-7.,78.384965158691));
#2770 = CARTESIAN_POINT('',(46.816171967372,-7.,78.711773317614));
#2771 = CARTESIAN_POINT('',(47.449806385003,-7.,79.020978546773));
#2772 = CARTESIAN_POINT('',(48.091682688045,-7.,79.312529498231));
#2773 = CARTESIAN_POINT('',(48.741124087608,-7.,79.586391564092));
#2774 = CARTESIAN_POINT('',(49.857716734776,-7.,80.022154485774));
#2775 = CARTESIAN_POINT('',(50.321349376241,-7.,80.19305704308));
#2776 = CARTESIAN_POINT('',(50.788157509521,-7.,80.355243695));
#2777 = CARTESIAN_POINT('',(51.257921950306,-7.,80.508708976526));
#2778 = CARTESIAN_POINT('',(51.730428477036,-7.,80.653449231002));
#2779 = CARTESIAN_POINT('',(52.205467830901,-7.,80.789462610119));
#2780 = CARTESIAN_POINT('',(53.843861700022,-7.,81.226327456007));
#2781 = CARTESIAN_POINT('',(55.01862233847,-7.,81.484271230873));
#2782 = CARTESIAN_POINT('',(56.204231748993,-7.,81.69059322146));
#2783 = CARTESIAN_POINT('',(57.397877785006,-7.,81.845306083204));
#2784 = CARTESIAN_POINT('',(58.596820161909,-7.,81.948433469748));
#2785 = CARTESIAN_POINT('',(59.798391316584,-7.,81.999999996207));
#2786 = CARTESIAN_POINT('',(62.695721009692,-7.,81.999999929243));
#2787 = CARTESIAN_POINT('',(64.391227227295,-7.,81.897305018124));
#2788 = CARTESIAN_POINT('',(66.079429773007,-7.,81.691959756913));
#2789 = CARTESIAN_POINT('',(67.752795623227,-7.,81.383824876793));
#2790 = CARTESIAN_POINT('',(69.403387541492,-7.,80.972821602393));
#2791 = CARTESIAN_POINT('',(71.02287502516,-7.,80.459015982144));
#2792 = CARTESIAN_POINT('',(73.258875912385,-7.,79.586391564094));
#2793 = CARTESIAN_POINT('',(73.908317311949,-7.,79.312529498234));
#2794 = CARTESIAN_POINT('',(74.550193614992,-7.,79.020978546775));
#2795 = CARTESIAN_POINT('',(75.183828032622,-7.,78.711773317617));
#2796 = CARTESIAN_POINT('',(75.808515576341,-7.,78.384965158694));
#2797 = CARTESIAN_POINT('',(76.423524795815,-7.,78.040625738033));
#2798 = CARTESIAN_POINT('',(77.897035710738,-7.,77.158882840868));
#2799 = CARTESIAN_POINT('',(78.744395716055,-7.,76.602909189416));
#2800 = CARTESIAN_POINT('',(79.567951042186,-7.,76.011209185848));
#2801 = CARTESIAN_POINT('',(80.365305450941,-7.,75.384192958284));
#2802 = CARTESIAN_POINT('',(81.133927633655,-7.,74.7224425973));
#2803 = CARTESIAN_POINT('',(81.871183888486,-7.,74.026753506646));
#2804 = CARTESIAN_POINT('',(83.187799169982,-7.,72.662597828527));
#2805 = CARTESIAN_POINT('',(83.775295155308,-7.,72.001998826328));
#2806 = CARTESIAN_POINT('',(84.335053202916,-7.,71.317091135426));
#2807 = CARTESIAN_POINT('',(84.865224180086,-7.,70.608753328971));
#2808 = CARTESIAN_POINT('',(85.363943990464,-7.,69.878051591736));
#2809 = CARTESIAN_POINT('',(85.829373655975,-7.,69.126269348793));
#2810 = CARTESIAN_POINT('',(87.013412222086,-7.,67.004229774855));
#2811 = CARTESIAN_POINT('',(87.659921931596,-7.,65.592978033641));
#2812 = CARTESIAN_POINT('',(88.18915839119,-7.,64.130241301593));
#2813 = CARTESIAN_POINT('',(88.592750296313,-7.,62.626581417646));
#2814 = CARTESIAN_POINT('',(88.864334420682,-7.,61.094121282461));
#2815 = CARTESIAN_POINT('',(89.000000184579,-7.,59.546649699415));
#2816 = CARTESIAN_POINT('',(89.,-7.,58.));
#2817 = PCURVE('',#203,#2818);
#2818 = DEFINITIONAL_REPRESENTATION('',(#2819),#2972);
#2819 = B_SPLINE_CURVE_WITH_KNOTS('',7,(#2820,#2821,#2822,#2823,#2824,
    #2825,#2826,#2827,#2828,#2829,#2830,#2831,#2832,#2833,#2834,#2835,
    #2836,#2837,#2838,#2839,#2840,#2841,#2842,#2843,#2844,#2845,#2846,
    #2847,#2848,#2849,#2850,#2851,#2852,#2853,#2854,#2855,#2856,#2857,
    #2858,#2859,#2860,#2861,#2862,#2863,#2864,#2865,#2866,#2867,#2868,
    #2869,#2870,#2871,#2872,#2873,#2874,#2875,#2876,#2877,#2878,#2879,
    #2880,#2881,#2882,#2883,#2884,#2885,#2886,#2887,#2888,#2889,#2890,
    #2891,#2892,#2893,#2894,#2895,#2896,#2897,#2898,#2899,#2900,#2901,
    #2902,#2903,#2904,#2905,#2906,#2907,#2908,#2909,#2910,#2911,#2912,
    #2913,#2914,#2915,#2916,#2917,#2918,#2919,#2920,#2921,#2922,#2923,
    #2924,#2925,#2926,#2927,#2928,#2929,#2930,#2931,#2932,#2933,#2934,
    #2935,#2936,#2937,#2938,#2939,#2940,#2941,#2942,#2943,#2944,#2945,
    #2946,#2947,#2948,#2949,#2950,#2951,#2952,#2953,#2954,#2955,#2956,
    #2957,#2958,#2959,#2960,#2961,#2962,#2963,#2964,#2965,#2966,#2967,
    #2968,#2969,#2970,#2971),.UNSPECIFIED.,.F.,.F.,(8,6,6,6,6,6,6,6,6,6,
    6,6,6,6,6,6,6,6,6,6,6,6,6,6,6,8),(0.,6.618517809349E-02,
    0.103980141374,0.14730539754,0.177449580991,0.249996666177,
    0.301404435559,0.32254127068,0.352685497016,0.396010814821,
    0.433805831873,0.455516451862,0.469502721115,0.50000103782,
    0.544484149245,0.566194740584,0.60398970776,0.647314968393,
    0.67745915495,0.698595962179,0.750003663722,0.822550653174,
    0.852694796846,0.896019995839,0.933814909245,1.),.UNSPECIFIED.);
#2820 = CARTESIAN_POINT('',(1.42108547152E-14,27.467299166349));
#2821 = CARTESIAN_POINT('',(1.546649699419,27.467299350933));
#2822 = CARTESIAN_POINT('',(3.094121282445,27.331633587011));
#2823 = CARTESIAN_POINT('',(4.62658141767,27.060049462701));
#2824 = CARTESIAN_POINT('',(6.130241301566,26.6564575575));
#2825 = CARTESIAN_POINT('',(7.592978033654,26.127221097969));
#2826 = CARTESIAN_POINT('',(9.004229774848,25.48071138843));
#2827 = CARTESIAN_POINT('',(11.126269348789,24.296672822329));
#2828 = CARTESIAN_POINT('',(11.878051591736,23.831243156809));
#2829 = CARTESIAN_POINT('',(12.608753328966,23.332523346441));
#2830 = CARTESIAN_POINT('',(13.317091135422,22.802352369271));
#2831 = CARTESIAN_POINT('',(14.001998826329,22.242594321653));
#2832 = CARTESIAN_POINT('',(14.662597828522,21.655098336337));
#2833 = CARTESIAN_POINT('',(16.026753506643,20.338483054837));
#2834 = CARTESIAN_POINT('',(16.722442597298,19.601226800007));
#2835 = CARTESIAN_POINT('',(17.384192958282,18.832604617293));
#2836 = CARTESIAN_POINT('',(18.011209185845,18.035250208538));
#2837 = CARTESIAN_POINT('',(18.602909189413,17.211694882408));
#2838 = CARTESIAN_POINT('',(19.158882840866,16.364334877091));
#2839 = CARTESIAN_POINT('',(20.040625738031,14.890823962166));
#2840 = CARTESIAN_POINT('',(20.384965158691,14.275814742695));
#2841 = CARTESIAN_POINT('',(20.711773317615,13.651127198976));
#2842 = CARTESIAN_POINT('',(21.020978546774,13.017492781344));
#2843 = CARTESIAN_POINT('',(21.312529498232,12.375616478302));
#2844 = CARTESIAN_POINT('',(21.586391564092,11.72617507874));
#2845 = CARTESIAN_POINT('',(22.459015982141,9.490174191514));
#2846 = CARTESIAN_POINT('',(22.972821602395,7.870686707844));
#2847 = CARTESIAN_POINT('',(23.383824876789,6.220094789584));
#2848 = CARTESIAN_POINT('',(23.69195975691,4.546728939363));
#2849 = CARTESIAN_POINT('',(23.897305018127,2.858526393646));
#2850 = CARTESIAN_POINT('',(23.999999929241,1.163020176049));
#2851 = CARTESIAN_POINT('',(23.999999996208,-1.734309517061));
#2852 = CARTESIAN_POINT('',(23.948433469746,-2.935880671736));
#2853 = CARTESIAN_POINT('',(23.845306083206,-4.134823048639));
#2854 = CARTESIAN_POINT('',(23.690593221462,-5.328469084651));
#2855 = CARTESIAN_POINT('',(23.484271230872,-6.514078495175));
#2856 = CARTESIAN_POINT('',(23.226327456009,-7.688839133623));
#2857 = CARTESIAN_POINT('',(22.78946261012,-9.327233002744));
#2858 = CARTESIAN_POINT('',(22.653449231004,-9.802272356609));
#2859 = CARTESIAN_POINT('',(22.508708976528,-10.27477888333));
#2860 = CARTESIAN_POINT('',(22.355243695002,-10.74454332412));
#2861 = CARTESIAN_POINT('',(22.193057043082,-11.2113514574));
#2862 = CARTESIAN_POINT('',(22.022154485776,-11.67498409886));
#2863 = CARTESIAN_POINT('',(21.586391564095,-12.79157674603));
#2864 = CARTESIAN_POINT('',(21.312529498233,-13.4410181456));
#2865 = CARTESIAN_POINT('',(21.020978546775,-14.08289444864));
#2866 = CARTESIAN_POINT('',(20.711773317618,-14.71652886627));
#2867 = CARTESIAN_POINT('',(20.384965158695,-15.34121640999));
#2868 = CARTESIAN_POINT('',(20.040625738032,-15.95622562946));
#2869 = CARTESIAN_POINT('',(19.158882840869,-17.42973654438));
#2870 = CARTESIAN_POINT('',(18.602909189416,-18.2770965497));
#2871 = CARTESIAN_POINT('',(18.011209185848,-19.10065187583));
#2872 = CARTESIAN_POINT('',(17.384192958285,-19.89800628459));
#2873 = CARTESIAN_POINT('',(16.722442597301,-20.6666284673));
#2874 = CARTESIAN_POINT('',(16.026753506646,-21.40388472213));
#2875 = CARTESIAN_POINT('',(14.662597828526,-22.72050000363));
#2876 = CARTESIAN_POINT('',(14.001998826333,-23.30799598895));
#2877 = CARTESIAN_POINT('',(13.317091135425,-23.86775403657));
#2878 = CARTESIAN_POINT('',(12.608753328969,-24.39792501374));
#2879 = CARTESIAN_POINT('',(11.878051591739,-24.89664482411));
#2880 = CARTESIAN_POINT('',(11.126269348793,-25.36207448962));
#2881 = CARTESIAN_POINT('',(9.911872717025,-26.03967365515));
#2882 = CARTESIAN_POINT('',(9.462348834661,-26.27533108244));
#2883 = CARTESIAN_POINT('',(9.006664907376,-26.49909011818));
#2884 = CARTESIAN_POINT('',(8.54513547677,-26.71062753536));
#2885 = CARTESIAN_POINT('',(8.078099697665,-26.90963411066));
#2886 = CARTESIAN_POINT('',(7.605922867854,-27.09581799539));
#2887 = CARTESIAN_POINT('',(6.821756641693,-27.38041492961));
#2888 = CARTESIAN_POINT('',(6.512543955794,-27.48648835468));
#2889 = CARTESIAN_POINT('',(6.201464495612,-27.58705559362));
#2890 = CARTESIAN_POINT('',(5.888626622011,-27.68204841628));
#2891 = CARTESIAN_POINT('',(5.574142461264,-27.77140313049));
#2892 = CARTESIAN_POINT('',(5.258127905056,-27.85506058205));
#2893 = CARTESIAN_POINT('',(4.248528100932,-28.10284673746));
#2894 = CARTESIAN_POINT('',(3.549625425256,-28.24538255959));
#2895 = CARTESIAN_POINT('',(2.845263333367,-28.36000535257));
#2896 = CARTESIAN_POINT('',(2.13675017197,-28.44627591895));
#2897 = CARTESIAN_POINT('',(1.425434756482,-28.50389282207));
#2898 = CARTESIAN_POINT('',(0.712707242956,-28.53270107568));
#2899 = CARTESIAN_POINT('',(-1.039514248594,-28.53270092168));
#2900 = CARTESIAN_POINT('',(-2.079155854937,-28.47141702493));
#2901 = CARTESIAN_POINT('',(-3.114361175282,-28.34882413357));
#2902 = CARTESIAN_POINT('',(-4.140848370209,-28.16566038806));
#2903 = CARTESIAN_POINT('',(-5.154593809819,-27.92327593723));
#2904 = CARTESIAN_POINT('',(-6.151820418296,-27.62355456512));
#2905 = CARTESIAN_POINT('',(-7.605922867848,-27.09581799539));
#2906 = CARTESIAN_POINT('',(-8.078099697658,-26.90963411066));
#2907 = CARTESIAN_POINT('',(-8.545135476764,-26.71062753537));
#2908 = CARTESIAN_POINT('',(-9.00666490737,-26.49909011818));
#2909 = CARTESIAN_POINT('',(-9.462348834655,-26.27533108244));
#2910 = CARTESIAN_POINT('',(-9.911872717019,-26.03967365515));
#2911 = CARTESIAN_POINT('',(-11.12626934878,-25.36207448963));
#2912 = CARTESIAN_POINT('',(-11.87805159173,-24.89664482411));
#2913 = CARTESIAN_POINT('',(-12.60875332896,-24.39792501374));
#2914 = CARTESIAN_POINT('',(-13.31709113542,-23.86775403657));
#2915 = CARTESIAN_POINT('',(-14.00199882632,-23.30799598895));
#2916 = CARTESIAN_POINT('',(-14.66259782852,-22.72050000364));
#2917 = CARTESIAN_POINT('',(-16.02675350664,-21.40388472214));
#2918 = CARTESIAN_POINT('',(-16.72244259729,-20.66662846731));
#2919 = CARTESIAN_POINT('',(-17.38419295828,-19.89800628459));
#2920 = CARTESIAN_POINT('',(-18.01120918584,-19.10065187584));
#2921 = CARTESIAN_POINT('',(-18.60290918941,-18.27709654971));
#2922 = CARTESIAN_POINT('',(-19.15888284086,-17.42973654439));
#2923 = CARTESIAN_POINT('',(-20.04062573802,-15.95622562947));
#2924 = CARTESIAN_POINT('',(-20.38496515869,-15.34121640999));
#2925 = CARTESIAN_POINT('',(-20.71177331761,-14.71652886627));
#2926 = CARTESIAN_POINT('',(-21.02097854677,-14.08289444864));
#2927 = CARTESIAN_POINT('',(-21.31252949823,-13.4410181456));
#2928 = CARTESIAN_POINT('',(-21.58639156409,-12.79157674604));
#2929 = CARTESIAN_POINT('',(-22.02215448577,-11.67498409887));
#2930 = CARTESIAN_POINT('',(-22.19305704308,-11.21135145741));
#2931 = CARTESIAN_POINT('',(-22.355243695,-10.74454332413));
#2932 = CARTESIAN_POINT('',(-22.50870897652,-10.27477888334));
#2933 = CARTESIAN_POINT('',(-22.653449231,-9.802272356615));
#2934 = CARTESIAN_POINT('',(-22.78946261011,-9.32723300275));
#2935 = CARTESIAN_POINT('',(-23.226327456,-7.688839133629));
#2936 = CARTESIAN_POINT('',(-23.48427123087,-6.514078495181));
#2937 = CARTESIAN_POINT('',(-23.69059322146,-5.328469084658));
#2938 = CARTESIAN_POINT('',(-23.8453060832,-4.134823048645));
#2939 = CARTESIAN_POINT('',(-23.94843346974,-2.935880671742));
#2940 = CARTESIAN_POINT('',(-23.9999999962,-1.734309517067));
#2941 = CARTESIAN_POINT('',(-23.99999992924,1.163020176041));
#2942 = CARTESIAN_POINT('',(-23.89730501812,2.858526393644));
#2943 = CARTESIAN_POINT('',(-23.69195975691,4.546728939356));
#2944 = CARTESIAN_POINT('',(-23.38382487679,6.220094789575));
#2945 = CARTESIAN_POINT('',(-22.97282160239,7.870686707841));
#2946 = CARTESIAN_POINT('',(-22.45901598214,9.490174191509));
#2947 = CARTESIAN_POINT('',(-21.58639156409,11.726175078734));
#2948 = CARTESIAN_POINT('',(-21.31252949823,12.375616478298));
#2949 = CARTESIAN_POINT('',(-21.02097854677,13.017492781341));
#2950 = CARTESIAN_POINT('',(-20.71177331761,13.651127198971));
#2951 = CARTESIAN_POINT('',(-20.38496515869,14.27581474269));
#2952 = CARTESIAN_POINT('',(-20.04062573803,14.890823962163));
#2953 = CARTESIAN_POINT('',(-19.15888284086,16.364334877087));
#2954 = CARTESIAN_POINT('',(-18.60290918941,17.211694882404));
#2955 = CARTESIAN_POINT('',(-18.01120918584,18.035250208535));
#2956 = CARTESIAN_POINT('',(-17.38419295828,18.83260461729));
#2957 = CARTESIAN_POINT('',(-16.7224425973,19.601226800003));
#2958 = CARTESIAN_POINT('',(-16.02675350664,20.338483054835));
#2959 = CARTESIAN_POINT('',(-14.66259782852,21.655098336331));
#2960 = CARTESIAN_POINT('',(-14.00199882632,22.242594321657));
#2961 = CARTESIAN_POINT('',(-13.31709113542,22.802352369265));
#2962 = CARTESIAN_POINT('',(-12.60875332897,23.332523346434));
#2963 = CARTESIAN_POINT('',(-11.87805159173,23.831243156813));
#2964 = CARTESIAN_POINT('',(-11.12626934879,24.296672822324));
#2965 = CARTESIAN_POINT('',(-9.004229774855,25.480711388435));
#2966 = CARTESIAN_POINT('',(-7.592978033641,26.127221097945));
#2967 = CARTESIAN_POINT('',(-6.130241301593,26.656457557539));
#2968 = CARTESIAN_POINT('',(-4.626581417646,27.060049462662));
#2969 = CARTESIAN_POINT('',(-3.094121282461,27.331633587031));
#2970 = CARTESIAN_POINT('',(-1.546649699415,27.467299350928));
#2971 = CARTESIAN_POINT('',(7.105427357601E-15,27.467299166349));
#2972 = ( GEOMETRIC_REPRESENTATION_CONTEXT(2) 
PARAMETRIC_REPRESENTATION_CONTEXT() REPRESENTATION_CONTEXT('2D SPACE',''
  ) );
#2973 = PCURVE('',#1579,#2974);
#2974 = DEFINITIONAL_REPRESENTATION('',(#2975),#3032);
#2975 = B_SPLINE_CURVE_WITH_KNOTS('',7,(#2976,#2977,#2978,#2979,#2980,
    #2981,#2982,#2983,#2984,#2985,#2986,#2987,#2988,#2989,#2990,#2991,
    #2992,#2993,#2994,#2995,#2996,#2997,#2998,#2999,#3000,#3001,#3002,
    #3003,#3004,#3005,#3006,#3007,#3008,#3009,#3010,#3011,#3012,#3013,
    #3014,#3015,#3016,#3017,#3018,#3019,#3020,#3021,#3022,#3023,#3024,
    #3025,#3026,#3027,#3028,#3029,#3030,#3031),.UNSPECIFIED.,.F.,.F.,(8,
    6,6,6,6,6,6,6,6,8),(0.608963478219,0.647314968393,0.67745915495,
    0.698595962179,0.750003663722,0.822550653174,0.852694796846,
    0.896019995839,0.933814909245,1.),.UNSPECIFIED.);
#2976 = CARTESIAN_POINT('',(8.702043705552,-7.));
#2977 = CARTESIAN_POINT('',(8.667337801868,-7.));
#2978 = CARTESIAN_POINT('',(8.63284910362,-7.));
#2979 = CARTESIAN_POINT('',(8.598573313198,-7.));
#2980 = CARTESIAN_POINT('',(8.564504329345,-7.));
#2981 = CARTESIAN_POINT('',(8.530634269005,-7.));
#2982 = CARTESIAN_POINT('',(8.496953489179,-7.));
#2983 = CARTESIAN_POINT('',(8.437117418779,-7.));
#2984 = CARTESIAN_POINT('',(8.410894532825,-7.));
#2985 = CARTESIAN_POINT('',(8.384776540288,-7.));
#2986 = CARTESIAN_POINT('',(8.358757876937,-7.));
#2987 = CARTESIAN_POINT('',(8.332832744901,-7.));
#2988 = CARTESIAN_POINT('',(8.306995032629,-7.));
#2989 = CARTESIAN_POINT('',(8.263177821517,-7.));
#2990 = CARTESIAN_POINT('',(8.245157252701,-7.));
#2991 = CARTESIAN_POINT('',(8.227174342837,-7.));
#2992 = CARTESIAN_POINT('',(8.209226876273,-7.));
#2993 = CARTESIAN_POINT('',(8.19131260728,-7.));
#2994 = CARTESIAN_POINT('',(8.173429260055,-7.));
#2995 = CARTESIAN_POINT('',(8.112149299462,-7.));
#2996 = CARTESIAN_POINT('',(8.06889474272,-7.));
#2997 = CARTESIAN_POINT('',(8.025775406368,-7.));
#2998 = CARTESIAN_POINT('',(7.982757931095,-7.));
#2999 = CARTESIAN_POINT('',(7.939809493129,-7.));
#3000 = CARTESIAN_POINT('',(7.896896227804,-7.));
#3001 = CARTESIAN_POINT('',(7.793420190993,-7.));
#3002 = CARTESIAN_POINT('',(7.732866291797,-7.));
#3003 = CARTESIAN_POINT('',(7.67221078258,-7.));
#3004 = CARTESIAN_POINT('',(7.611359426832,-7.));
#3005 = CARTESIAN_POINT('',(7.550223898046,-7.));
#3006 = CARTESIAN_POINT('',(7.488713131213,-7.));
#3007 = CARTESIAN_POINT('',(7.40096823532,-7.));
#3008 = CARTESIAN_POINT('',(7.375130523049,-7.));
#3009 = CARTESIAN_POINT('',(7.349205391012,-7.));
#3010 = CARTESIAN_POINT('',(7.323186727661,-7.));
#3011 = CARTESIAN_POINT('',(7.297068735124,-7.));
#3012 = CARTESIAN_POINT('',(7.27084584917,-7.));
#3013 = CARTESIAN_POINT('',(7.206664820175,-7.));
#3014 = CARTESIAN_POINT('',(7.168589946384,-7.));
#3015 = CARTESIAN_POINT('',(7.130271629606,-7.));
#3016 = CARTESIAN_POINT('',(7.091696292445,-7.));
#3017 = CARTESIAN_POINT('',(7.052853228508,-7.));
#3018 = CARTESIAN_POINT('',(7.013734642608,-7.));
#3019 = CARTESIAN_POINT('',(6.939965855399,-7.));
#3020 = CARTESIAN_POINT('',(6.905383084969,-7.));
#3021 = CARTESIAN_POINT('',(6.870585021231,-7.));
#3022 = CARTESIAN_POINT('',(6.835571986974,-7.));
#3023 = CARTESIAN_POINT('',(6.800346999126,-7.));
#3024 = CARTESIAN_POINT('',(6.764916451013,-7.));
#3025 = CARTESIAN_POINT('',(6.666906270142,-7.));
#3026 = CARTESIAN_POINT('',(6.603896646002,-7.));
#3027 = CARTESIAN_POINT('',(6.540362443508,-7.));
#3028 = CARTESIAN_POINT('',(6.476396755763,-7.));
#3029 = CARTESIAN_POINT('',(6.412107000905,-7.));
#3030 = CARTESIAN_POINT('',(6.347629049133,-7.));
#3031 = CARTESIAN_POINT('',(6.28318530718,-7.));
#3032 = ( GEOMETRIC_REPRESENTATION_CONTEXT(2) 
PARAMETRIC_REPRESENTATION_CONTEXT() REPRESENTATION_CONTEXT('2D SPACE',''
  ) );
#3033 = ORIENTED_EDGE('',*,*,#3034,.T.);
#3034 = EDGE_CURVE('',#2661,#1300,#3035,.T.);
#3035 = SURFACE_CURVE('',#3036,(#3189,#3345),.PCURVE_S1.);
#3036 = B_SPLINE_CURVE_WITH_KNOTS('',7,(#3037,#3038,#3039,#3040,#3041,
    #3042,#3043,#3044,#3045,#3046,#3047,#3048,#3049,#3050,#3051,#3052,
    #3053,#3054,#3055,#3056,#3057,#3058,#3059,#3060,#3061,#3062,#3063,
    #3064,#3065,#3066,#3067,#3068,#3069,#3070,#3071,#3072,#3073,#3074,
    #3075,#3076,#3077,#3078,#3079,#3080,#3081,#3082,#3083,#3084,#3085,
    #3086,#3087,#3088,#3089,#3090,#3091,#3092,#3093,#3094,#3095,#3096,
    #3097,#3098,#3099,#3100,#3101,#3102,#3103,#3104,#3105,#3106,#3107,
    #3108,#3109,#3110,#3111,#3112,#3113,#3114,#3115,#3116,#3117,#3118,
    #3119,#3120,#3121,#3122,#3123,#3124,#3125,#3126,#3127,#3128,#3129,
    #3130,#3131,#3132,#3133,#3134,#3135,#3136,#3137,#3138,#3139,#3140,
    #3141,#3142,#3143,#3144,#3145,#3146,#3147,#3148,#3149,#3150,#3151,
    #3152,#3153,#3154,#3155,#3156,#3157,#3158,#3159,#3160,#3161,#3162,
    #3163,#3164,#3165,#3166,#3167,#3168,#3169,#3170,#3171,#3172,#3173,
    #3174,#3175,#3176,#3177,#3178,#3179,#3180,#3181,#3182,#3183,#3184,
    #3185,#3186,#3187,#3188),.UNSPECIFIED.,.T.,.F.,(8,6,6,6,6,6,6,6,6,6,
    6,6,6,6,6,6,6,6,6,6,6,6,6,6,6,8),(0.,6.618517809349E-02,
    0.103980141374,0.14730539754,0.177449580991,0.249996666177,
    0.301404435559,0.32254127068,0.352685497016,0.396010814821,
    0.433805831873,0.455516451862,0.469502721115,0.50000103782,
    0.544484149245,0.566194740584,0.60398970776,0.647314968393,
    0.67745915495,0.698595962179,0.750003663722,0.822550653174,
    0.852694796846,0.896019995839,0.933814909245,1.),.UNSPECIFIED.);
#3037 = CARTESIAN_POINT('',(89.,-7.,58.));
#3038 = CARTESIAN_POINT('',(89.000000184584,-7.,56.453350300581));
#3039 = CARTESIAN_POINT('',(88.864334420662,-7.,54.905878717555));
#3040 = CARTESIAN_POINT('',(88.592750296352,-7.,53.37341858233));
#3041 = CARTESIAN_POINT('',(88.189158391151,-7.,51.869758698434));
#3042 = CARTESIAN_POINT('',(87.65992193162,-7.,50.407021966346));
#3043 = CARTESIAN_POINT('',(87.013412222081,-7.,48.995770225152));
#3044 = CARTESIAN_POINT('',(85.82937365598,-7.,46.873730651211));
#3045 = CARTESIAN_POINT('',(85.36394399046,-7.,46.121948408264));
#3046 = CARTESIAN_POINT('',(84.865224180092,-7.,45.391246671034));
#3047 = CARTESIAN_POINT('',(84.335053202923,-7.,44.682908864578));
#3048 = CARTESIAN_POINT('',(83.775295155304,-7.,43.998001173671));
#3049 = CARTESIAN_POINT('',(83.187799169988,-7.,43.337402171478));
#3050 = CARTESIAN_POINT('',(81.871183888489,-7.,41.973246493357));
#3051 = CARTESIAN_POINT('',(81.133927633658,-7.,41.277557402702));
#3052 = CARTESIAN_POINT('',(80.365305450945,-7.,40.615807041718));
#3053 = CARTESIAN_POINT('',(79.567951042189,-7.,39.988790814155));
#3054 = CARTESIAN_POINT('',(78.744395716059,-7.,39.397090810587));
#3055 = CARTESIAN_POINT('',(77.897035710742,-7.,38.841117159134));
#3056 = CARTESIAN_POINT('',(76.423524795818,-7.,37.959374261969));
#3057 = CARTESIAN_POINT('',(75.808515576346,-7.,37.615034841309));
#3058 = CARTESIAN_POINT('',(75.183828032627,-7.,37.288226682385));
#3059 = CARTESIAN_POINT('',(74.550193614995,-7.,36.979021453226));
#3060 = CARTESIAN_POINT('',(73.908317311953,-7.,36.687470501768));
#3061 = CARTESIAN_POINT('',(73.258875912391,-7.,36.413608435908));
#3062 = CARTESIAN_POINT('',(71.022875025165,-7.,35.540984017859));
#3063 = CARTESIAN_POINT('',(69.403387541495,-7.,35.027178397605));
#3064 = CARTESIAN_POINT('',(67.752795623235,-7.,34.616175123211));
#3065 = CARTESIAN_POINT('',(66.079429773014,-7.,34.30804024309));
#3066 = CARTESIAN_POINT('',(64.391227227297,-7.,34.102694981873));
#3067 = CARTESIAN_POINT('',(62.6957210097,-7.,34.000000070759));
#3068 = CARTESIAN_POINT('',(59.798391316591,-7.,34.000000003792));
#3069 = CARTESIAN_POINT('',(58.596820161915,-7.,34.051566530254));
#3070 = CARTESIAN_POINT('',(57.397877785013,-7.,34.154693916794));
#3071 = CARTESIAN_POINT('',(56.204231749,-7.,34.309406778538));
#3072 = CARTESIAN_POINT('',(55.018622338476,-7.,34.515728769129));
#3073 = CARTESIAN_POINT('',(53.843861700028,-7.,34.773672543991));
#3074 = CARTESIAN_POINT('',(52.205467830908,-7.,35.21053738988));
#3075 = CARTESIAN_POINT('',(51.730428477042,-7.,35.346550768996));
#3076 = CARTESIAN_POINT('',(51.257921950312,-7.,35.491291023472));
#3077 = CARTESIAN_POINT('',(50.788157509527,-7.,35.644756304998));
#3078 = CARTESIAN_POINT('',(50.321349376247,-7.,35.806942956918));
#3079 = CARTESIAN_POINT('',(49.857716734783,-7.,35.977845514224));
#3080 = CARTESIAN_POINT('',(48.741124087615,-7.,36.413608435905));
#3081 = CARTESIAN_POINT('',(48.091682688051,-7.,36.687470501767));
#3082 = CARTESIAN_POINT('',(47.449806385009,-7.,36.979021453225));
#3083 = CARTESIAN_POINT('',(46.816171967378,-7.,37.288226682382));
#3084 = CARTESIAN_POINT('',(46.191484423659,-7.,37.615034841305));
#3085 = CARTESIAN_POINT('',(45.576475204186,-7.,37.959374261968));
#3086 = CARTESIAN_POINT('',(44.102964289263,-7.,38.841117159131));
#3087 = CARTESIAN_POINT('',(43.255604283945,-7.,39.397090810584));
#3088 = CARTESIAN_POINT('',(42.432048957814,-7.,39.988790814152));
#3089 = CARTESIAN_POINT('',(41.63469454906,-7.,40.615807041715));
#3090 = CARTESIAN_POINT('',(40.866072366346,-7.,41.277557402699));
#3091 = CARTESIAN_POINT('',(40.128816111514,-7.,41.973246493354));
#3092 = CARTESIAN_POINT('',(38.812200830015,-7.,43.337402171474));
#3093 = CARTESIAN_POINT('',(38.224704844698,-7.,43.998001173667));
#3094 = CARTESIAN_POINT('',(37.664946797081,-7.,44.682908864575));
#3095 = CARTESIAN_POINT('',(37.134775819911,-7.,45.391246671031));
#3096 = CARTESIAN_POINT('',(36.636056009541,-7.,46.121948408261));
#3097 = CARTESIAN_POINT('',(36.170626344023,-7.,46.873730651207));
#3098 = CARTESIAN_POINT('',(35.493027178495,-7.,48.088127282975));
#3099 = CARTESIAN_POINT('',(35.257369751207,-7.,48.537651165339));
#3100 = CARTESIAN_POINT('',(35.03361071547,-7.,48.993335092624));
#3101 = CARTESIAN_POINT('',(34.822073298283,-7.,49.45486452323));
#3102 = CARTESIAN_POINT('',(34.623066722987,-7.,49.921900302335));
#3103 = CARTESIAN_POINT('',(34.436882838258,-7.,50.394077132146));
#3104 = CARTESIAN_POINT('',(34.152285904032,-7.,51.178243358307));
#3105 = CARTESIAN_POINT('',(34.046212478964,-7.,51.487456044206));
#3106 = CARTESIAN_POINT('',(33.945645240024,-7.,51.798535504388));
#3107 = CARTESIAN_POINT('',(33.850652417364,-7.,52.111373377989));
#3108 = CARTESIAN_POINT('',(33.761297703156,-7.,52.425857538736));
#3109 = CARTESIAN_POINT('',(33.677640251594,-7.,52.741872094944));
#3110 = CARTESIAN_POINT('',(33.429854096189,-7.,53.751471899068));
#3111 = CARTESIAN_POINT('',(33.287318274061,-7.,54.450374574744));
#3112 = CARTESIAN_POINT('',(33.172695481078,-7.,55.154736666633));
#3113 = CARTESIAN_POINT('',(33.086424914692,-7.,55.86324982803));
#3114 = CARTESIAN_POINT('',(33.028808011578,-7.,56.574565243518));
#3115 = CARTESIAN_POINT('',(32.99999975797,-7.,57.287292757044));
#3116 = CARTESIAN_POINT('',(32.999999911969,-7.,59.039514248594));
#3117 = CARTESIAN_POINT('',(33.061283808715,-7.,60.079155854937));
#3118 = CARTESIAN_POINT('',(33.183876700072,-7.,61.114361175282));
#3119 = CARTESIAN_POINT('',(33.367040445585,-7.,62.140848370209));
#3120 = CARTESIAN_POINT('',(33.609424896417,-7.,63.154593809819));
#3121 = CARTESIAN_POINT('',(33.909146268526,-7.,64.151820418296));
#3122 = CARTESIAN_POINT('',(34.436882838255,-7.,65.605922867848));
#3123 = CARTESIAN_POINT('',(34.623066722984,-7.,66.078099697658));
#3124 = CARTESIAN_POINT('',(34.82207329828,-7.,66.545135476764));
#3125 = CARTESIAN_POINT('',(35.033610715468,-7.,67.00666490737));
#3126 = CARTESIAN_POINT('',(35.257369751204,-7.,67.462348834655));
#3127 = CARTESIAN_POINT('',(35.493027178492,-7.,67.911872717019));
#3128 = CARTESIAN_POINT('',(36.17062634402,-7.,69.126269348788));
#3129 = CARTESIAN_POINT('',(36.636056009536,-7.,69.878051591731));
#3130 = CARTESIAN_POINT('',(37.134775819908,-7.,70.608753328966));
#3131 = CARTESIAN_POINT('',(37.664946797077,-7.,71.317091135422));
#3132 = CARTESIAN_POINT('',(38.224704844693,-7.,72.001998826324));
#3133 = CARTESIAN_POINT('',(38.812200830011,-7.,72.662597828522));
#3134 = CARTESIAN_POINT('',(40.128816111509,-7.,74.026753506642));
#3135 = CARTESIAN_POINT('',(40.866072366341,-7.,74.722442597296));
#3136 = CARTESIAN_POINT('',(41.634694549054,-7.,75.38419295828));
#3137 = CARTESIAN_POINT('',(42.432048957809,-7.,76.011209185844));
#3138 = CARTESIAN_POINT('',(43.255604283939,-7.,76.602909189412));
#3139 = CARTESIAN_POINT('',(44.102964289257,-7.,77.158882840865));
#3140 = CARTESIAN_POINT('',(45.57647520418,-7.,78.040625738029));
#3141 = CARTESIAN_POINT('',(46.191484423653,-7.,78.384965158691));
#3142 = CARTESIAN_POINT('',(46.816171967372,-7.,78.711773317614));
#3143 = CARTESIAN_POINT('',(47.449806385003,-7.,79.020978546773));
#3144 = CARTESIAN_POINT('',(48.091682688045,-7.,79.312529498231));
#3145 = CARTESIAN_POINT('',(48.741124087608,-7.,79.586391564092));
#3146 = CARTESIAN_POINT('',(49.857716734776,-7.,80.022154485774));
#3147 = CARTESIAN_POINT('',(50.321349376241,-7.,80.19305704308));
#3148 = CARTESIAN_POINT('',(50.788157509521,-7.,80.355243695));
#3149 = CARTESIAN_POINT('',(51.257921950306,-7.,80.508708976526));
#3150 = CARTESIAN_POINT('',(51.730428477036,-7.,80.653449231002));
#3151 = CARTESIAN_POINT('',(52.205467830901,-7.,80.789462610119));
#3152 = CARTESIAN_POINT('',(53.843861700022,-7.,81.226327456007));
#3153 = CARTESIAN_POINT('',(55.01862233847,-7.,81.484271230873));
#3154 = CARTESIAN_POINT('',(56.204231748993,-7.,81.69059322146));
#3155 = CARTESIAN_POINT('',(57.397877785006,-7.,81.845306083204));
#3156 = CARTESIAN_POINT('',(58.596820161909,-7.,81.948433469748));
#3157 = CARTESIAN_POINT('',(59.798391316584,-7.,81.999999996207));
#3158 = CARTESIAN_POINT('',(62.695721009692,-7.,81.999999929243));
#3159 = CARTESIAN_POINT('',(64.391227227295,-7.,81.897305018124));
#3160 = CARTESIAN_POINT('',(66.079429773007,-7.,81.691959756913));
#3161 = CARTESIAN_POINT('',(67.752795623227,-7.,81.383824876793));
#3162 = CARTESIAN_POINT('',(69.403387541492,-7.,80.972821602393));
#3163 = CARTESIAN_POINT('',(71.02287502516,-7.,80.459015982144));
#3164 = CARTESIAN_POINT('',(73.258875912385,-7.,79.586391564094));
#3165 = CARTESIAN_POINT('',(73.908317311949,-7.,79.312529498234));
#3166 = CARTESIAN_POINT('',(74.550193614992,-7.,79.020978546775));
#3167 = CARTESIAN_POINT('',(75.183828032622,-7.,78.711773317617));
#3168 = CARTESIAN_POINT('',(75.808515576341,-7.,78.384965158694));
#3169 = CARTESIAN_POINT('',(76.423524795815,-7.,78.040625738033));
#3170 = CARTESIAN_POINT('',(77.897035710738,-7.,77.158882840868));
#3171 = CARTESIAN_POINT('',(78.744395716055,-7.,76.602909189416));
#3172 = CARTESIAN_POINT('',(79.567951042186,-7.,76.011209185848));
#3173 = CARTESIAN_POINT('',(80.365305450941,-7.,75.384192958284));
#3174 = CARTESIAN_POINT('',(81.133927633655,-7.,74.7224425973));
#3175 = CARTESIAN_POINT('',(81.871183888486,-7.,74.026753506646));
#3176 = CARTESIAN_POINT('',(83.187799169982,-7.,72.662597828527));
#3177 = CARTESIAN_POINT('',(83.775295155308,-7.,72.001998826328));
#3178 = CARTESIAN_POINT('',(84.335053202916,-7.,71.317091135426));
#3179 = CARTESIAN_POINT('',(84.865224180086,-7.,70.608753328971));
#3180 = CARTESIAN_POINT('',(85.363943990464,-7.,69.878051591736));
#3181 = CARTESIAN_POINT('',(85.829373655975,-7.,69.126269348793));
#3182 = CARTESIAN_POINT('',(87.013412222086,-7.,67.004229774855));
#3183 = CARTESIAN_POINT('',(87.659921931596,-7.,65.592978033641));
#3184 = CARTESIAN_POINT('',(88.18915839119,-7.,64.130241301593));
#3185 = CARTESIAN_POINT('',(88.592750296313,-7.,62.626581417646));
#3186 = CARTESIAN_POINT('',(88.864334420682,-7.,61.094121282461));
#3187 = CARTESIAN_POINT('',(89.000000184579,-7.,59.546649699415));
#3188 = CARTESIAN_POINT('',(89.,-7.,58.));
#3189 = PCURVE('',#203,#3190);
#3190 = DEFINITIONAL_REPRESENTATION('',(#3191),#3344);
#3191 = B_SPLINE_CURVE_WITH_KNOTS('',7,(#3192,#3193,#3194,#3195,#3196,
    #3197,#3198,#3199,#3200,#3201,#3202,#3203,#3204,#3205,#3206,#3207,
    #3208,#3209,#3210,#3211,#3212,#3213,#3214,#3215,#3216,#3217,#3218,
    #3219,#3220,#3221,#3222,#3223,#3224,#3225,#3226,#3227,#3228,#3229,
    #3230,#3231,#3232,#3233,#3234,#3235,#3236,#3237,#3238,#3239,#3240,
    #3241,#3242,#3243,#3244,#3245,#3246,#3247,#3248,#3249,#3250,#3251,
    #3252,#3253,#3254,#3255,#3256,#3257,#3258,#3259,#3260,#3261,#3262,
    #3263,#3264,#3265,#3266,#3267,#3268,#3269,#3270,#3271,#3272,#3273,
    #3274,#3275,#3276,#3277,#3278,#3279,#3280,#3281,#3282,#3283,#3284,
    #3285,#3286,#3287,#3288,#3289,#3290,#3291,#3292,#3293,#3294,#3295,
    #3296,#3297,#3298,#3299,#3300,#3301,#3302,#3303,#3304,#3305,#3306,
    #3307,#3308,#3309,#3310,#3311,#3312,#3313,#3314,#3315,#3316,#3317,
    #3318,#3319,#3320,#3321,#3322,#3323,#3324,#3325,#3326,#3327,#3328,
    #3329,#3330,#3331,#3332,#3333,#3334,#3335,#3336,#3337,#3338,#3339,
    #3340,#3341,#3342,#3343),.UNSPECIFIED.,.F.,.F.,(8,6,6,6,6,6,6,6,6,6,
    6,6,6,6,6,6,6,6,6,6,6,6,6,6,6,8),(0.,6.618517809349E-02,
    0.103980141374,0.14730539754,0.177449580991,0.249996666177,
    0.301404435559,0.32254127068,0.352685497016,0.396010814821,
    0.433805831873,0.455516451862,0.469502721115,0.50000103782,
    0.544484149245,0.566194740584,0.60398970776,0.647314968393,
    0.67745915495,0.698595962179,0.750003663722,0.822550653174,
    0.852694796846,0.896019995839,0.933814909245,1.),.UNSPECIFIED.);
#3192 = CARTESIAN_POINT('',(1.42108547152E-14,27.467299166349));
#3193 = CARTESIAN_POINT('',(1.546649699419,27.467299350933));
#3194 = CARTESIAN_POINT('',(3.094121282445,27.331633587011));
#3195 = CARTESIAN_POINT('',(4.62658141767,27.060049462701));
#3196 = CARTESIAN_POINT('',(6.130241301566,26.6564575575));
#3197 = CARTESIAN_POINT('',(7.592978033654,26.127221097969));
#3198 = CARTESIAN_POINT('',(9.004229774848,25.48071138843));
#3199 = CARTESIAN_POINT('',(11.126269348789,24.296672822329));
#3200 = CARTESIAN_POINT('',(11.878051591736,23.831243156809));
#3201 = CARTESIAN_POINT('',(12.608753328966,23.332523346441));
#3202 = CARTESIAN_POINT('',(13.317091135422,22.802352369271));
#3203 = CARTESIAN_POINT('',(14.001998826329,22.242594321653));
#3204 = CARTESIAN_POINT('',(14.662597828522,21.655098336337));
#3205 = CARTESIAN_POINT('',(16.026753506643,20.338483054837));
#3206 = CARTESIAN_POINT('',(16.722442597298,19.601226800007));
#3207 = CARTESIAN_POINT('',(17.384192958282,18.832604617293));
#3208 = CARTESIAN_POINT('',(18.011209185845,18.035250208538));
#3209 = CARTESIAN_POINT('',(18.602909189413,17.211694882408));
#3210 = CARTESIAN_POINT('',(19.158882840866,16.364334877091));
#3211 = CARTESIAN_POINT('',(20.040625738031,14.890823962166));
#3212 = CARTESIAN_POINT('',(20.384965158691,14.275814742695));
#3213 = CARTESIAN_POINT('',(20.711773317615,13.651127198976));
#3214 = CARTESIAN_POINT('',(21.020978546774,13.017492781344));
#3215 = CARTESIAN_POINT('',(21.312529498232,12.375616478302));
#3216 = CARTESIAN_POINT('',(21.586391564092,11.72617507874));
#3217 = CARTESIAN_POINT('',(22.459015982141,9.490174191514));
#3218 = CARTESIAN_POINT('',(22.972821602395,7.870686707844));
#3219 = CARTESIAN_POINT('',(23.383824876789,6.220094789584));
#3220 = CARTESIAN_POINT('',(23.69195975691,4.546728939363));
#3221 = CARTESIAN_POINT('',(23.897305018127,2.858526393646));
#3222 = CARTESIAN_POINT('',(23.999999929241,1.163020176049));
#3223 = CARTESIAN_POINT('',(23.999999996208,-1.734309517061));
#3224 = CARTESIAN_POINT('',(23.948433469746,-2.935880671736));
#3225 = CARTESIAN_POINT('',(23.845306083206,-4.134823048639));
#3226 = CARTESIAN_POINT('',(23.690593221462,-5.328469084651));
#3227 = CARTESIAN_POINT('',(23.484271230872,-6.514078495175));
#3228 = CARTESIAN_POINT('',(23.226327456009,-7.688839133623));
#3229 = CARTESIAN_POINT('',(22.78946261012,-9.327233002744));
#3230 = CARTESIAN_POINT('',(22.653449231004,-9.802272356609));
#3231 = CARTESIAN_POINT('',(22.508708976528,-10.27477888333));
#3232 = CARTESIAN_POINT('',(22.355243695002,-10.74454332412));
#3233 = CARTESIAN_POINT('',(22.193057043082,-11.2113514574));
#3234 = CARTESIAN_POINT('',(22.022154485776,-11.67498409886));
#3235 = CARTESIAN_POINT('',(21.586391564095,-12.79157674603));
#3236 = CARTESIAN_POINT('',(21.312529498233,-13.4410181456));
#3237 = CARTESIAN_POINT('',(21.020978546775,-14.08289444864));
#3238 = CARTESIAN_POINT('',(20.711773317618,-14.71652886627));
#3239 = CARTESIAN_POINT('',(20.384965158695,-15.34121640999));
#3240 = CARTESIAN_POINT('',(20.040625738032,-15.95622562946));
#3241 = CARTESIAN_POINT('',(19.158882840869,-17.42973654438));
#3242 = CARTESIAN_POINT('',(18.602909189416,-18.2770965497));
#3243 = CARTESIAN_POINT('',(18.011209185848,-19.10065187583));
#3244 = CARTESIAN_POINT('',(17.384192958285,-19.89800628459));
#3245 = CARTESIAN_POINT('',(16.722442597301,-20.6666284673));
#3246 = CARTESIAN_POINT('',(16.026753506646,-21.40388472213));
#3247 = CARTESIAN_POINT('',(14.662597828526,-22.72050000363));
#3248 = CARTESIAN_POINT('',(14.001998826333,-23.30799598895));
#3249 = CARTESIAN_POINT('',(13.317091135425,-23.86775403657));
#3250 = CARTESIAN_POINT('',(12.608753328969,-24.39792501374));
#3251 = CARTESIAN_POINT('',(11.878051591739,-24.89664482411));
#3252 = CARTESIAN_POINT('',(11.126269348793,-25.36207448962));
#3253 = CARTESIAN_POINT('',(9.911872717025,-26.03967365515));
#3254 = CARTESIAN_POINT('',(9.462348834661,-26.27533108244));
#3255 = CARTESIAN_POINT('',(9.006664907376,-26.49909011818));
#3256 = CARTESIAN_POINT('',(8.54513547677,-26.71062753536));
#3257 = CARTESIAN_POINT('',(8.078099697665,-26.90963411066));
#3258 = CARTESIAN_POINT('',(7.605922867854,-27.09581799539));
#3259 = CARTESIAN_POINT('',(6.821756641693,-27.38041492961));
#3260 = CARTESIAN_POINT('',(6.512543955794,-27.48648835468));
#3261 = CARTESIAN_POINT('',(6.201464495612,-27.58705559362));
#3262 = CARTESIAN_POINT('',(5.888626622011,-27.68204841628));
#3263 = CARTESIAN_POINT('',(5.574142461264,-27.77140313049));
#3264 = CARTESIAN_POINT('',(5.258127905056,-27.85506058205));
#3265 = CARTESIAN_POINT('',(4.248528100932,-28.10284673746));
#3266 = CARTESIAN_POINT('',(3.549625425256,-28.24538255959));
#3267 = CARTESIAN_POINT('',(2.845263333367,-28.36000535257));
#3268 = CARTESIAN_POINT('',(2.13675017197,-28.44627591895));
#3269 = CARTESIAN_POINT('',(1.425434756482,-28.50389282207));
#3270 = CARTESIAN_POINT('',(0.712707242956,-28.53270107568));
#3271 = CARTESIAN_POINT('',(-1.039514248594,-28.53270092168));
#3272 = CARTESIAN_POINT('',(-2.079155854937,-28.47141702493));
#3273 = CARTESIAN_POINT('',(-3.114361175282,-28.34882413357));
#3274 = CARTESIAN_POINT('',(-4.140848370209,-28.16566038806));
#3275 = CARTESIAN_POINT('',(-5.154593809819,-27.92327593723));
#3276 = CARTESIAN_POINT('',(-6.151820418296,-27.62355456512));
#3277 = CARTESIAN_POINT('',(-7.605922867848,-27.09581799539));
#3278 = CARTESIAN_POINT('',(-8.078099697658,-26.90963411066));
#3279 = CARTESIAN_POINT('',(-8.545135476764,-26.71062753537));
#3280 = CARTESIAN_POINT('',(-9.00666490737,-26.49909011818));
#3281 = CARTESIAN_POINT('',(-9.462348834655,-26.27533108244));
#3282 = CARTESIAN_POINT('',(-9.911872717019,-26.03967365515));
#3283 = CARTESIAN_POINT('',(-11.12626934878,-25.36207448963));
#3284 = CARTESIAN_POINT('',(-11.87805159173,-24.89664482411));
#3285 = CARTESIAN_POINT('',(-12.60875332896,-24.39792501374));
#3286 = CARTESIAN_POINT('',(-13.31709113542,-23.86775403657));
#3287 = CARTESIAN_POINT('',(-14.00199882632,-23.30799598895));
#3288 = CARTESIAN_POINT('',(-14.66259782852,-22.72050000364));
#3289 = CARTESIAN_POINT('',(-16.02675350664,-21.40388472214));
#3290 = CARTESIAN_POINT('',(-16.72244259729,-20.66662846731));
#3291 = CARTESIAN_POINT('',(-17.38419295828,-19.89800628459));
#3292 = CARTESIAN_POINT('',(-18.01120918584,-19.10065187584));
#3293 = CARTESIAN_POINT('',(-18.60290918941,-18.27709654971));
#3294 = CARTESIAN_POINT('',(-19.15888284086,-17.42973654439));
#3295 = CARTESIAN_POINT('',(-20.04062573802,-15.95622562947));
#3296 = CARTESIAN_POINT('',(-20.38496515869,-15.34121640999));
#3297 = CARTESIAN_POINT('',(-20.71177331761,-14.71652886627));
#3298 = CARTESIAN_POINT('',(-21.02097854677,-14.08289444864));
#3299 = CARTESIAN_POINT('',(-21.31252949823,-13.4410181456));
#3300 = CARTESIAN_POINT('',(-21.58639156409,-12.79157674604));
#3301 = CARTESIAN_POINT('',(-22.02215448577,-11.67498409887));
#3302 = CARTESIAN_POINT('',(-22.19305704308,-11.21135145741));
#3303 = CARTESIAN_POINT('',(-22.355243695,-10.74454332413));
#3304 = CARTESIAN_POINT('',(-22.50870897652,-10.27477888334));
#3305 = CARTESIAN_POINT('',(-22.653449231,-9.802272356615));
#3306 = CARTESIAN_POINT('',(-22.78946261011,-9.32723300275));
#3307 = CARTESIAN_POINT('',(-23.226327456,-7.688839133629));
#3308 = CARTESIAN_POINT('',(-23.48427123087,-6.514078495181));
#3309 = CARTESIAN_POINT('',(-23.69059322146,-5.328469084658));
#3310 = CARTESIAN_POINT('',(-23.8453060832,-4.134823048645));
#3311 = CARTESIAN_POINT('',(-23.94843346974,-2.935880671742));
#3312 = CARTESIAN_POINT('',(-23.9999999962,-1.734309517067));
#3313 = CARTESIAN_POINT('',(-23.99999992924,1.163020176041));
#3314 = CARTESIAN_POINT('',(-23.89730501812,2.858526393644));
#3315 = CARTESIAN_POINT('',(-23.69195975691,4.546728939356));
#3316 = CARTESIAN_POINT('',(-23.38382487679,6.220094789575));
#3317 = CARTESIAN_POINT('',(-22.97282160239,7.870686707841));
#3318 = CARTESIAN_POINT('',(-22.45901598214,9.490174191509));
#3319 = CARTESIAN_POINT('',(-21.58639156409,11.726175078734));
#3320 = CARTESIAN_POINT('',(-21.31252949823,12.375616478298));
#3321 = CARTESIAN_POINT('',(-21.02097854677,13.017492781341));
#3322 = CARTESIAN_POINT('',(-20.71177331761,13.651127198971));
#3323 = CARTESIAN_POINT('',(-20.38496515869,14.27581474269));
#3324 = CARTESIAN_POINT('',(-20.04062573803,14.890823962163));
#3325 = CARTESIAN_POINT('',(-19.15888284086,16.364334877087));
#3326 = CARTESIAN_POINT('',(-18.60290918941,17.211694882404));
#3327 = CARTESIAN_POINT('',(-18.01120918584,18.035250208535));
#3328 = CARTESIAN_POINT('',(-17.38419295828,18.83260461729));
#3329 = CARTESIAN_POINT('',(-16.7224425973,19.601226800003));
#3330 = CARTESIAN_POINT('',(-16.02675350664,20.338483054835));
#3331 = CARTESIAN_POINT('',(-14.66259782852,21.655098336331));
#3332 = CARTESIAN_POINT('',(-14.00199882632,22.242594321657));
#3333 = CARTESIAN_POINT('',(-13.31709113542,22.802352369265));
#3334 = CARTESIAN_POINT('',(-12.60875332897,23.332523346434));
#3335 = CARTESIAN_POINT('',(-11.87805159173,23.831243156813));
#3336 = CARTESIAN_POINT('',(-11.12626934879,24.296672822324));
#3337 = CARTESIAN_POINT('',(-9.004229774855,25.480711388435));
#3338 = CARTESIAN_POINT('',(-7.592978033641,26.127221097945));
#3339 = CARTESIAN_POINT('',(-6.130241301593,26.656457557539));
#3340 = CARTESIAN_POINT('',(-4.626581417646,27.060049462662));
#3341 = CARTESIAN_POINT('',(-3.094121282461,27.331633587031));
#3342 = CARTESIAN_POINT('',(-1.546649699415,27.467299350928));
#3343 = CARTESIAN_POINT('',(7.105427357601E-15,27.467299166349));
#3344 = ( GEOMETRIC_REPRESENTATION_CONTEXT(2) 
PARAMETRIC_REPRESENTATION_CONTEXT() REPRESENTATION_CONTEXT('2D SPACE',''
  ) );
#3345 = PCURVE('',#1579,#3346);
#3346 = DEFINITIONAL_REPRESENTATION('',(#3347),#3404);
#3347 = B_SPLINE_CURVE_WITH_KNOTS('',7,(#3348,#3349,#3350,#3351,#3352,
    #3353,#3354,#3355,#3356,#3357,#3358,#3359,#3360,#3361,#3362,#3363,
    #3364,#3365,#3366,#3367,#3368,#3369,#3370,#3371,#3372,#3373,#3374,
    #3375,#3376,#3377,#3378,#3379,#3380,#3381,#3382,#3383,#3384,#3385,
    #3386,#3387,#3388,#3389,#3390,#3391,#3392,#3393,#3394,#3395,#3396,
    #3397,#3398,#3399,#3400,#3401,#3402,#3403),.UNSPECIFIED.,.F.,.F.,(8,
    6,6,6,6,6,6,6,6,8),(0.,6.618517809349E-02,0.103980141374,
    0.14730539754,0.177449580991,0.249996666177,0.301404435559,
    0.32254127068,0.352685497016,0.391037037799),.UNSPECIFIED.);
#3348 = CARTESIAN_POINT('',(6.28318530718,-7.));
#3349 = CARTESIAN_POINT('',(6.218741565226,-7.));
#3350 = CARTESIAN_POINT('',(6.154263613455,-7.));
#3351 = CARTESIAN_POINT('',(6.089973858594,-7.));
#3352 = CARTESIAN_POINT('',(6.026008170853,-7.));
#3353 = CARTESIAN_POINT('',(5.962473968357,-7.));
#3354 = CARTESIAN_POINT('',(5.899464344217,-7.));
#3355 = CARTESIAN_POINT('',(5.801454163347,-7.));
#3356 = CARTESIAN_POINT('',(5.766023615234,-7.));
#3357 = CARTESIAN_POINT('',(5.730798627385,-7.));
#3358 = CARTESIAN_POINT('',(5.695785593128,-7.));
#3359 = CARTESIAN_POINT('',(5.660987529391,-7.));
#3360 = CARTESIAN_POINT('',(5.62640475896,-7.));
#3361 = CARTESIAN_POINT('',(5.552635971751,-7.));
#3362 = CARTESIAN_POINT('',(5.513517385851,-7.));
#3363 = CARTESIAN_POINT('',(5.474674321914,-7.));
#3364 = CARTESIAN_POINT('',(5.436098984753,-7.));
#3365 = CARTESIAN_POINT('',(5.397780667975,-7.));
#3366 = CARTESIAN_POINT('',(5.359705794184,-7.));
#3367 = CARTESIAN_POINT('',(5.295524765189,-7.));
#3368 = CARTESIAN_POINT('',(5.269301879236,-7.));
#3369 = CARTESIAN_POINT('',(5.243183886699,-7.));
#3370 = CARTESIAN_POINT('',(5.217165223348,-7.));
#3371 = CARTESIAN_POINT('',(5.191240091311,-7.));
#3372 = CARTESIAN_POINT('',(5.165402379039,-7.));
#3373 = CARTESIAN_POINT('',(5.077657483146,-7.));
#3374 = CARTESIAN_POINT('',(5.016146716314,-7.));
#3375 = CARTESIAN_POINT('',(4.955011187528,-7.));
#3376 = CARTESIAN_POINT('',(4.894159831779,-7.));
#3377 = CARTESIAN_POINT('',(4.833504322563,-7.));
#3378 = CARTESIAN_POINT('',(4.772950423366,-7.));
#3379 = CARTESIAN_POINT('',(4.669474386556,-7.));
#3380 = CARTESIAN_POINT('',(4.626561121231,-7.));
#3381 = CARTESIAN_POINT('',(4.583612683265,-7.));
#3382 = CARTESIAN_POINT('',(4.540595207992,-7.));
#3383 = CARTESIAN_POINT('',(4.497475871639,-7.));
#3384 = CARTESIAN_POINT('',(4.454221314897,-7.));
#3385 = CARTESIAN_POINT('',(4.392941354304,-7.));
#3386 = CARTESIAN_POINT('',(4.375058007079,-7.));
#3387 = CARTESIAN_POINT('',(4.357143738086,-7.));
#3388 = CARTESIAN_POINT('',(4.339196271522,-7.));
#3389 = CARTESIAN_POINT('',(4.321213361659,-7.));
#3390 = CARTESIAN_POINT('',(4.303192792843,-7.));
#3391 = CARTESIAN_POINT('',(4.25937558173,-7.));
#3392 = CARTESIAN_POINT('',(4.233537869459,-7.));
#3393 = CARTESIAN_POINT('',(4.207612737422,-7.));
#3394 = CARTESIAN_POINT('',(4.181594074071,-7.));
#3395 = CARTESIAN_POINT('',(4.155476081534,-7.));
#3396 = CARTESIAN_POINT('',(4.129253195581,-7.));
#3397 = CARTESIAN_POINT('',(4.069417125181,-7.));
#3398 = CARTESIAN_POINT('',(4.035736345355,-7.));
#3399 = CARTESIAN_POINT('',(4.001866285015,-7.));
#3400 = CARTESIAN_POINT('',(3.967797301161,-7.));
#3401 = CARTESIAN_POINT('',(3.933521510739,-7.));
#3402 = CARTESIAN_POINT('',(3.899032812492,-7.));
#3403 = CARTESIAN_POINT('',(3.864326908807,-7.));
#3404 = ( GEOMETRIC_REPRESENTATION_CONTEXT(2) 
PARAMETRIC_REPRESENTATION_CONTEXT() REPRESENTATION_CONTEXT('2D SPACE',''
  ) );
#3405 = ADVANCED_FACE('',(#3406),#459,.F.);
#3406 = FACE_BOUND('',#3407,.F.);
#3407 = EDGE_LOOP('',(#3408,#3409,#3410,#3411,#3412,#3786));
#3408 = ORIENTED_EDGE('',*,*,#2436,.F.);
#3409 = ORIENTED_EDGE('',*,*,#443,.T.);
#3410 = ORIENTED_EDGE('',*,*,#471,.T.);
#3411 = ORIENTED_EDGE('',*,*,#2018,.F.);
#3412 = ORIENTED_EDGE('',*,*,#3413,.T.);
#3413 = EDGE_CURVE('',#2019,#3414,#3416,.T.);
#3414 = VERTEX_POINT('',#3415);
#3415 = CARTESIAN_POINT('',(89.,7.,58.));
#3416 = SURFACE_CURVE('',#3417,(#3570,#3726),.PCURVE_S1.);
#3417 = B_SPLINE_CURVE_WITH_KNOTS('',7,(#3418,#3419,#3420,#3421,#3422,
    #3423,#3424,#3425,#3426,#3427,#3428,#3429,#3430,#3431,#3432,#3433,
    #3434,#3435,#3436,#3437,#3438,#3439,#3440,#3441,#3442,#3443,#3444,
    #3445,#3446,#3447,#3448,#3449,#3450,#3451,#3452,#3453,#3454,#3455,
    #3456,#3457,#3458,#3459,#3460,#3461,#3462,#3463,#3464,#3465,#3466,
    #3467,#3468,#3469,#3470,#3471,#3472,#3473,#3474,#3475,#3476,#3477,
    #3478,#3479,#3480,#3481,#3482,#3483,#3484,#3485,#3486,#3487,#3488,
    #3489,#3490,#3491,#3492,#3493,#3494,#3495,#3496,#3497,#3498,#3499,
    #3500,#3501,#3502,#3503,#3504,#3505,#3506,#3507,#3508,#3509,#3510,
    #3511,#3512,#3513,#3514,#3515,#3516,#3517,#3518,#3519,#3520,#3521,
    #3522,#3523,#3524,#3525,#3526,#3527,#3528,#3529,#3530,#3531,#3532,
    #3533,#3534,#3535,#3536,#3537,#3538,#3539,#3540,#3541,#3542,#3543,
    #3544,#3545,#3546,#3547,#3548,#3549,#3550,#3551,#3552,#3553,#3554,
    #3555,#3556,#3557,#3558,#3559,#3560,#3561,#3562,#3563,#3564,#3565,
    #3566,#3567,#3568,#3569),.UNSPECIFIED.,.T.,.F.,(8,6,6,6,6,6,6,6,6,6,
    6,6,6,6,6,6,6,6,6,6,6,6,6,6,6,8),(0.,6.618517809349E-02,
    0.103980141374,0.14730539754,0.177449580991,0.249996666177,
    0.301404435559,0.32254127068,0.352685497016,0.396010814821,
    0.433805831873,0.455516451862,0.469502721115,0.50000103782,
    0.544484149245,0.566194740584,0.60398970776,0.647314968393,
    0.67745915495,0.698595962179,0.750003663722,0.822550653174,
    0.852694796846,0.896019995839,0.933814909245,1.),.UNSPECIFIED.);
#3418 = CARTESIAN_POINT('',(89.,7.,58.));
#3419 = CARTESIAN_POINT('',(89.000000184584,7.,56.453350300581));
#3420 = CARTESIAN_POINT('',(88.864334420662,7.,54.905878717555));
#3421 = CARTESIAN_POINT('',(88.592750296352,7.,53.37341858233));
#3422 = CARTESIAN_POINT('',(88.189158391151,7.,51.869758698434));
#3423 = CARTESIAN_POINT('',(87.65992193162,7.,50.407021966346));
#3424 = CARTESIAN_POINT('',(87.013412222081,7.,48.995770225152));
#3425 = CARTESIAN_POINT('',(85.82937365598,7.,46.873730651211));
#3426 = CARTESIAN_POINT('',(85.36394399046,7.,46.121948408264));
#3427 = CARTESIAN_POINT('',(84.865224180092,7.,45.391246671034));
#3428 = CARTESIAN_POINT('',(84.335053202923,7.,44.682908864578));
#3429 = CARTESIAN_POINT('',(83.775295155304,7.,43.998001173671));
#3430 = CARTESIAN_POINT('',(83.187799169988,7.,43.337402171478));
#3431 = CARTESIAN_POINT('',(81.871183888489,7.,41.973246493357));
#3432 = CARTESIAN_POINT('',(81.133927633658,7.,41.277557402702));
#3433 = CARTESIAN_POINT('',(80.365305450945,7.,40.615807041718));
#3434 = CARTESIAN_POINT('',(79.567951042189,7.,39.988790814155));
#3435 = CARTESIAN_POINT('',(78.744395716059,7.,39.397090810587));
#3436 = CARTESIAN_POINT('',(77.897035710742,7.,38.841117159134));
#3437 = CARTESIAN_POINT('',(76.423524795818,7.,37.959374261969));
#3438 = CARTESIAN_POINT('',(75.808515576346,7.,37.615034841309));
#3439 = CARTESIAN_POINT('',(75.183828032627,7.,37.288226682385));
#3440 = CARTESIAN_POINT('',(74.550193614995,7.,36.979021453226));
#3441 = CARTESIAN_POINT('',(73.908317311953,7.,36.687470501768));
#3442 = CARTESIAN_POINT('',(73.258875912391,7.,36.413608435908));
#3443 = CARTESIAN_POINT('',(71.022875025165,7.,35.540984017859));
#3444 = CARTESIAN_POINT('',(69.403387541495,7.,35.027178397605));
#3445 = CARTESIAN_POINT('',(67.752795623235,7.,34.616175123211));
#3446 = CARTESIAN_POINT('',(66.079429773014,7.,34.30804024309));
#3447 = CARTESIAN_POINT('',(64.391227227297,7.,34.102694981873));
#3448 = CARTESIAN_POINT('',(62.6957210097,7.,34.000000070759));
#3449 = CARTESIAN_POINT('',(59.798391316591,7.,34.000000003792));
#3450 = CARTESIAN_POINT('',(58.596820161915,7.,34.051566530254));
#3451 = CARTESIAN_POINT('',(57.397877785013,7.,34.154693916794));
#3452 = CARTESIAN_POINT('',(56.204231749,7.,34.309406778538));
#3453 = CARTESIAN_POINT('',(55.018622338476,7.,34.515728769129));
#3454 = CARTESIAN_POINT('',(53.843861700028,7.,34.773672543991));
#3455 = CARTESIAN_POINT('',(52.205467830908,7.,35.21053738988));
#3456 = CARTESIAN_POINT('',(51.730428477042,7.,35.346550768996));
#3457 = CARTESIAN_POINT('',(51.257921950312,7.,35.491291023472));
#3458 = CARTESIAN_POINT('',(50.788157509527,7.,35.644756304998));
#3459 = CARTESIAN_POINT('',(50.321349376247,7.,35.806942956918));
#3460 = CARTESIAN_POINT('',(49.857716734783,7.,35.977845514224));
#3461 = CARTESIAN_POINT('',(48.741124087615,7.,36.413608435905));
#3462 = CARTESIAN_POINT('',(48.091682688051,7.,36.687470501767));
#3463 = CARTESIAN_POINT('',(47.449806385009,7.,36.979021453225));
#3464 = CARTESIAN_POINT('',(46.816171967378,7.,37.288226682382));
#3465 = CARTESIAN_POINT('',(46.191484423659,7.,37.615034841305));
#3466 = CARTESIAN_POINT('',(45.576475204186,7.,37.959374261968));
#3467 = CARTESIAN_POINT('',(44.102964289263,7.,38.841117159131));
#3468 = CARTESIAN_POINT('',(43.255604283945,7.,39.397090810584));
#3469 = CARTESIAN_POINT('',(42.432048957814,7.,39.988790814152));
#3470 = CARTESIAN_POINT('',(41.63469454906,7.,40.615807041715));
#3471 = CARTESIAN_POINT('',(40.866072366346,7.,41.277557402699));
#3472 = CARTESIAN_POINT('',(40.128816111514,7.,41.973246493354));
#3473 = CARTESIAN_POINT('',(38.812200830015,7.,43.337402171474));
#3474 = CARTESIAN_POINT('',(38.224704844698,7.,43.998001173667));
#3475 = CARTESIAN_POINT('',(37.664946797081,7.,44.682908864575));
#3476 = CARTESIAN_POINT('',(37.134775819911,7.,45.391246671031));
#3477 = CARTESIAN_POINT('',(36.636056009541,7.,46.121948408261));
#3478 = CARTESIAN_POINT('',(36.170626344023,7.,46.873730651207));
#3479 = CARTESIAN_POINT('',(35.493027178495,7.,48.088127282975));
#3480 = CARTESIAN_POINT('',(35.257369751207,7.,48.537651165339));
#3481 = CARTESIAN_POINT('',(35.03361071547,7.,48.993335092624));
#3482 = CARTESIAN_POINT('',(34.822073298283,7.,49.45486452323));
#3483 = CARTESIAN_POINT('',(34.623066722987,7.,49.921900302335));
#3484 = CARTESIAN_POINT('',(34.436882838258,7.,50.394077132146));
#3485 = CARTESIAN_POINT('',(34.152285904032,7.,51.178243358307));
#3486 = CARTESIAN_POINT('',(34.046212478964,7.,51.487456044206));
#3487 = CARTESIAN_POINT('',(33.945645240024,7.,51.798535504388));
#3488 = CARTESIAN_POINT('',(33.850652417364,7.,52.111373377989));
#3489 = CARTESIAN_POINT('',(33.761297703156,7.,52.425857538736));
#3490 = CARTESIAN_POINT('',(33.677640251594,7.,52.741872094944));
#3491 = CARTESIAN_POINT('',(33.429854096189,7.,53.751471899068));
#3492 = CARTESIAN_POINT('',(33.287318274061,7.,54.450374574744));
#3493 = CARTESIAN_POINT('',(33.172695481078,7.,55.154736666633));
#3494 = CARTESIAN_POINT('',(33.086424914692,7.,55.86324982803));
#3495 = CARTESIAN_POINT('',(33.028808011578,7.,56.574565243518));
#3496 = CARTESIAN_POINT('',(32.99999975797,7.,57.287292757044));
#3497 = CARTESIAN_POINT('',(32.999999911969,7.,59.039514248594));
#3498 = CARTESIAN_POINT('',(33.061283808715,7.,60.079155854937));
#3499 = CARTESIAN_POINT('',(33.183876700072,7.,61.114361175282));
#3500 = CARTESIAN_POINT('',(33.367040445585,7.,62.140848370209));
#3501 = CARTESIAN_POINT('',(33.609424896417,7.,63.154593809819));
#3502 = CARTESIAN_POINT('',(33.909146268526,7.,64.151820418296));
#3503 = CARTESIAN_POINT('',(34.436882838255,7.,65.605922867848));
#3504 = CARTESIAN_POINT('',(34.623066722984,7.,66.078099697658));
#3505 = CARTESIAN_POINT('',(34.82207329828,7.,66.545135476764));
#3506 = CARTESIAN_POINT('',(35.033610715468,7.,67.00666490737));
#3507 = CARTESIAN_POINT('',(35.257369751204,7.,67.462348834655));
#3508 = CARTESIAN_POINT('',(35.493027178492,7.,67.911872717019));
#3509 = CARTESIAN_POINT('',(36.17062634402,7.,69.126269348788));
#3510 = CARTESIAN_POINT('',(36.636056009536,7.,69.878051591731));
#3511 = CARTESIAN_POINT('',(37.134775819908,7.,70.608753328966));
#3512 = CARTESIAN_POINT('',(37.664946797077,7.,71.317091135422));
#3513 = CARTESIAN_POINT('',(38.224704844693,7.,72.001998826324));
#3514 = CARTESIAN_POINT('',(38.812200830011,7.,72.662597828522));
#3515 = CARTESIAN_POINT('',(40.128816111509,7.,74.026753506642));
#3516 = CARTESIAN_POINT('',(40.866072366341,7.,74.722442597296));
#3517 = CARTESIAN_POINT('',(41.634694549054,7.,75.38419295828));
#3518 = CARTESIAN_POINT('',(42.432048957809,7.,76.011209185844));
#3519 = CARTESIAN_POINT('',(43.255604283939,7.,76.602909189412));
#3520 = CARTESIAN_POINT('',(44.102964289257,7.,77.158882840865));
#3521 = CARTESIAN_POINT('',(45.57647520418,7.,78.040625738029));
#3522 = CARTESIAN_POINT('',(46.191484423653,7.,78.384965158691));
#3523 = CARTESIAN_POINT('',(46.816171967372,7.,78.711773317614));
#3524 = CARTESIAN_POINT('',(47.449806385003,7.,79.020978546773));
#3525 = CARTESIAN_POINT('',(48.091682688045,7.,79.312529498231));
#3526 = CARTESIAN_POINT('',(48.741124087608,7.,79.586391564092));
#3527 = CARTESIAN_POINT('',(49.857716734776,7.,80.022154485774));
#3528 = CARTESIAN_POINT('',(50.321349376241,7.,80.19305704308));
#3529 = CARTESIAN_POINT('',(50.788157509521,7.,80.355243695));
#3530 = CARTESIAN_POINT('',(51.257921950306,7.,80.508708976526));
#3531 = CARTESIAN_POINT('',(51.730428477036,7.,80.653449231002));
#3532 = CARTESIAN_POINT('',(52.205467830901,7.,80.789462610119));
#3533 = CARTESIAN_POINT('',(53.843861700022,7.,81.226327456007));
#3534 = CARTESIAN_POINT('',(55.01862233847,7.,81.484271230873));
#3535 = CARTESIAN_POINT('',(56.204231748993,7.,81.69059322146));
#3536 = CARTESIAN_POINT('',(57.397877785006,7.,81.845306083204));
#3537 = CARTESIAN_POINT('',(58.596820161909,7.,81.948433469748));
#3538 = CARTESIAN_POINT('',(59.798391316584,7.,81.999999996207));
#3539 = CARTESIAN_POINT('',(62.695721009692,7.,81.999999929243));
#3540 = CARTESIAN_POINT('',(64.391227227295,7.,81.897305018124));
#3541 = CARTESIAN_POINT('',(66.079429773007,7.,81.691959756913));
#3542 = CARTESIAN_POINT('',(67.752795623227,7.,81.383824876793));
#3543 = CARTESIAN_POINT('',(69.403387541492,7.,80.972821602393));
#3544 = CARTESIAN_POINT('',(71.02287502516,7.,80.459015982144));
#3545 = CARTESIAN_POINT('',(73.258875912385,7.,79.586391564094));
#3546 = CARTESIAN_POINT('',(73.908317311949,7.,79.312529498234));
#3547 = CARTESIAN_POINT('',(74.550193614992,7.,79.020978546775));
#3548 = CARTESIAN_POINT('',(75.183828032622,7.,78.711773317617));
#3549 = CARTESIAN_POINT('',(75.808515576341,7.,78.384965158694));
#3550 = CARTESIAN_POINT('',(76.423524795815,7.,78.040625738033));
#3551 = CARTESIAN_POINT('',(77.897035710738,7.,77.158882840868));
#3552 = CARTESIAN_POINT('',(78.744395716055,7.,76.602909189416));
#3553 = CARTESIAN_POINT('',(79.567951042186,7.,76.011209185848));
#3554 = CARTESIAN_POINT('',(80.365305450941,7.,75.384192958284));
#3555 = CARTESIAN_POINT('',(81.133927633655,7.,74.7224425973));
#3556 = CARTESIAN_POINT('',(81.871183888486,7.,74.026753506646));
#3557 = CARTESIAN_POINT('',(83.187799169982,7.,72.662597828527));
#3558 = CARTESIAN_POINT('',(83.775295155308,7.,72.001998826328));
#3559 = CARTESIAN_POINT('',(84.335053202916,7.,71.317091135426));
#3560 = CARTESIAN_POINT('',(84.865224180086,7.,70.608753328971));
#3561 = CARTESIAN_POINT('',(85.363943990464,7.,69.878051591736));
#3562 = CARTESIAN_POINT('',(85.829373655975,7.,69.126269348793));
#3563 = CARTESIAN_POINT('',(87.013412222086,7.,67.004229774855));
#3564 = CARTESIAN_POINT('',(87.659921931596,7.,65.592978033641));
#3565 = CARTESIAN_POINT('',(88.18915839119,7.,64.130241301593));
#3566 = CARTESIAN_POINT('',(88.592750296313,7.,62.626581417646));
#3567 = CARTESIAN_POINT('',(88.864334420682,7.,61.094121282461));
#3568 = CARTESIAN_POINT('',(89.000000184579,7.,59.546649699415));
#3569 = CARTESIAN_POINT('',(89.,7.,58.));
#3570 = PCURVE('',#459,#3571);
#3571 = DEFINITIONAL_REPRESENTATION('',(#3572),#3725);
#3572 = B_SPLINE_CURVE_WITH_KNOTS('',7,(#3573,#3574,#3575,#3576,#3577,
    #3578,#3579,#3580,#3581,#3582,#3583,#3584,#3585,#3586,#3587,#3588,
    #3589,#3590,#3591,#3592,#3593,#3594,#3595,#3596,#3597,#3598,#3599,
    #3600,#3601,#3602,#3603,#3604,#3605,#3606,#3607,#3608,#3609,#3610,
    #3611,#3612,#3613,#3614,#3615,#3616,#3617,#3618,#3619,#3620,#3621,
    #3622,#3623,#3624,#3625,#3626,#3627,#3628,#3629,#3630,#3631,#3632,
    #3633,#3634,#3635,#3636,#3637,#3638,#3639,#3640,#3641,#3642,#3643,
    #3644,#3645,#3646,#3647,#3648,#3649,#3650,#3651,#3652,#3653,#3654,
    #3655,#3656,#3657,#3658,#3659,#3660,#3661,#3662,#3663,#3664,#3665,
    #3666,#3667,#3668,#3669,#3670,#3671,#3672,#3673,#3674,#3675,#3676,
    #3677,#3678,#3679,#3680,#3681,#3682,#3683,#3684,#3685,#3686,#3687,
    #3688,#3689,#3690,#3691,#3692,#3693,#3694,#3695,#3696,#3697,#3698,
    #3699,#3700,#3701,#3702,#3703,#3704,#3705,#3706,#3707,#3708,#3709,
    #3710,#3711,#3712,#3713,#3714,#3715,#3716,#3717,#3718,#3719,#3720,
    #3721,#3722,#3723,#3724),.UNSPECIFIED.,.F.,.F.,(8,6,6,6,6,6,6,6,6,6,
    6,6,6,6,6,6,6,6,6,6,6,6,6,6,6,8),(0.,6.618517809349E-02,
    0.103980141374,0.14730539754,0.177449580991,0.249996666177,
    0.301404435559,0.32254127068,0.352685497016,0.396010814821,
    0.433805831873,0.455516451862,0.469502721115,0.50000103782,
    0.544484149245,0.566194740584,0.60398970776,0.647314968393,
    0.67745915495,0.698595962179,0.750003663722,0.822550653174,
    0.852694796846,0.896019995839,0.933814909245,1.),.UNSPECIFIED.);
#3573 = CARTESIAN_POINT('',(1.42108547152E-14,27.467299166349));
#3574 = CARTESIAN_POINT('',(1.546649699419,27.467299350933));
#3575 = CARTESIAN_POINT('',(3.094121282445,27.331633587011));
#3576 = CARTESIAN_POINT('',(4.62658141767,27.060049462701));
#3577 = CARTESIAN_POINT('',(6.130241301566,26.6564575575));
#3578 = CARTESIAN_POINT('',(7.592978033654,26.127221097969));
#3579 = CARTESIAN_POINT('',(9.004229774848,25.48071138843));
#3580 = CARTESIAN_POINT('',(11.126269348789,24.296672822329));
#3581 = CARTESIAN_POINT('',(11.878051591736,23.831243156809));
#3582 = CARTESIAN_POINT('',(12.608753328966,23.332523346441));
#3583 = CARTESIAN_POINT('',(13.317091135422,22.802352369271));
#3584 = CARTESIAN_POINT('',(14.001998826329,22.242594321653));
#3585 = CARTESIAN_POINT('',(14.662597828522,21.655098336337));
#3586 = CARTESIAN_POINT('',(16.026753506643,20.338483054837));
#3587 = CARTESIAN_POINT('',(16.722442597298,19.601226800007));
#3588 = CARTESIAN_POINT('',(17.384192958282,18.832604617293));
#3589 = CARTESIAN_POINT('',(18.011209185845,18.035250208538));
#3590 = CARTESIAN_POINT('',(18.602909189413,17.211694882408));
#3591 = CARTESIAN_POINT('',(19.158882840866,16.364334877091));
#3592 = CARTESIAN_POINT('',(20.040625738031,14.890823962166));
#3593 = CARTESIAN_POINT('',(20.384965158691,14.275814742695));
#3594 = CARTESIAN_POINT('',(20.711773317615,13.651127198976));
#3595 = CARTESIAN_POINT('',(21.020978546774,13.017492781344));
#3596 = CARTESIAN_POINT('',(21.312529498232,12.375616478302));
#3597 = CARTESIAN_POINT('',(21.586391564092,11.72617507874));
#3598 = CARTESIAN_POINT('',(22.459015982141,9.490174191514));
#3599 = CARTESIAN_POINT('',(22.972821602395,7.870686707844));
#3600 = CARTESIAN_POINT('',(23.383824876789,6.220094789584));
#3601 = CARTESIAN_POINT('',(23.69195975691,4.546728939363));
#3602 = CARTESIAN_POINT('',(23.897305018127,2.858526393646));
#3603 = CARTESIAN_POINT('',(23.999999929241,1.163020176049));
#3604 = CARTESIAN_POINT('',(23.999999996208,-1.734309517061));
#3605 = CARTESIAN_POINT('',(23.948433469746,-2.935880671736));
#3606 = CARTESIAN_POINT('',(23.845306083206,-4.134823048639));
#3607 = CARTESIAN_POINT('',(23.690593221462,-5.328469084651));
#3608 = CARTESIAN_POINT('',(23.484271230872,-6.514078495175));
#3609 = CARTESIAN_POINT('',(23.226327456009,-7.688839133623));
#3610 = CARTESIAN_POINT('',(22.78946261012,-9.327233002744));
#3611 = CARTESIAN_POINT('',(22.653449231004,-9.802272356609));
#3612 = CARTESIAN_POINT('',(22.508708976528,-10.27477888333));
#3613 = CARTESIAN_POINT('',(22.355243695002,-10.74454332412));
#3614 = CARTESIAN_POINT('',(22.193057043082,-11.2113514574));
#3615 = CARTESIAN_POINT('',(22.022154485776,-11.67498409886));
#3616 = CARTESIAN_POINT('',(21.586391564095,-12.79157674603));
#3617 = CARTESIAN_POINT('',(21.312529498233,-13.4410181456));
#3618 = CARTESIAN_POINT('',(21.020978546775,-14.08289444864));
#3619 = CARTESIAN_POINT('',(20.711773317618,-14.71652886627));
#3620 = CARTESIAN_POINT('',(20.384965158695,-15.34121640999));
#3621 = CARTESIAN_POINT('',(20.040625738032,-15.95622562946));
#3622 = CARTESIAN_POINT('',(19.158882840869,-17.42973654438));
#3623 = CARTESIAN_POINT('',(18.602909189416,-18.2770965497));
#3624 = CARTESIAN_POINT('',(18.011209185848,-19.10065187583));
#3625 = CARTESIAN_POINT('',(17.384192958285,-19.89800628459));
#3626 = CARTESIAN_POINT('',(16.722442597301,-20.6666284673));
#3627 = CARTESIAN_POINT('',(16.026753506646,-21.40388472213));
#3628 = CARTESIAN_POINT('',(14.662597828526,-22.72050000363));
#3629 = CARTESIAN_POINT('',(14.001998826333,-23.30799598895));
#3630 = CARTESIAN_POINT('',(13.317091135425,-23.86775403657));
#3631 = CARTESIAN_POINT('',(12.608753328969,-24.39792501374));
#3632 = CARTESIAN_POINT('',(11.878051591739,-24.89664482411));
#3633 = CARTESIAN_POINT('',(11.126269348793,-25.36207448962));
#3634 = CARTESIAN_POINT('',(9.911872717025,-26.03967365515));
#3635 = CARTESIAN_POINT('',(9.462348834661,-26.27533108244));
#3636 = CARTESIAN_POINT('',(9.006664907376,-26.49909011818));
#3637 = CARTESIAN_POINT('',(8.54513547677,-26.71062753536));
#3638 = CARTESIAN_POINT('',(8.078099697665,-26.90963411066));
#3639 = CARTESIAN_POINT('',(7.605922867854,-27.09581799539));
#3640 = CARTESIAN_POINT('',(6.821756641693,-27.38041492961));
#3641 = CARTESIAN_POINT('',(6.512543955794,-27.48648835468));
#3642 = CARTESIAN_POINT('',(6.201464495612,-27.58705559362));
#3643 = CARTESIAN_POINT('',(5.888626622011,-27.68204841628));
#3644 = CARTESIAN_POINT('',(5.574142461264,-27.77140313049));
#3645 = CARTESIAN_POINT('',(5.258127905056,-27.85506058205));
#3646 = CARTESIAN_POINT('',(4.248528100932,-28.10284673746));
#3647 = CARTESIAN_POINT('',(3.549625425256,-28.24538255959));
#3648 = CARTESIAN_POINT('',(2.845263333367,-28.36000535257));
#3649 = CARTESIAN_POINT('',(2.13675017197,-28.44627591895));
#3650 = CARTESIAN_POINT('',(1.425434756482,-28.50389282207));
#3651 = CARTESIAN_POINT('',(0.712707242956,-28.53270107568));
#3652 = CARTESIAN_POINT('',(-1.039514248594,-28.53270092168));
#3653 = CARTESIAN_POINT('',(-2.079155854937,-28.47141702493));
#3654 = CARTESIAN_POINT('',(-3.114361175282,-28.34882413357));
#3655 = CARTESIAN_POINT('',(-4.140848370209,-28.16566038806));
#3656 = CARTESIAN_POINT('',(-5.154593809819,-27.92327593723));
#3657 = CARTESIAN_POINT('',(-6.151820418296,-27.62355456512));
#3658 = CARTESIAN_POINT('',(-7.605922867848,-27.09581799539));
#3659 = CARTESIAN_POINT('',(-8.078099697658,-26.90963411066));
#3660 = CARTESIAN_POINT('',(-8.545135476764,-26.71062753537));
#3661 = CARTESIAN_POINT('',(-9.00666490737,-26.49909011818));
#3662 = CARTESIAN_POINT('',(-9.462348834655,-26.27533108244));
#3663 = CARTESIAN_POINT('',(-9.911872717019,-26.03967365515));
#3664 = CARTESIAN_POINT('',(-11.12626934878,-25.36207448963));
#3665 = CARTESIAN_POINT('',(-11.87805159173,-24.89664482411));
#3666 = CARTESIAN_POINT('',(-12.60875332896,-24.39792501374));
#3667 = CARTESIAN_POINT('',(-13.31709113542,-23.86775403657));
#3668 = CARTESIAN_POINT('',(-14.00199882632,-23.30799598895));
#3669 = CARTESIAN_POINT('',(-14.66259782852,-22.72050000364));
#3670 = CARTESIAN_POINT('',(-16.02675350664,-21.40388472214));
#3671 = CARTESIAN_POINT('',(-16.72244259729,-20.66662846731));
#3672 = CARTESIAN_POINT('',(-17.38419295828,-19.89800628459));
#3673 = CARTESIAN_POINT('',(-18.01120918584,-19.10065187584));
#3674 = CARTESIAN_POINT('',(-18.60290918941,-18.27709654971));
#3675 = CARTESIAN_POINT('',(-19.15888284086,-17.42973654439));
#3676 = CARTESIAN_POINT('',(-20.04062573802,-15.95622562947));
#3677 = CARTESIAN_POINT('',(-20.38496515869,-15.34121640999));
#3678 = CARTESIAN_POINT('',(-20.71177331761,-14.71652886627));
#3679 = CARTESIAN_POINT('',(-21.02097854677,-14.08289444864));
#3680 = CARTESIAN_POINT('',(-21.31252949823,-13.4410181456));
#3681 = CARTESIAN_POINT('',(-21.58639156409,-12.79157674604));
#3682 = CARTESIAN_POINT('',(-22.02215448577,-11.67498409887));
#3683 = CARTESIAN_POINT('',(-22.19305704308,-11.21135145741));
#3684 = CARTESIAN_POINT('',(-22.355243695,-10.74454332413));
#3685 = CARTESIAN_POINT('',(-22.50870897652,-10.27477888334));
#3686 = CARTESIAN_POINT('',(-22.653449231,-9.802272356615));
#3687 = CARTESIAN_POINT('',(-22.78946261011,-9.32723300275));
#3688 = CARTESIAN_POINT('',(-23.226327456,-7.688839133629));
#3689 = CARTESIAN_POINT('',(-23.48427123087,-6.514078495181));
#3690 = CARTESIAN_POINT('',(-23.69059322146,-5.328469084658));
#3691 = CARTESIAN_POINT('',(-23.8453060832,-4.134823048645));
#3692 = CARTESIAN_POINT('',(-23.94843346974,-2.935880671742));
#3693 = CARTESIAN_POINT('',(-23.9999999962,-1.734309517067));
#3694 = CARTESIAN_POINT('',(-23.99999992924,1.163020176041));
#3695 = CARTESIAN_POINT('',(-23.89730501812,2.858526393644));
#3696 = CARTESIAN_POINT('',(-23.69195975691,4.546728939356));
#3697 = CARTESIAN_POINT('',(-23.38382487679,6.220094789575));
#3698 = CARTESIAN_POINT('',(-22.97282160239,7.870686707841));
#3699 = CARTESIAN_POINT('',(-22.45901598214,9.490174191509));
#3700 = CARTESIAN_POINT('',(-21.58639156409,11.726175078734));
#3701 = CARTESIAN_POINT('',(-21.31252949823,12.375616478298));
#3702 = CARTESIAN_POINT('',(-21.02097854677,13.017492781341));
#3703 = CARTESIAN_POINT('',(-20.71177331761,13.651127198971));
#3704 = CARTESIAN_POINT('',(-20.38496515869,14.27581474269));
#3705 = CARTESIAN_POINT('',(-20.04062573803,14.890823962163));
#3706 = CARTESIAN_POINT('',(-19.15888284086,16.364334877087));
#3707 = CARTESIAN_POINT('',(-18.60290918941,17.211694882404));
#3708 = CARTESIAN_POINT('',(-18.01120918584,18.035250208535));
#3709 = CARTESIAN_POINT('',(-17.38419295828,18.83260461729));
#3710 = CARTESIAN_POINT('',(-16.7224425973,19.601226800003));
#3711 = CARTESIAN_POINT('',(-16.02675350664,20.338483054835));
#3712 = CARTESIAN_POINT('',(-14.66259782852,21.655098336331));
#3713 = CARTESIAN_POINT('',(-14.00199882632,22.242594321657));
#3714 = CARTESIAN_POINT('',(-13.31709113542,22.802352369265));
#3715 = CARTESIAN_POINT('',(-12.60875332897,23.332523346434));
#3716 = CARTESIAN_POINT('',(-11.87805159173,23.831243156813));
#3717 = CARTESIAN_POINT('',(-11.12626934879,24.296672822324));
#3718 = CARTESIAN_POINT('',(-9.004229774855,25.480711388435));
#3719 = CARTESIAN_POINT('',(-7.592978033641,26.127221097945));
#3720 = CARTESIAN_POINT('',(-6.130241301593,26.656457557539));
#3721 = CARTESIAN_POINT('',(-4.626581417646,27.060049462662));
#3722 = CARTESIAN_POINT('',(-3.094121282461,27.331633587031));
#3723 = CARTESIAN_POINT('',(-1.546649699415,27.467299350928));
#3724 = CARTESIAN_POINT('',(7.105427357601E-15,27.467299166349));
#3725 = ( GEOMETRIC_REPRESENTATION_CONTEXT(2) 
PARAMETRIC_REPRESENTATION_CONTEXT() REPRESENTATION_CONTEXT('2D SPACE',''
  ) );
#3726 = PCURVE('',#2302,#3727);
#3727 = DEFINITIONAL_REPRESENTATION('',(#3728),#3785);
#3728 = B_SPLINE_CURVE_WITH_KNOTS('',7,(#3729,#3730,#3731,#3732,#3733,
    #3734,#3735,#3736,#3737,#3738,#3739,#3740,#3741,#3742,#3743,#3744,
    #3745,#3746,#3747,#3748,#3749,#3750,#3751,#3752,#3753,#3754,#3755,
    #3756,#3757,#3758,#3759,#3760,#3761,#3762,#3763,#3764,#3765,#3766,
    #3767,#3768,#3769,#3770,#3771,#3772,#3773,#3774,#3775,#3776,#3777,
    #3778,#3779,#3780,#3781,#3782,#3783,#3784),.UNSPECIFIED.,.F.,.F.,(8,
    6,6,6,6,6,6,6,6,8),(0.608963478219,0.647314968393,0.67745915495,
    0.698595962179,0.750003663722,0.822550653174,0.852694796846,
    0.896019995839,0.933814909245,1.),.UNSPECIFIED.);
#3729 = CARTESIAN_POINT('',(8.702043705552,-7.));
#3730 = CARTESIAN_POINT('',(8.667337801868,-7.));
#3731 = CARTESIAN_POINT('',(8.63284910362,-7.));
#3732 = CARTESIAN_POINT('',(8.598573313198,-7.));
#3733 = CARTESIAN_POINT('',(8.564504329345,-7.));
#3734 = CARTESIAN_POINT('',(8.530634269005,-7.));
#3735 = CARTESIAN_POINT('',(8.496953489179,-7.));
#3736 = CARTESIAN_POINT('',(8.437117418779,-7.));
#3737 = CARTESIAN_POINT('',(8.410894532825,-7.));
#3738 = CARTESIAN_POINT('',(8.384776540288,-7.));
#3739 = CARTESIAN_POINT('',(8.358757876937,-7.));
#3740 = CARTESIAN_POINT('',(8.332832744901,-7.));
#3741 = CARTESIAN_POINT('',(8.306995032629,-7.));
#3742 = CARTESIAN_POINT('',(8.263177821517,-7.));
#3743 = CARTESIAN_POINT('',(8.245157252701,-7.));
#3744 = CARTESIAN_POINT('',(8.227174342837,-7.));
#3745 = CARTESIAN_POINT('',(8.209226876273,-7.));
#3746 = CARTESIAN_POINT('',(8.19131260728,-7.));
#3747 = CARTESIAN_POINT('',(8.173429260055,-7.));
#3748 = CARTESIAN_POINT('',(8.112149299462,-7.));
#3749 = CARTESIAN_POINT('',(8.06889474272,-7.));
#3750 = CARTESIAN_POINT('',(8.025775406368,-7.));
#3751 = CARTESIAN_POINT('',(7.982757931095,-7.));
#3752 = CARTESIAN_POINT('',(7.939809493129,-7.));
#3753 = CARTESIAN_POINT('',(7.896896227804,-7.));
#3754 = CARTESIAN_POINT('',(7.793420190993,-7.));
#3755 = CARTESIAN_POINT('',(7.732866291797,-7.));
#3756 = CARTESIAN_POINT('',(7.67221078258,-7.));
#3757 = CARTESIAN_POINT('',(7.611359426832,-7.));
#3758 = CARTESIAN_POINT('',(7.550223898046,-7.));
#3759 = CARTESIAN_POINT('',(7.488713131213,-7.));
#3760 = CARTESIAN_POINT('',(7.40096823532,-7.));
#3761 = CARTESIAN_POINT('',(7.375130523049,-7.));
#3762 = CARTESIAN_POINT('',(7.349205391012,-7.));
#3763 = CARTESIAN_POINT('',(7.323186727661,-7.));
#3764 = CARTESIAN_POINT('',(7.297068735124,-7.));
#3765 = CARTESIAN_POINT('',(7.27084584917,-7.));
#3766 = CARTESIAN_POINT('',(7.206664820175,-7.));
#3767 = CARTESIAN_POINT('',(7.168589946384,-7.));
#3768 = CARTESIAN_POINT('',(7.130271629606,-7.));
#3769 = CARTESIAN_POINT('',(7.091696292445,-7.));
#3770 = CARTESIAN_POINT('',(7.052853228508,-7.));
#3771 = CARTESIAN_POINT('',(7.013734642608,-7.));
#3772 = CARTESIAN_POINT('',(6.939965855399,-7.));
#3773 = CARTESIAN_POINT('',(6.905383084969,-7.));
#3774 = CARTESIAN_POINT('',(6.870585021231,-7.));
#3775 = CARTESIAN_POINT('',(6.835571986974,-7.));
#3776 = CARTESIAN_POINT('',(6.800346999126,-7.));
#3777 = CARTESIAN_POINT('',(6.764916451013,-7.));
#3778 = CARTESIAN_POINT('',(6.666906270142,-7.));
#3779 = CARTESIAN_POINT('',(6.603896646002,-7.));
#3780 = CARTESIAN_POINT('',(6.540362443508,-7.));
#3781 = CARTESIAN_POINT('',(6.476396755763,-7.));
#3782 = CARTESIAN_POINT('',(6.412107000905,-7.));
#3783 = CARTESIAN_POINT('',(6.347629049133,-7.));
#3784 = CARTESIAN_POINT('',(6.28318530718,-7.));
#3785 = ( GEOMETRIC_REPRESENTATION_CONTEXT(2) 
PARAMETRIC_REPRESENTATION_CONTEXT() REPRESENTATION_CONTEXT('2D SPACE',''
  ) );
#3786 = ORIENTED_EDGE('',*,*,#3787,.T.);
#3787 = EDGE_CURVE('',#3414,#2345,#3788,.T.);
#3788 = SURFACE_CURVE('',#3789,(#3942,#4098),.PCURVE_S1.);
#3789 = B_SPLINE_CURVE_WITH_KNOTS('',7,(#3790,#3791,#3792,#3793,#3794,
    #3795,#3796,#3797,#3798,#3799,#3800,#3801,#3802,#3803,#3804,#3805,
    #3806,#3807,#3808,#3809,#3810,#3811,#3812,#3813,#3814,#3815,#3816,
    #3817,#3818,#3819,#3820,#3821,#3822,#3823,#3824,#3825,#3826,#3827,
    #3828,#3829,#3830,#3831,#3832,#3833,#3834,#3835,#3836,#3837,#3838,
    #3839,#3840,#3841,#3842,#3843,#3844,#3845,#3846,#3847,#3848,#3849,
    #3850,#3851,#3852,#3853,#3854,#3855,#3856,#3857,#3858,#3859,#3860,
    #3861,#3862,#3863,#3864,#3865,#3866,#3867,#3868,#3869,#3870,#3871,
    #3872,#3873,#3874,#3875,#3876,#3877,#3878,#3879,#3880,#3881,#3882,
    #3883,#3884,#3885,#3886,#3887,#3888,#3889,#3890,#3891,#3892,#3893,
    #3894,#3895,#3896,#3897,#3898,#3899,#3900,#3901,#3902,#3903,#3904,
    #3905,#3906,#3907,#3908,#3909,#3910,#3911,#3912,#3913,#3914,#3915,
    #3916,#3917,#3918,#3919,#3920,#3921,#3922,#3923,#3924,#3925,#3926,
    #3927,#3928,#3929,#3930,#3931,#3932,#3933,#3934,#3935,#3936,#3937,
    #3938,#3939,#3940,#3941),.UNSPECIFIED.,.T.,.F.,(8,6,6,6,6,6,6,6,6,6,
    6,6,6,6,6,6,6,6,6,6,6,6,6,6,6,8),(0.,6.618517809349E-02,
    0.103980141374,0.14730539754,0.177449580991,0.249996666177,
    0.301404435559,0.32254127068,0.352685497016,0.396010814821,
    0.433805831873,0.455516451862,0.469502721115,0.50000103782,
    0.544484149245,0.566194740584,0.60398970776,0.647314968393,
    0.67745915495,0.698595962179,0.750003663722,0.822550653174,
    0.852694796846,0.896019995839,0.933814909245,1.),.UNSPECIFIED.);
#3790 = CARTESIAN_POINT('',(89.,7.,58.));
#3791 = CARTESIAN_POINT('',(89.000000184584,7.,56.453350300581));
#3792 = CARTESIAN_POINT('',(88.864334420662,7.,54.905878717555));
#3793 = CARTESIAN_POINT('',(88.592750296352,7.,53.37341858233));
#3794 = CARTESIAN_POINT('',(88.189158391151,7.,51.869758698434));
#3795 = CARTESIAN_POINT('',(87.65992193162,7.,50.407021966346));
#3796 = CARTESIAN_POINT('',(87.013412222081,7.,48.995770225152));
#3797 = CARTESIAN_POINT('',(85.82937365598,7.,46.873730651211));
#3798 = CARTESIAN_POINT('',(85.36394399046,7.,46.121948408264));
#3799 = CARTESIAN_POINT('',(84.865224180092,7.,45.391246671034));
#3800 = CARTESIAN_POINT('',(84.335053202923,7.,44.682908864578));
#3801 = CARTESIAN_POINT('',(83.775295155304,7.,43.998001173671));
#3802 = CARTESIAN_POINT('',(83.187799169988,7.,43.337402171478));
#3803 = CARTESIAN_POINT('',(81.871183888489,7.,41.973246493357));
#3804 = CARTESIAN_POINT('',(81.133927633658,7.,41.277557402702));
#3805 = CARTESIAN_POINT('',(80.365305450945,7.,40.615807041718));
#3806 = CARTESIAN_POINT('',(79.567951042189,7.,39.988790814155));
#3807 = CARTESIAN_POINT('',(78.744395716059,7.,39.397090810587));
#3808 = CARTESIAN_POINT('',(77.897035710742,7.,38.841117159134));
#3809 = CARTESIAN_POINT('',(76.423524795818,7.,37.959374261969));
#3810 = CARTESIAN_POINT('',(75.808515576346,7.,37.615034841309));
#3811 = CARTESIAN_POINT('',(75.183828032627,7.,37.288226682385));
#3812 = CARTESIAN_POINT('',(74.550193614995,7.,36.979021453226));
#3813 = CARTESIAN_POINT('',(73.908317311953,7.,36.687470501768));
#3814 = CARTESIAN_POINT('',(73.258875912391,7.,36.413608435908));
#3815 = CARTESIAN_POINT('',(71.022875025165,7.,35.540984017859));
#3816 = CARTESIAN_POINT('',(69.403387541495,7.,35.027178397605));
#3817 = CARTESIAN_POINT('',(67.752795623235,7.,34.616175123211));
#3818 = CARTESIAN_POINT('',(66.079429773014,7.,34.30804024309));
#3819 = CARTESIAN_POINT('',(64.391227227297,7.,34.102694981873));
#3820 = CARTESIAN_POINT('',(62.6957210097,7.,34.000000070759));
#3821 = CARTESIAN_POINT('',(59.798391316591,7.,34.000000003792));
#3822 = CARTESIAN_POINT('',(58.596820161915,7.,34.051566530254));
#3823 = CARTESIAN_POINT('',(57.397877785013,7.,34.154693916794));
#3824 = CARTESIAN_POINT('',(56.204231749,7.,34.309406778538));
#3825 = CARTESIAN_POINT('',(55.018622338476,7.,34.515728769129));
#3826 = CARTESIAN_POINT('',(53.843861700028,7.,34.773672543991));
#3827 = CARTESIAN_POINT('',(52.205467830908,7.,35.21053738988));
#3828 = CARTESIAN_POINT('',(51.730428477042,7.,35.346550768996));
#3829 = CARTESIAN_POINT('',(51.257921950312,7.,35.491291023472));
#3830 = CARTESIAN_POINT('',(50.788157509527,7.,35.644756304998));
#3831 = CARTESIAN_POINT('',(50.321349376247,7.,35.806942956918));
#3832 = CARTESIAN_POINT('',(49.857716734783,7.,35.977845514224));
#3833 = CARTESIAN_POINT('',(48.741124087615,7.,36.413608435905));
#3834 = CARTESIAN_POINT('',(48.091682688051,7.,36.687470501767));
#3835 = CARTESIAN_POINT('',(47.449806385009,7.,36.979021453225));
#3836 = CARTESIAN_POINT('',(46.816171967378,7.,37.288226682382));
#3837 = CARTESIAN_POINT('',(46.191484423659,7.,37.615034841305));
#3838 = CARTESIAN_POINT('',(45.576475204186,7.,37.959374261968));
#3839 = CARTESIAN_POINT('',(44.102964289263,7.,38.841117159131));
#3840 = CARTESIAN_POINT('',(43.255604283945,7.,39.397090810584));
#3841 = CARTESIAN_POINT('',(42.432048957814,7.,39.988790814152));
#3842 = CARTESIAN_POINT('',(41.63469454906,7.,40.615807041715));
#3843 = CARTESIAN_POINT('',(40.866072366346,7.,41.277557402699));
#3844 = CARTESIAN_POINT('',(40.128816111514,7.,41.973246493354));
#3845 = CARTESIAN_POINT('',(38.812200830015,7.,43.337402171474));
#3846 = CARTESIAN_POINT('',(38.224704844698,7.,43.998001173667));
#3847 = CARTESIAN_POINT('',(37.664946797081,7.,44.682908864575));
#3848 = CARTESIAN_POINT('',(37.134775819911,7.,45.391246671031));
#3849 = CARTESIAN_POINT('',(36.636056009541,7.,46.121948408261));
#3850 = CARTESIAN_POINT('',(36.170626344023,7.,46.873730651207));
#3851 = CARTESIAN_POINT('',(35.493027178495,7.,48.088127282975));
#3852 = CARTESIAN_POINT('',(35.257369751207,7.,48.537651165339));
#3853 = CARTESIAN_POINT('',(35.03361071547,7.,48.993335092624));
#3854 = CARTESIAN_POINT('',(34.822073298283,7.,49.45486452323));
#3855 = CARTESIAN_POINT('',(34.623066722987,7.,49.921900302335));
#3856 = CARTESIAN_POINT('',(34.436882838258,7.,50.394077132146));
#3857 = CARTESIAN_POINT('',(34.152285904032,7.,51.178243358307));
#3858 = CARTESIAN_POINT('',(34.046212478964,7.,51.487456044206));
#3859 = CARTESIAN_POINT('',(33.945645240024,7.,51.798535504388));
#3860 = CARTESIAN_POINT('',(33.850652417364,7.,52.111373377989));
#3861 = CARTESIAN_POINT('',(33.761297703156,7.,52.425857538736));
#3862 = CARTESIAN_POINT('',(33.677640251594,7.,52.741872094944));
#3863 = CARTESIAN_POINT('',(33.429854096189,7.,53.751471899068));
#3864 = CARTESIAN_POINT('',(33.287318274061,7.,54.450374574744));
#3865 = CARTESIAN_POINT('',(33.172695481078,7.,55.154736666633));
#3866 = CARTESIAN_POINT('',(33.086424914692,7.,55.86324982803));
#3867 = CARTESIAN_POINT('',(33.028808011578,7.,56.574565243518));
#3868 = CARTESIAN_POINT('',(32.99999975797,7.,57.287292757044));
#3869 = CARTESIAN_POINT('',(32.999999911969,7.,59.039514248594));
#3870 = CARTESIAN_POINT('',(33.061283808715,7.,60.079155854937));
#3871 = CARTESIAN_POINT('',(33.183876700072,7.,61.114361175282));
#3872 = CARTESIAN_POINT('',(33.367040445585,7.,62.140848370209));
#3873 = CARTESIAN_POINT('',(33.609424896417,7.,63.154593809819));
#3874 = CARTESIAN_POINT('',(33.909146268526,7.,64.151820418296));
#3875 = CARTESIAN_POINT('',(34.436882838255,7.,65.605922867848));
#3876 = CARTESIAN_POINT('',(34.623066722984,7.,66.078099697658));
#3877 = CARTESIAN_POINT('',(34.82207329828,7.,66.545135476764));
#3878 = CARTESIAN_POINT('',(35.033610715468,7.,67.00666490737));
#3879 = CARTESIAN_POINT('',(35.257369751204,7.,67.462348834655));
#3880 = CARTESIAN_POINT('',(35.493027178492,7.,67.911872717019));
#3881 = CARTESIAN_POINT('',(36.17062634402,7.,69.126269348788));
#3882 = CARTESIAN_POINT('',(36.636056009536,7.,69.878051591731));
#3883 = CARTESIAN_POINT('',(37.134775819908,7.,70.608753328966));
#3884 = CARTESIAN_POINT('',(37.664946797077,7.,71.317091135422));
#3885 = CARTESIAN_POINT('',(38.224704844693,7.,72.001998826324));
#3886 = CARTESIAN_POINT('',(38.812200830011,7.,72.662597828522));
#3887 = CARTESIAN_POINT('',(40.128816111509,7.,74.026753506642));
#3888 = CARTESIAN_POINT('',(40.866072366341,7.,74.722442597296));
#3889 = CARTESIAN_POINT('',(41.634694549054,7.,75.38419295828));
#3890 = CARTESIAN_POINT('',(42.432048957809,7.,76.011209185844));
#3891 = CARTESIAN_POINT('',(43.255604283939,7.,76.602909189412));
#3892 = CARTESIAN_POINT('',(44.102964289257,7.,77.158882840865));
#3893 = CARTESIAN_POINT('',(45.57647520418,7.,78.040625738029));
#3894 = CARTESIAN_POINT('',(46.191484423653,7.,78.384965158691));
#3895 = CARTESIAN_POINT('',(46.816171967372,7.,78.711773317614));
#3896 = CARTESIAN_POINT('',(47.449806385003,7.,79.020978546773));
#3897 = CARTESIAN_POINT('',(48.091682688045,7.,79.312529498231));
#3898 = CARTESIAN_POINT('',(48.741124087608,7.,79.586391564092));
#3899 = CARTESIAN_POINT('',(49.857716734776,7.,80.022154485774));
#3900 = CARTESIAN_POINT('',(50.321349376241,7.,80.19305704308));
#3901 = CARTESIAN_POINT('',(50.788157509521,7.,80.355243695));
#3902 = CARTESIAN_POINT('',(51.257921950306,7.,80.508708976526));
#3903 = CARTESIAN_POINT('',(51.730428477036,7.,80.653449231002));
#3904 = CARTESIAN_POINT('',(52.205467830901,7.,80.789462610119));
#3905 = CARTESIAN_POINT('',(53.843861700022,7.,81.226327456007));
#3906 = CARTESIAN_POINT('',(55.01862233847,7.,81.484271230873));
#3907 = CARTESIAN_POINT('',(56.204231748993,7.,81.69059322146));
#3908 = CARTESIAN_POINT('',(57.397877785006,7.,81.845306083204));
#3909 = CARTESIAN_POINT('',(58.596820161909,7.,81.948433469748));
#3910 = CARTESIAN_POINT('',(59.798391316584,7.,81.999999996207));
#3911 = CARTESIAN_POINT('',(62.695721009692,7.,81.999999929243));
#3912 = CARTESIAN_POINT('',(64.391227227295,7.,81.897305018124));
#3913 = CARTESIAN_POINT('',(66.079429773007,7.,81.691959756913));
#3914 = CARTESIAN_POINT('',(67.752795623227,7.,81.383824876793));
#3915 = CARTESIAN_POINT('',(69.403387541492,7.,80.972821602393));
#3916 = CARTESIAN_POINT('',(71.02287502516,7.,80.459015982144));
#3917 = CARTESIAN_POINT('',(73.258875912385,7.,79.586391564094));
#3918 = CARTESIAN_POINT('',(73.908317311949,7.,79.312529498234));
#3919 = CARTESIAN_POINT('',(74.550193614992,7.,79.020978546775));
#3920 = CARTESIAN_POINT('',(75.183828032622,7.,78.711773317617));
#3921 = CARTESIAN_POINT('',(75.808515576341,7.,78.384965158694));
#3922 = CARTESIAN_POINT('',(76.423524795815,7.,78.040625738033));
#3923 = CARTESIAN_POINT('',(77.897035710738,7.,77.158882840868));
#3924 = CARTESIAN_POINT('',(78.744395716055,7.,76.602909189416));
#3925 = CARTESIAN_POINT('',(79.567951042186,7.,76.011209185848));
#3926 = CARTESIAN_POINT('',(80.365305450941,7.,75.384192958284));
#3927 = CARTESIAN_POINT('',(81.133927633655,7.,74.7224425973));
#3928 = CARTESIAN_POINT('',(81.871183888486,7.,74.026753506646));
#3929 = CARTESIAN_POINT('',(83.187799169982,7.,72.662597828527));
#3930 = CARTESIAN_POINT('',(83.775295155308,7.,72.001998826328));
#3931 = CARTESIAN_POINT('',(84.335053202916,7.,71.317091135426));
#3932 = CARTESIAN_POINT('',(84.865224180086,7.,70.608753328971));
#3933 = CARTESIAN_POINT('',(85.363943990464,7.,69.878051591736));
#3934 = CARTESIAN_POINT('',(85.829373655975,7.,69.126269348793));
#3935 = CARTESIAN_POINT('',(87.013412222086,7.,67.004229774855));
#3936 = CARTESIAN_POINT('',(87.659921931596,7.,65.592978033641));
#3937 = CARTESIAN_POINT('',(88.18915839119,7.,64.130241301593));
#3938 = CARTESIAN_POINT('',(88.592750296313,7.,62.626581417646));
#3939 = CARTESIAN_POINT('',(88.864334420682,7.,61.094121282461));
#3940 = CARTESIAN_POINT('',(89.000000184579,7.,59.546649699415));
#3941 = CARTESIAN_POINT('',(89.,7.,58.));
#3942 = PCURVE('',#459,#3943);
#3943 = DEFINITIONAL_REPRESENTATION('',(#3944),#4097);
#3944 = B_SPLINE_CURVE_WITH_KNOTS('',7,(#3945,#3946,#3947,#3948,#3949,
    #3950,#3951,#3952,#3953,#3954,#3955,#3956,#3957,#3958,#3959,#3960,
    #3961,#3962,#3963,#3964,#3965,#3966,#3967,#3968,#3969,#3970,#3971,
    #3972,#3973,#3974,#3975,#3976,#3977,#3978,#3979,#3980,#3981,#3982,
    #3983,#3984,#3985,#3986,#3987,#3988,#3989,#3990,#3991,#3992,#3993,
    #3994,#3995,#3996,#3997,#3998,#3999,#4000,#4001,#4002,#4003,#4004,
    #4005,#4006,#4007,#4008,#4009,#4010,#4011,#4012,#4013,#4014,#4015,
    #4016,#4017,#4018,#4019,#4020,#4021,#4022,#4023,#4024,#4025,#4026,
    #4027,#4028,#4029,#4030,#4031,#4032,#4033,#4034,#4035,#4036,#4037,
    #4038,#4039,#4040,#4041,#4042,#4043,#4044,#4045,#4046,#4047,#4048,
    #4049,#4050,#4051,#4052,#4053,#4054,#4055,#4056,#4057,#4058,#4059,
    #4060,#4061,#4062,#4063,#4064,#4065,#4066,#4067,#4068,#4069,#4070,
    #4071,#4072,#4073,#4074,#4075,#4076,#4077,#4078,#4079,#4080,#4081,
    #4082,#4083,#4084,#4085,#4086,#4087,#4088,#4089,#4090,#4091,#4092,
    #4093,#4094,#4095,#4096),.UNSPECIFIED.,.F.,.F.,(8,6,6,6,6,6,6,6,6,6,
    6,6,6,6,6,6,6,6,6,6,6,6,6,6,6,8),(0.,6.618517809349E-02,
    0.103980141374,0.14730539754,0.177449580991,0.249996666177,
    0.301404435559,0.32254127068,0.352685497016,0.396010814821,
    0.433805831873,0.455516451862,0.469502721115,0.50000103782,
    0.544484149245,0.566194740584,0.60398970776,0.647314968393,
    0.67745915495,0.698595962179,0.750003663722,0.822550653174,
    0.852694796846,0.896019995839,0.933814909245,1.),.UNSPECIFIED.);
#3945 = CARTESIAN_POINT('',(1.42108547152E-14,27.467299166349));
#3946 = CARTESIAN_POINT('',(1.546649699419,27.467299350933));
#3947 = CARTESIAN_POINT('',(3.094121282445,27.331633587011));
#3948 = CARTESIAN_POINT('',(4.62658141767,27.060049462701));
#3949 = CARTESIAN_POINT('',(6.130241301566,26.6564575575));
#3950 = CARTESIAN_POINT('',(7.592978033654,26.127221097969));
#3951 = CARTESIAN_POINT('',(9.004229774848,25.48071138843));
#3952 = CARTESIAN_POINT('',(11.126269348789,24.296672822329));
#3953 = CARTESIAN_POINT('',(11.878051591736,23.831243156809));
#3954 = CARTESIAN_POINT('',(12.608753328966,23.332523346441));
#3955 = CARTESIAN_POINT('',(13.317091135422,22.802352369271));
#3956 = CARTESIAN_POINT('',(14.001998826329,22.242594321653));
#3957 = CARTESIAN_POINT('',(14.662597828522,21.655098336337));
#3958 = CARTESIAN_POINT('',(16.026753506643,20.338483054837));
#3959 = CARTESIAN_POINT('',(16.722442597298,19.601226800007));
#3960 = CARTESIAN_POINT('',(17.384192958282,18.832604617293));
#3961 = CARTESIAN_POINT('',(18.011209185845,18.035250208538));
#3962 = CARTESIAN_POINT('',(18.602909189413,17.211694882408));
#3963 = CARTESIAN_POINT('',(19.158882840866,16.364334877091));
#3964 = CARTESIAN_POINT('',(20.040625738031,14.890823962166));
#3965 = CARTESIAN_POINT('',(20.384965158691,14.275814742695));
#3966 = CARTESIAN_POINT('',(20.711773317615,13.651127198976));
#3967 = CARTESIAN_POINT('',(21.020978546774,13.017492781344));
#3968 = CARTESIAN_POINT('',(21.312529498232,12.375616478302));
#3969 = CARTESIAN_POINT('',(21.586391564092,11.72617507874));
#3970 = CARTESIAN_POINT('',(22.459015982141,9.490174191514));
#3971 = CARTESIAN_POINT('',(22.972821602395,7.870686707844));
#3972 = CARTESIAN_POINT('',(23.383824876789,6.220094789584));
#3973 = CARTESIAN_POINT('',(23.69195975691,4.546728939363));
#3974 = CARTESIAN_POINT('',(23.897305018127,2.858526393646));
#3975 = CARTESIAN_POINT('',(23.999999929241,1.163020176049));
#3976 = CARTESIAN_POINT('',(23.999999996208,-1.734309517061));
#3977 = CARTESIAN_POINT('',(23.948433469746,-2.935880671736));
#3978 = CARTESIAN_POINT('',(23.845306083206,-4.134823048639));
#3979 = CARTESIAN_POINT('',(23.690593221462,-5.328469084651));
#3980 = CARTESIAN_POINT('',(23.484271230872,-6.514078495175));
#3981 = CARTESIAN_POINT('',(23.226327456009,-7.688839133623));
#3982 = CARTESIAN_POINT('',(22.78946261012,-9.327233002744));
#3983 = CARTESIAN_POINT('',(22.653449231004,-9.802272356609));
#3984 = CARTESIAN_POINT('',(22.508708976528,-10.27477888333));
#3985 = CARTESIAN_POINT('',(22.355243695002,-10.74454332412));
#3986 = CARTESIAN_POINT('',(22.193057043082,-11.2113514574));
#3987 = CARTESIAN_POINT('',(22.022154485776,-11.67498409886));
#3988 = CARTESIAN_POINT('',(21.586391564095,-12.79157674603));
#3989 = CARTESIAN_POINT('',(21.312529498233,-13.4410181456));
#3990 = CARTESIAN_POINT('',(21.020978546775,-14.08289444864));
#3991 = CARTESIAN_POINT('',(20.711773317618,-14.71652886627));
#3992 = CARTESIAN_POINT('',(20.384965158695,-15.34121640999));
#3993 = CARTESIAN_POINT('',(20.040625738032,-15.95622562946));
#3994 = CARTESIAN_POINT('',(19.158882840869,-17.42973654438));
#3995 = CARTESIAN_POINT('',(18.602909189416,-18.2770965497));
#3996 = CARTESIAN_POINT('',(18.011209185848,-19.10065187583));
#3997 = CARTESIAN_POINT('',(17.384192958285,-19.89800628459));
#3998 = CARTESIAN_POINT('',(16.722442597301,-20.6666284673));
#3999 = CARTESIAN_POINT('',(16.026753506646,-21.40388472213));
#4000 = CARTESIAN_POINT('',(14.662597828526,-22.72050000363));
#4001 = CARTESIAN_POINT('',(14.001998826333,-23.30799598895));
#4002 = CARTESIAN_POINT('',(13.317091135425,-23.86775403657));
#4003 = CARTESIAN_POINT('',(12.608753328969,-24.39792501374));
#4004 = CARTESIAN_POINT('',(11.878051591739,-24.89664482411));
#4005 = CARTESIAN_POINT('',(11.126269348793,-25.36207448962));
#4006 = CARTESIAN_POINT('',(9.911872717025,-26.03967365515));
#4007 = CARTESIAN_POINT('',(9.462348834661,-26.27533108244));
#4008 = CARTESIAN_POINT('',(9.006664907376,-26.49909011818));
#4009 = CARTESIAN_POINT('',(8.54513547677,-26.71062753536));
#4010 = CARTESIAN_POINT('',(8.078099697665,-26.90963411066));
#4011 = CARTESIAN_POINT('',(7.605922867854,-27.09581799539));
#4012 = CARTESIAN_POINT('',(6.821756641693,-27.38041492961));
#4013 = CARTESIAN_POINT('',(6.512543955794,-27.48648835468));
#4014 = CARTESIAN_POINT('',(6.201464495612,-27.58705559362));
#4015 = CARTESIAN_POINT('',(5.888626622011,-27.68204841628));
#4016 = CARTESIAN_POINT('',(5.574142461264,-27.77140313049));
#4017 = CARTESIAN_POINT('',(5.258127905056,-27.85506058205));
#4018 = CARTESIAN_POINT('',(4.248528100932,-28.10284673746));
#4019 = CARTESIAN_POINT('',(3.549625425256,-28.24538255959));
#4020 = CARTESIAN_POINT('',(2.845263333367,-28.36000535257));
#4021 = CARTESIAN_POINT('',(2.13675017197,-28.44627591895));
#4022 = CARTESIAN_POINT('',(1.425434756482,-28.50389282207));
#4023 = CARTESIAN_POINT('',(0.712707242956,-28.53270107568));
#4024 = CARTESIAN_POINT('',(-1.039514248594,-28.53270092168));
#4025 = CARTESIAN_POINT('',(-2.079155854937,-28.47141702493));
#4026 = CARTESIAN_POINT('',(-3.114361175282,-28.34882413357));
#4027 = CARTESIAN_POINT('',(-4.140848370209,-28.16566038806));
#4028 = CARTESIAN_POINT('',(-5.154593809819,-27.92327593723));
#4029 = CARTESIAN_POINT('',(-6.151820418296,-27.62355456512));
#4030 = CARTESIAN_POINT('',(-7.605922867848,-27.09581799539));
#4031 = CARTESIAN_POINT('',(-8.078099697658,-26.90963411066));
#4032 = CARTESIAN_POINT('',(-8.545135476764,-26.71062753537));
#4033 = CARTESIAN_POINT('',(-9.00666490737,-26.49909011818));
#4034 = CARTESIAN_POINT('',(-9.462348834655,-26.27533108244));
#4035 = CARTESIAN_POINT('',(-9.911872717019,-26.03967365515));
#4036 = CARTESIAN_POINT('',(-11.12626934878,-25.36207448963));
#4037 = CARTESIAN_POINT('',(-11.87805159173,-24.89664482411));
#4038 = CARTESIAN_POINT('',(-12.60875332896,-24.39792501374));
#4039 = CARTESIAN_POINT('',(-13.31709113542,-23.86775403657));
#4040 = CARTESIAN_POINT('',(-14.00199882632,-23.30799598895));
#4041 = CARTESIAN_POINT('',(-14.66259782852,-22.72050000364));
#4042 = CARTESIAN_POINT('',(-16.02675350664,-21.40388472214));
#4043 = CARTESIAN_POINT('',(-16.72244259729,-20.66662846731));
#4044 = CARTESIAN_POINT('',(-17.38419295828,-19.89800628459));
#4045 = CARTESIAN_POINT('',(-18.01120918584,-19.10065187584));
#4046 = CARTESIAN_POINT('',(-18.60290918941,-18.27709654971));
#4047 = CARTESIAN_POINT('',(-19.15888284086,-17.42973654439));
#4048 = CARTESIAN_POINT('',(-20.04062573802,-15.95622562947));
#4049 = CARTESIAN_POINT('',(-20.38496515869,-15.34121640999));
#4050 = CARTESIAN_POINT('',(-20.71177331761,-14.71652886627));
#4051 = CARTESIAN_POINT('',(-21.02097854677,-14.08289444864));
#4052 = CARTESIAN_POINT('',(-21.31252949823,-13.4410181456));
#4053 = CARTESIAN_POINT('',(-21.58639156409,-12.79157674604));
#4054 = CARTESIAN_POINT('',(-22.02215448577,-11.67498409887));
#4055 = CARTESIAN_POINT('',(-22.19305704308,-11.21135145741));
#4056 = CARTESIAN_POINT('',(-22.355243695,-10.74454332413));
#4057 = CARTESIAN_POINT('',(-22.50870897652,-10.27477888334));
#4058 = CARTESIAN_POINT('',(-22.653449231,-9.802272356615));
#4059 = CARTESIAN_POINT('',(-22.78946261011,-9.32723300275));
#4060 = CARTESIAN_POINT('',(-23.226327456,-7.688839133629));
#4061 = CARTESIAN_POINT('',(-23.48427123087,-6.514078495181));
#4062 = CARTESIAN_POINT('',(-23.69059322146,-5.328469084658));
#4063 = CARTESIAN_POINT('',(-23.8453060832,-4.134823048645));
#4064 = CARTESIAN_POINT('',(-23.94843346974,-2.935880671742));
#4065 = CARTESIAN_POINT('',(-23.9999999962,-1.734309517067));
#4066 = CARTESIAN_POINT('',(-23.99999992924,1.163020176041));
#4067 = CARTESIAN_POINT('',(-23.89730501812,2.858526393644));
#4068 = CARTESIAN_POINT('',(-23.69195975691,4.546728939356));
#4069 = CARTESIAN_POINT('',(-23.38382487679,6.220094789575));
#4070 = CARTESIAN_POINT('',(-22.97282160239,7.870686707841));
#4071 = CARTESIAN_POINT('',(-22.45901598214,9.490174191509));
#4072 = CARTESIAN_POINT('',(-21.58639156409,11.726175078734));
#4073 = CARTESIAN_POINT('',(-21.31252949823,12.375616478298));
#4074 = CARTESIAN_POINT('',(-21.02097854677,13.017492781341));
#4075 = CARTESIAN_POINT('',(-20.71177331761,13.651127198971));
#4076 = CARTESIAN_POINT('',(-20.38496515869,14.27581474269));
#4077 = CARTESIAN_POINT('',(-20.04062573803,14.890823962163));
#4078 = CARTESIAN_POINT('',(-19.15888284086,16.364334877087));
#4079 = CARTESIAN_POINT('',(-18.60290918941,17.211694882404));
#4080 = CARTESIAN_POINT('',(-18.01120918584,18.035250208535));
#4081 = CARTESIAN_POINT('',(-17.38419295828,18.83260461729));
#4082 = CARTESIAN_POINT('',(-16.7224425973,19.601226800003));
#4083 = CARTESIAN_POINT('',(-16.02675350664,20.338483054835));
#4084 = CARTESIAN_POINT('',(-14.66259782852,21.655098336331));
#4085 = CARTESIAN_POINT('',(-14.00199882632,22.242594321657));
#4086 = CARTESIAN_POINT('',(-13.31709113542,22.802352369265));
#4087 = CARTESIAN_POINT('',(-12.60875332897,23.332523346434));
#4088 = CARTESIAN_POINT('',(-11.87805159173,23.831243156813));
#4089 = CARTESIAN_POINT('',(-11.12626934879,24.296672822324));
#4090 = CARTESIAN_POINT('',(-9.004229774855,25.480711388435));
#4091 = CARTESIAN_POINT('',(-7.592978033641,26.127221097945));
#4092 = CARTESIAN_POINT('',(-6.130241301593,26.656457557539));
#4093 = CARTESIAN_POINT('',(-4.626581417646,27.060049462662));
#4094 = CARTESIAN_POINT('',(-3.094121282461,27.331633587031));
#4095 = CARTESIAN_POINT('',(-1.546649699415,27.467299350928));
#4096 = CARTESIAN_POINT('',(7.105427357601E-15,27.467299166349));
#4097 = ( GEOMETRIC_REPRESENTATION_CONTEXT(2) 
PARAMETRIC_REPRESENTATION_CONTEXT() REPRESENTATION_CONTEXT('2D SPACE',''
  ) );
#4098 = PCURVE('',#2302,#4099);
#4099 = DEFINITIONAL_REPRESENTATION('',(#4100),#4157);
#4100 = B_SPLINE_CURVE_WITH_KNOTS('',7,(#4101,#4102,#4103,#4104,#4105,
    #4106,#4107,#4108,#4109,#4110,#4111,#4112,#4113,#4114,#4115,#4116,
    #4117,#4118,#4119,#4120,#4121,#4122,#4123,#4124,#4125,#4126,#4127,
    #4128,#4129,#4130,#4131,#4132,#4133,#4134,#4135,#4136,#4137,#4138,
    #4139,#4140,#4141,#4142,#4143,#4144,#4145,#4146,#4147,#4148,#4149,
    #4150,#4151,#4152,#4153,#4154,#4155,#4156),.UNSPECIFIED.,.F.,.F.,(8,
    6,6,6,6,6,6,6,6,8),(0.,6.618517809349E-02,0.103980141374,
    0.14730539754,0.177449580991,0.249996666177,0.301404435559,
    0.32254127068,0.352685497016,0.391037037799),.UNSPECIFIED.);
#4101 = CARTESIAN_POINT('',(6.28318530718,-7.));
#4102 = CARTESIAN_POINT('',(6.218741565226,-7.));
#4103 = CARTESIAN_POINT('',(6.154263613455,-7.));
#4104 = CARTESIAN_POINT('',(6.089973858594,-7.));
#4105 = CARTESIAN_POINT('',(6.026008170853,-7.));
#4106 = CARTESIAN_POINT('',(5.962473968357,-7.));
#4107 = CARTESIAN_POINT('',(5.899464344217,-7.));
#4108 = CARTESIAN_POINT('',(5.801454163347,-7.));
#4109 = CARTESIAN_POINT('',(5.766023615234,-7.));
#4110 = CARTESIAN_POINT('',(5.730798627385,-7.));
#4111 = CARTESIAN_POINT('',(5.695785593128,-7.));
#4112 = CARTESIAN_POINT('',(5.660987529391,-7.));
#4113 = CARTESIAN_POINT('',(5.62640475896,-7.));
#4114 = CARTESIAN_POINT('',(5.552635971751,-7.));
#4115 = CARTESIAN_POINT('',(5.513517385851,-7.));
#4116 = CARTESIAN_POINT('',(5.474674321914,-7.));
#4117 = CARTESIAN_POINT('',(5.436098984753,-7.));
#4118 = CARTESIAN_POINT('',(5.397780667975,-7.));
#4119 = CARTESIAN_POINT('',(5.359705794184,-7.));
#4120 = CARTESIAN_POINT('',(5.295524765189,-7.));
#4121 = CARTESIAN_POINT('',(5.269301879236,-7.));
#4122 = CARTESIAN_POINT('',(5.243183886699,-7.));
#4123 = CARTESIAN_POINT('',(5.217165223348,-7.));
#4124 = CARTESIAN_POINT('',(5.191240091311,-7.));
#4125 = CARTESIAN_POINT('',(5.165402379039,-7.));
#4126 = CARTESIAN_POINT('',(5.077657483146,-7.));
#4127 = CARTESIAN_POINT('',(5.016146716314,-7.));
#4128 = CARTESIAN_POINT('',(4.955011187528,-7.));
#4129 = CARTESIAN_POINT('',(4.894159831779,-7.));
#4130 = CARTESIAN_POINT('',(4.833504322563,-7.));
#4131 = CARTESIAN_POINT('',(4.772950423366,-7.));
#4132 = CARTESIAN_POINT('',(4.669474386556,-7.));
#4133 = CARTESIAN_POINT('',(4.626561121231,-7.));
#4134 = CARTESIAN_POINT('',(4.583612683265,-7.));
#4135 = CARTESIAN_POINT('',(4.540595207992,-7.));
#4136 = CARTESIAN_POINT('',(4.497475871639,-7.));
#4137 = CARTESIAN_POINT('',(4.454221314897,-7.));
#4138 = CARTESIAN_POINT('',(4.392941354304,-7.));
#4139 = CARTESIAN_POINT('',(4.375058007079,-7.));
#4140 = CARTESIAN_POINT('',(4.357143738086,-7.));
#4141 = CARTESIAN_POINT('',(4.339196271522,-7.));
#4142 = CARTESIAN_POINT('',(4.321213361659,-7.));
#4143 = CARTESIAN_POINT('',(4.303192792843,-7.));
#4144 = CARTESIAN_POINT('',(4.25937558173,-7.));
#4145 = CARTESIAN_POINT('',(4.233537869459,-7.));
#4146 = CARTESIAN_POINT('',(4.207612737422,-7.));
#4147 = CARTESIAN_POINT('',(4.181594074071,-7.));
#4148 = CARTESIAN_POINT('',(4.155476081534,-7.));
#4149 = CARTESIAN_POINT('',(4.129253195581,-7.));
#4150 = CARTESIAN_POINT('',(4.069417125181,-7.));
#4151 = CARTESIAN_POINT('',(4.035736345355,-7.));
#4152 = CARTESIAN_POINT('',(4.001866285015,-7.));
#4153 = CARTESIAN_POINT('',(3.967797301161,-7.));
#4154 = CARTESIAN_POINT('',(3.933521510739,-7.));
#4155 = CARTESIAN_POINT('',(3.899032812492,-7.));
#4156 = CARTESIAN_POINT('',(3.864326908807,-7.));
#4157 = ( GEOMETRIC_REPRESENTATION_CONTEXT(2) 
PARAMETRIC_REPRESENTATION_CONTEXT() REPRESENTATION_CONTEXT('2D SPACE',''
  ) );
#4158 = ADVANCED_FACE('',(#4159),#2302,.F.);
#4159 = FACE_BOUND('',#4160,.F.);
#4160 = EDGE_LOOP('',(#4161,#4183,#4203,#4204,#4205,#4206));
#4161 = ORIENTED_EDGE('',*,*,#4162,.F.);
#4162 = EDGE_CURVE('',#4163,#1618,#4165,.T.);
#4163 = VERTEX_POINT('',#4164);
#4164 = CARTESIAN_POINT('',(89.,0.,58.));
#4165 = SURFACE_CURVE('',#4166,(#4171,#4177),.PCURVE_S1.);
#4166 = ELLIPSE('',#4167,28.,24.);
#4167 = AXIS2_PLACEMENT_3D('',#4168,#4169,#4170);
#4168 = CARTESIAN_POINT('',(61.,0.,58.));
#4169 = DIRECTION('',(0.,-1.,0.));
#4170 = DIRECTION('',(1.,0.,0.));
#4171 = PCURVE('',#2302,#4172);
#4172 = DEFINITIONAL_REPRESENTATION('',(#4173),#4176);
#4173 = B_SPLINE_CURVE_WITH_KNOTS('',1,(#4174,#4175),.UNSPECIFIED.,.F.,
  .F.,(2,2),(0.,2.418858405776),.PIECEWISE_BEZIER_KNOTS.);
#4174 = CARTESIAN_POINT('',(6.28318530718,0.));
#4175 = CARTESIAN_POINT('',(8.702043712956,0.));
#4176 = ( GEOMETRIC_REPRESENTATION_CONTEXT(2) 
PARAMETRIC_REPRESENTATION_CONTEXT() REPRESENTATION_CONTEXT('2D SPACE',''
  ) );
#4177 = PCURVE('',#1579,#4178);
#4178 = DEFINITIONAL_REPRESENTATION('',(#4179),#4182);
#4179 = B_SPLINE_CURVE_WITH_KNOTS('',1,(#4180,#4181),.UNSPECIFIED.,.F.,
  .F.,(2,2),(0.,2.418858405776),.PIECEWISE_BEZIER_KNOTS.);
#4180 = CARTESIAN_POINT('',(6.28318530718,0.));
#4181 = CARTESIAN_POINT('',(8.702043712956,0.));
#4182 = ( GEOMETRIC_REPRESENTATION_CONTEXT(2) 
PARAMETRIC_REPRESENTATION_CONTEXT() REPRESENTATION_CONTEXT('2D SPACE',''
  ) );
#4183 = ORIENTED_EDGE('',*,*,#4184,.F.);
#4184 = EDGE_CURVE('',#1518,#4163,#4185,.T.);
#4185 = SURFACE_CURVE('',#4186,(#4191,#4197),.PCURVE_S1.);
#4186 = ELLIPSE('',#4187,28.,24.);
#4187 = AXIS2_PLACEMENT_3D('',#4188,#4189,#4190);
#4188 = CARTESIAN_POINT('',(61.,0.,58.));
#4189 = DIRECTION('',(0.,-1.,0.));
#4190 = DIRECTION('',(1.,0.,0.));
#4191 = PCURVE('',#2302,#4192);
#4192 = DEFINITIONAL_REPRESENTATION('',(#4193),#4196);
#4193 = B_SPLINE_CURVE_WITH_KNOTS('',1,(#4194,#4195),.UNSPECIFIED.,.F.,
  .F.,(2,2),(3.864326901403,6.28318530718),.PIECEWISE_BEZIER_KNOTS.);
#4194 = CARTESIAN_POINT('',(3.864326901403,0.));
#4195 = CARTESIAN_POINT('',(6.28318530718,0.));
#4196 = ( GEOMETRIC_REPRESENTATION_CONTEXT(2) 
PARAMETRIC_REPRESENTATION_CONTEXT() REPRESENTATION_CONTEXT('2D SPACE',''
  ) );
#4197 = PCURVE('',#1579,#4198);
#4198 = DEFINITIONAL_REPRESENTATION('',(#4199),#4202);
#4199 = B_SPLINE_CURVE_WITH_KNOTS('',1,(#4200,#4201),.UNSPECIFIED.,.F.,
  .F.,(2,2),(3.864326901403,6.28318530718),.PIECEWISE_BEZIER_KNOTS.);
#4200 = CARTESIAN_POINT('',(3.864326901403,0.));
#4201 = CARTESIAN_POINT('',(6.28318530718,0.));
#4202 = ( GEOMETRIC_REPRESENTATION_CONTEXT(2) 
PARAMETRIC_REPRESENTATION_CONTEXT() REPRESENTATION_CONTEXT('2D SPACE',''
  ) );
#4203 = ORIENTED_EDGE('',*,*,#2344,.T.);
#4204 = ORIENTED_EDGE('',*,*,#3787,.F.);
#4205 = ORIENTED_EDGE('',*,*,#3413,.F.);
#4206 = ORIENTED_EDGE('',*,*,#2236,.T.);
#4207 = ADVANCED_FACE('',(#4208),#2004,.T.);
#4208 = FACE_BOUND('',#4209,.T.);
#4209 = EDGE_LOOP('',(#4210,#4211,#4235,#4269));
#4210 = ORIENTED_EDGE('',*,*,#1989,.T.);
#4211 = ORIENTED_EDGE('',*,*,#4212,.T.);
#4212 = EDGE_CURVE('',#1963,#4213,#4215,.T.);
#4213 = VERTEX_POINT('',#4214);
#4214 = CARTESIAN_POINT('',(50.,0.,98.5));
#4215 = SEAM_CURVE('',#4216,(#4221,#4228),.PCURVE_S1.);
#4216 = CIRCLE('',#4217,1.5);
#4217 = AXIS2_PLACEMENT_3D('',#4218,#4219,#4220);
#4218 = CARTESIAN_POINT('',(51.5,0.,98.5));
#4219 = DIRECTION('',(0.,-1.,0.));
#4220 = DIRECTION('',(1.,0.,0.));
#4221 = PCURVE('',#2004,#4222);
#4222 = DEFINITIONAL_REPRESENTATION('',(#4223),#4227);
#4223 = LINE('',#4224,#4225);
#4224 = CARTESIAN_POINT('',(0.,0.));
#4225 = VECTOR('',#4226,1.);
#4226 = DIRECTION('',(0.,1.));
#4227 = ( GEOMETRIC_REPRESENTATION_CONTEXT(2) 
PARAMETRIC_REPRESENTATION_CONTEXT() REPRESENTATION_CONTEXT('2D SPACE',''
  ) );
#4228 = PCURVE('',#2004,#4229);
#4229 = DEFINITIONAL_REPRESENTATION('',(#4230),#4234);
#4230 = LINE('',#4231,#4232);
#4231 = CARTESIAN_POINT('',(6.28318530718,0.));
#4232 = VECTOR('',#4233,1.);
#4233 = DIRECTION('',(0.,1.));
#4234 = ( GEOMETRIC_REPRESENTATION_CONTEXT(2) 
PARAMETRIC_REPRESENTATION_CONTEXT() REPRESENTATION_CONTEXT('2D SPACE',''
  ) );
#4235 = ORIENTED_EDGE('',*,*,#4236,.F.);
#4236 = EDGE_CURVE('',#4213,#4213,#4237,.T.);
#4237 = SURFACE_CURVE('',#4238,(#4243,#4250),.PCURVE_S1.);
#4238 = CIRCLE('',#4239,50.);
#4239 = AXIS2_PLACEMENT_3D('',#4240,#4241,#4242);
#4240 = CARTESIAN_POINT('',(0.,0.,98.5));
#4241 = DIRECTION('',(0.,0.,1.));
#4242 = DIRECTION('',(1.,0.,-0.));
#4243 = PCURVE('',#2004,#4244);
#4244 = DEFINITIONAL_REPRESENTATION('',(#4245),#4249);
#4245 = LINE('',#4246,#4247);
#4246 = CARTESIAN_POINT('',(0.,3.14159265359));
#4247 = VECTOR('',#4248,1.);
#4248 = DIRECTION('',(1.,0.));
#4249 = ( GEOMETRIC_REPRESENTATION_CONTEXT(2) 
PARAMETRIC_REPRESENTATION_CONTEXT() REPRESENTATION_CONTEXT('2D SPACE',''
  ) );
#4250 = PCURVE('',#4251,#4263);
#4251 = SURFACE_OF_REVOLUTION('',#4252,#4260);
#4252 = B_SPLINE_CURVE_WITH_KNOTS('',3,(#4253,#4254,#4255,#4256,#4257,
    #4258,#4259),.UNSPECIFIED.,.F.,.F.,(4,1,1,1,4),(0.,18.741664813991,
    43.98547593672,74.188952557798,82.435163809033),.UNSPECIFIED.);
#4253 = CARTESIAN_POINT('',(50.,0.,98.5));
#4254 = CARTESIAN_POINT('',(48.937667456241,0.,92.343397827134));
#4255 = CARTESIAN_POINT('',(46.666565456048,0.,77.856852154263));
#4256 = CARTESIAN_POINT('',(42.814685389116,0.,53.438414706915));
#4257 = CARTESIAN_POINT('',(41.87864269837,0.,32.081888116448));
#4258 = CARTESIAN_POINT('',(38.792022864162,-0.,19.644087806772));
#4259 = CARTESIAN_POINT('',(38.,0.,17.));
#4260 = AXIS1_PLACEMENT('',#4261,#4262);
#4261 = CARTESIAN_POINT('',(0.,0.,0.));
#4262 = DIRECTION('',(0.,0.,1.));
#4263 = DEFINITIONAL_REPRESENTATION('',(#4264),#4268);
#4264 = LINE('',#4265,#4266);
#4265 = CARTESIAN_POINT('',(0.,0.));
#4266 = VECTOR('',#4267,1.);
#4267 = DIRECTION('',(1.,0.));
#4268 = ( GEOMETRIC_REPRESENTATION_CONTEXT(2) 
PARAMETRIC_REPRESENTATION_CONTEXT() REPRESENTATION_CONTEXT('2D SPACE',''
  ) );
#4269 = ORIENTED_EDGE('',*,*,#4212,.F.);
#4270 = ADVANCED_FACE('',(#4271),#1579,.T.);
#4271 = FACE_BOUND('',#4272,.T.);
#4272 = EDGE_LOOP('',(#4273,#4274,#4275,#4276,#4277,#4278));
#4273 = ORIENTED_EDGE('',*,*,#4162,.F.);
#4274 = ORIENTED_EDGE('',*,*,#4184,.F.);
#4275 = ORIENTED_EDGE('',*,*,#1517,.T.);
#4276 = ORIENTED_EDGE('',*,*,#3034,.F.);
#4277 = ORIENTED_EDGE('',*,*,#2660,.F.);
#4278 = ORIENTED_EDGE('',*,*,#1644,.T.);
#4279 = ADVANCED_FACE('',(#4280,#4317),#1069,.T.);
#4280 = FACE_BOUND('',#4281,.T.);
#4281 = EDGE_LOOP('',(#4282));
#4282 = ORIENTED_EDGE('',*,*,#4283,.T.);
#4283 = EDGE_CURVE('',#4284,#4284,#4286,.T.);
#4284 = VERTEX_POINT('',#4285);
#4285 = CARTESIAN_POINT('',(41.5,0.,16.));
#4286 = SURFACE_CURVE('',#4287,(#4292,#4299),.PCURVE_S1.);
#4287 = CIRCLE('',#4288,41.5);
#4288 = AXIS2_PLACEMENT_3D('',#4289,#4290,#4291);
#4289 = CARTESIAN_POINT('',(0.,0.,16.));
#4290 = DIRECTION('',(0.,0.,1.));
#4291 = DIRECTION('',(1.,0.,-0.));
#4292 = PCURVE('',#1069,#4293);
#4293 = DEFINITIONAL_REPRESENTATION('',(#4294),#4298);
#4294 = CIRCLE('',#4295,41.5);
#4295 = AXIS2_PLACEMENT_2D('',#4296,#4297);
#4296 = CARTESIAN_POINT('',(0.,0.));
#4297 = DIRECTION('',(1.,0.));
#4298 = ( GEOMETRIC_REPRESENTATION_CONTEXT(2) 
PARAMETRIC_REPRESENTATION_CONTEXT() REPRESENTATION_CONTEXT('2D SPACE',''
  ) );
#4299 = PCURVE('',#4300,#4311);
#4300 = SURFACE_OF_REVOLUTION('',#4301,#4308);
#4301 = B_SPLINE_CURVE_WITH_KNOTS('',3,(#4302,#4303,#4304,#4305,#4306,
    #4307),.UNSPECIFIED.,.F.,.F.,(4,1,1,4),(0.,3.35410196625,
    11.898105711567,17.488275655317),.UNSPECIFIED.);
#4302 = CARTESIAN_POINT('',(45.5,0.,0.));
#4303 = CARTESIAN_POINT('',(46.405458911106,0.,0.970244912868));
#4304 = CARTESIAN_POINT('',(48.025281729057,0.,4.53412324681));
#4305 = CARTESIAN_POINT('',(44.51114849722,0.,10.150218023903));
#4306 = CARTESIAN_POINT('',(41.896499353949,-0.,14.418821754712));
#4307 = CARTESIAN_POINT('',(41.5,0.,16.));
#4308 = AXIS1_PLACEMENT('',#4309,#4310);
#4309 = CARTESIAN_POINT('',(0.,0.,0.));
#4310 = DIRECTION('',(0.,0.,1.));
#4311 = DEFINITIONAL_REPRESENTATION('',(#4312),#4316);
#4312 = LINE('',#4313,#4314);
#4313 = CARTESIAN_POINT('',(0.,17.488275655317));
#4314 = VECTOR('',#4315,1.);
#4315 = DIRECTION('',(1.,0.));
#4316 = ( GEOMETRIC_REPRESENTATION_CONTEXT(2) 
PARAMETRIC_REPRESENTATION_CONTEXT() REPRESENTATION_CONTEXT('2D SPACE',''
  ) );
#4317 = FACE_BOUND('',#4318,.T.);
#4318 = EDGE_LOOP('',(#4319));
#4319 = ORIENTED_EDGE('',*,*,#623,.T.);
#4320 = ADVANCED_FACE('',(#4321),#4251,.T.);
#4321 = FACE_BOUND('',#4322,.T.);
#4322 = EDGE_LOOP('',(#4323,#4350,#4351,#4352,#4461,#4756,#4865,#4892,
    #5001,#5296,#5342,#5442,#5469,#5496,#5497,#5606,#5647,#5942,#6040,
    #6041,#6141,#6436));
#4323 = ORIENTED_EDGE('',*,*,#4324,.F.);
#4324 = EDGE_CURVE('',#4213,#4325,#4327,.T.);
#4325 = VERTEX_POINT('',#4326);
#4326 = CARTESIAN_POINT('',(48.964479055073,0.,92.331741156301));
#4327 = SEAM_CURVE('',#4328,(#4336,#4343),.PCURVE_S1.);
#4328 = B_SPLINE_CURVE_WITH_KNOTS('',3,(#4329,#4330,#4331,#4332,#4333,
    #4334,#4335),.UNSPECIFIED.,.F.,.F.,(4,1,1,1,4),(0.,18.741664813991,
    43.98547593672,74.188952557798,82.435163809033),.UNSPECIFIED.);
#4329 = CARTESIAN_POINT('',(50.,0.,98.5));
#4330 = CARTESIAN_POINT('',(48.937667456241,0.,92.343397827134));
#4331 = CARTESIAN_POINT('',(46.666565456048,0.,77.856852154263));
#4332 = CARTESIAN_POINT('',(42.814685389116,0.,53.438414706915));
#4333 = CARTESIAN_POINT('',(41.87864269837,0.,32.081888116448));
#4334 = CARTESIAN_POINT('',(38.792022864162,-0.,19.644087806772));
#4335 = CARTESIAN_POINT('',(38.,0.,17.));
#4336 = PCURVE('',#4251,#4337);
#4337 = DEFINITIONAL_REPRESENTATION('',(#4338),#4342);
#4338 = LINE('',#4339,#4340);
#4339 = CARTESIAN_POINT('',(0.,0.));
#4340 = VECTOR('',#4341,1.);
#4341 = DIRECTION('',(0.,1.));
#4342 = ( GEOMETRIC_REPRESENTATION_CONTEXT(2) 
PARAMETRIC_REPRESENTATION_CONTEXT() REPRESENTATION_CONTEXT('2D SPACE',''
  ) );
#4343 = PCURVE('',#4251,#4344);
#4344 = DEFINITIONAL_REPRESENTATION('',(#4345),#4349);
#4345 = LINE('',#4346,#4347);
#4346 = CARTESIAN_POINT('',(6.28318530718,0.));
#4347 = VECTOR('',#4348,1.);
#4348 = DIRECTION('',(0.,1.));
#4349 = ( GEOMETRIC_REPRESENTATION_CONTEXT(2) 
PARAMETRIC_REPRESENTATION_CONTEXT() REPRESENTATION_CONTEXT('2D SPACE',''
  ) );
#4350 = ORIENTED_EDGE('',*,*,#4236,.T.);
#4351 = ORIENTED_EDGE('',*,*,#4324,.T.);
#4352 = ORIENTED_EDGE('',*,*,#4353,.T.);
#4353 = EDGE_CURVE('',#4325,#4354,#4356,.T.);
#4354 = VERTEX_POINT('',#4355);
#4355 = CARTESIAN_POINT('',(48.436111669928,-7.,92.178069798101));
#4356 = SURFACE_CURVE('',#4357,(#4387,#4420),.PCURVE_S1.);
#4357 = B_SPLINE_CURVE_WITH_KNOTS('',4,(#4358,#4359,#4360,#4361,#4362,
    #4363,#4364,#4365,#4366,#4367,#4368,#4369,#4370,#4371,#4372,#4373,
    #4374,#4375,#4376,#4377,#4378,#4379,#4380,#4381,#4382,#4383,#4384,
    #4385,#4386),.UNSPECIFIED.,.F.,.F.,(5,3,3,3,3,3,3,3,3,5),(0.,
    1.03562655324E-02,0.13165074012,0.253010789403,0.374420197269,
    0.495863010559,0.617443661486,0.739107325056,0.860960091318,1.),
  .UNSPECIFIED.);
#4358 = CARTESIAN_POINT('',(48.964479055073,-1.24344978758E-14,
    92.331741156301));
#4359 = CARTESIAN_POINT('',(48.964479055073,-1.816390270351E-02,
    92.331741156301));
#4360 = CARTESIAN_POINT('',(48.964469632649,-3.632780540776E-02,
    92.331738480728));
#4361 = CARTESIAN_POINT('',(48.964450787799,-5.449170384308E-02,
    92.331733129582));
#4362 = CARTESIAN_POINT('',(48.964091448854,-0.285394391808,
    92.331631091893));
#4363 = CARTESIAN_POINT('',(48.962467851967,-0.498132018089,
    92.331170052397));
#4364 = CARTESIAN_POINT('',(48.9595517064,-0.710861618589,
    92.330341911212));
#4365 = CARTESIAN_POINT('',(48.951131448174,-1.136406021227,
    92.327948915722));
#4366 = CARTESIAN_POINT('',(48.945625937313,-1.34922080564,
    92.326383663278));
#4367 = CARTESIAN_POINT('',(48.93882588474,-1.562013789972,
    92.324449046649));
#4368 = CARTESIAN_POINT('',(48.922632262984,-1.987628822494,
    92.319836555062));
#4369 = CARTESIAN_POINT('',(48.913237640234,-2.200450845664,
    92.317158377946));
#4370 = CARTESIAN_POINT('',(48.902546280622,-2.413237165582,
    92.314106940338));
#4371 = CARTESIAN_POINT('',(48.878565106508,-2.838782880206,
    92.307251264156));
#4372 = CARTESIAN_POINT('',(48.865274578049,-3.051542249708,
    92.303446818406));
#4373 = CARTESIAN_POINT('',(48.850684915517,-3.26425183059,
    92.299263566046));
#4374 = CARTESIAN_POINT('',(48.818887072028,-3.689798474517,
    92.290127165409));
#4375 = CARTESIAN_POINT('',(48.801675938109,-3.902635406485,
    92.285173148325));
#4376 = CARTESIAN_POINT('',(48.783160498017,-4.115408093082,
    92.27983234321));
#4377 = CARTESIAN_POINT('',(48.743504728565,-4.540955546531,
    92.268364328222));
#4378 = CARTESIAN_POINT('',(48.722362615963,-4.753730213778,
    92.262236583443));
#4379 = CARTESIAN_POINT('',(48.699911667497,-4.966425864452,
    92.255712591831));
#4380 = CARTESIAN_POINT('',(48.6523519123,-5.391974524856,
    92.241850593898));
#4381 = CARTESIAN_POINT('',(48.627239029122,-5.604827263385,
    92.234511337562));
#4382 = CARTESIAN_POINT('',(48.600809971852,-5.817585611521,
    92.226763802973));
#4383 = CARTESIAN_POINT('',(48.541402067568,-6.272892747055,
    92.209288243259));
#4384 = CARTESIAN_POINT('',(48.508025176066,-6.515410704588,
    92.199435005111));
#4385 = CARTESIAN_POINT('',(48.472929414276,-6.757783947654,
    92.189032528541));
#4386 = CARTESIAN_POINT('',(48.436111578726,-7.0000006,92.178069770945)
  );
#4387 = PCURVE('',#4251,#4388);
#4388 = DEFINITIONAL_REPRESENTATION('',(#4389),#4419);
#4389 = B_SPLINE_CURVE_WITH_KNOTS('',4,(#4390,#4391,#4392,#4393,#4394,
    #4395,#4396,#4397,#4398,#4399,#4400,#4401,#4402,#4403,#4404,#4405,
    #4406,#4407,#4408,#4409,#4410,#4411,#4412,#4413,#4414,#4415,#4416,
    #4417,#4418),.UNSPECIFIED.,.F.,.F.,(5,3,3,3,3,3,3,3,3,5),(0.,
    1.03562655324E-02,0.13165074012,0.253010789403,0.374420197269,
    0.495863010559,0.617443661486,0.739107325056,0.860960091318,1.),
  .UNSPECIFIED.);
#4390 = CARTESIAN_POINT('',(6.28318530718,6.25431190566));
#4391 = CARTESIAN_POINT('',(6.282814346372,6.25431190566));
#4392 = CARTESIAN_POINT('',(6.282443385564,6.254314616795));
#4393 = CARTESIAN_POINT('',(6.282072424687,6.254320039065));
#4394 = CARTESIAN_POINT('',(6.277356700476,6.254423432981));
#4395 = CARTESIAN_POINT('',(6.273011918389,6.254890600347));
#4396 = CARTESIAN_POINT('',(6.26866700672,6.25572974867));
#4397 = CARTESIAN_POINT('',(6.259974353925,6.258154549381));
#4398 = CARTESIAN_POINT('',(6.255626612556,6.2597406052));
#4399 = CARTESIAN_POINT('',(6.251278519982,6.261700933598));
#4400 = CARTESIAN_POINT('',(6.242579642759,6.266374723884));
#4401 = CARTESIAN_POINT('',(6.238228857752,6.269088491943));
#4402 = CARTESIAN_POINT('',(6.23387749999,6.272180478836));
#4403 = CARTESIAN_POINT('',(6.225172221032,6.279127250972));
#4404 = CARTESIAN_POINT('',(6.220818299477,6.282982246141));
#4405 = CARTESIAN_POINT('',(6.216463584241,6.287221077206));
#4406 = CARTESIAN_POINT('',(6.207747403353,6.29647885328));
#4407 = CARTESIAN_POINT('',(6.203385935668,6.301498678627));
#4408 = CARTESIAN_POINT('',(6.199023452467,6.306910423588));
#4409 = CARTESIAN_POINT('',(6.190293257153,6.318530747058));
#4410 = CARTESIAN_POINT('',(6.185925543524,6.324739867564));
#4411 = CARTESIAN_POINT('',(6.181556594135,6.331350487337));
#4412 = CARTESIAN_POINT('',(6.17280921429,6.345396526309));
#4413 = CARTESIAN_POINT('',(6.168430779677,6.35283321208));
#4414 = CARTESIAN_POINT('',(6.164050887868,6.360683582347));
#4415 = CARTESIAN_POINT('',(6.15466997728,6.378391065721));
#4416 = CARTESIAN_POINT('',(6.14966848532,6.388375048845));
#4417 = CARTESIAN_POINT('',(6.14466479804,6.398915533772));
#4418 = CARTESIAN_POINT('',(6.139658755134,6.410023703161));
#4419 = ( GEOMETRIC_REPRESENTATION_CONTEXT(2) 
PARAMETRIC_REPRESENTATION_CONTEXT() REPRESENTATION_CONTEXT('2D SPACE',''
  ) );
#4420 = PCURVE('',#4421,#4429);
#4421 = SURFACE_OF_LINEAR_EXTRUSION('',#4422,#4427);
#4422 = ELLIPSE('',#4423,40.,36.);
#4423 = AXIS2_PLACEMENT_3D('',#4424,#4425,#4426);
#4424 = CARTESIAN_POINT('',(61.,0.,58.));
#4425 = DIRECTION('',(0.,-1.,0.));
#4426 = DIRECTION('',(1.,0.,0.));
#4427 = VECTOR('',#4428,1.);
#4428 = DIRECTION('',(-0.,1.,-0.));
#4429 = DEFINITIONAL_REPRESENTATION('',(#4430),#4460);
#4430 = B_SPLINE_CURVE_WITH_KNOTS('',4,(#4431,#4432,#4433,#4434,#4435,
    #4436,#4437,#4438,#4439,#4440,#4441,#4442,#4443,#4444,#4445,#4446,
    #4447,#4448,#4449,#4450,#4451,#4452,#4453,#4454,#4455,#4456,#4457,
    #4458,#4459),.UNSPECIFIED.,.F.,.F.,(5,3,3,3,3,3,3,3,3,5),(0.,
    1.03562655324E-02,0.13165074012,0.253010789403,0.374420197269,
    0.495863010559,0.617443661486,0.739107325056,0.860960091318,1.),
  .UNSPECIFIED.);
#4431 = CARTESIAN_POINT('',(8.159605326126,-1.24344978758E-14));
#4432 = CARTESIAN_POINT('',(8.159605326126,-1.816390270351E-02));
#4433 = CARTESIAN_POINT('',(8.159605573133,-3.632780540776E-02));
#4434 = CARTESIAN_POINT('',(8.159606067147,-5.449170384308E-02));
#4435 = CARTESIAN_POINT('',(8.159615487153,-0.285394391808));
#4436 = CARTESIAN_POINT('',(8.159658049486,-0.498132018089));
#4437 = CARTESIAN_POINT('',(8.159734496336,-0.710861618589));
#4438 = CARTESIAN_POINT('',(8.159955248476,-1.136406021227));
#4439 = CARTESIAN_POINT('',(8.160099590431,-1.34922080564));
#4440 = CARTESIAN_POINT('',(8.160277883341,-1.562013789972));
#4441 = CARTESIAN_POINT('',(8.160702514736,-1.987628822494));
#4442 = CARTESIAN_POINT('',(8.160948880869,-2.200450845664));
#4443 = CARTESIAN_POINT('',(8.16122928297,-2.413237165582));
#4444 = CARTESIAN_POINT('',(8.161858330746,-2.838782880206));
#4445 = CARTESIAN_POINT('',(8.16220699518,-3.051542249708));
#4446 = CARTESIAN_POINT('',(8.162589799483,-3.26425183059));
#4447 = CARTESIAN_POINT('',(8.163424274222,-3.689798474517));
#4448 = CARTESIAN_POINT('',(8.163876022332,-3.902635406485));
#4449 = CARTESIAN_POINT('',(8.164362101273,-4.115408093082));
#4450 = CARTESIAN_POINT('',(8.165403417958,-4.540955546531));
#4451 = CARTESIAN_POINT('',(8.165958702699,-4.753730213778));
#4452 = CARTESIAN_POINT('',(8.166548507178,-4.966425864452));
#4453 = CARTESIAN_POINT('',(8.167798296833,-5.391974524856));
#4454 = CARTESIAN_POINT('',(8.168458389671,-5.604827263385));
#4455 = CARTESIAN_POINT('',(8.169153281001,-5.817585611521));
#4456 = CARTESIAN_POINT('',(8.170715797038,-6.272892747055));
#4457 = CARTESIAN_POINT('',(8.171593961026,-6.515410704588));
#4458 = CARTESIAN_POINT('',(8.172517711697,-6.757783947654));
#4459 = CARTESIAN_POINT('',(8.173487223791,-7.0000006));
#4460 = ( GEOMETRIC_REPRESENTATION_CONTEXT(2) 
PARAMETRIC_REPRESENTATION_CONTEXT() REPRESENTATION_CONTEXT('2D SPACE',''
  ) );
#4461 = ORIENTED_EDGE('',*,*,#4462,.T.);
#4462 = EDGE_CURVE('',#4354,#4463,#4465,.T.);
#4463 = VERTEX_POINT('',#4464);
#4464 = CARTESIAN_POINT('',(46.218872113759,-7.,78.383395261474));
#4465 = SURFACE_CURVE('',#4466,(#4559,#4655),.PCURVE_S1.);
#4466 = B_SPLINE_CURVE_WITH_KNOTS('',7,(#4467,#4468,#4469,#4470,#4471,
    #4472,#4473,#4474,#4475,#4476,#4477,#4478,#4479,#4480,#4481,#4482,
    #4483,#4484,#4485,#4486,#4487,#4488,#4489,#4490,#4491,#4492,#4493,
    #4494,#4495,#4496,#4497,#4498,#4499,#4500,#4501,#4502,#4503,#4504,
    #4505,#4506,#4507,#4508,#4509,#4510,#4511,#4512,#4513,#4514,#4515,
    #4516,#4517,#4518,#4519,#4520,#4521,#4522,#4523,#4524,#4525,#4526,
    #4527,#4528,#4529,#4530,#4531,#4532,#4533,#4534,#4535,#4536,#4537,
    #4538,#4539,#4540,#4541,#4542,#4543,#4544,#4545,#4546,#4547,#4548,
    #4549,#4550,#4551,#4552,#4553,#4554,#4555,#4556,#4557,#4558),
  .UNSPECIFIED.,.F.,.F.,(8,6,6,6,6,6,6,6,6,6,6,6,6,6,6,8),(0.,
    1.57152259882E-02,0.137557287712,0.183557686977,0.218368045736,
    0.263123124603,0.352630920424,0.593852846451,0.63740045888,
    0.680958374039,0.709584892628,0.731988260319,0.750656953446,
    0.806653018267,0.973229306748,1.),.UNSPECIFIED.);
#4467 = CARTESIAN_POINT('',(48.739289166819,-7.,94.));
#4468 = CARTESIAN_POINT('',(48.714688284796,-7.,93.853145967953));
#4469 = CARTESIAN_POINT('',(48.690118877763,-7.,93.70628725051));
#4470 = CARTESIAN_POINT('',(48.665580111505,-7.,93.559421821135));
#4471 = CARTESIAN_POINT('',(48.64107214301,-7.,93.412553567473));
#4472 = CARTESIAN_POINT('',(48.616593834188,-7.,93.265678649955));
#4473 = CARTESIAN_POINT('',(48.592145120897,-7.,93.118799637351));
#4474 = CARTESIAN_POINT('',(48.37839608417,-7.,91.833106776219));
#4475 = CARTESIAN_POINT('',(48.190809353227,-7.,90.694011580479));
#4476 = CARTESIAN_POINT('',(48.004741372678,-7.,89.554670305118));
#4477 = CARTESIAN_POINT('',(47.819968128571,-7.,88.415122612506));
#4478 = CARTESIAN_POINT('',(47.636265399549,-7.,87.275407650787));
#4479 = CARTESIAN_POINT('',(47.453408756853,-7.,86.135564053886));
#4480 = CARTESIAN_POINT('',(47.202372269443,-7.,84.565257838773));
#4481 = CARTESIAN_POINT('',(47.133659556927,-7.,84.134872852948));
#4482 = CARTESIAN_POINT('',(47.065023339541,-7.,83.704477045375));
#4483 = CARTESIAN_POINT('',(46.996451526495,-7.,83.274072473983));
#4484 = CARTESIAN_POINT('',(46.927932023438,-7.,82.843661193286));
#4485 = CARTESIAN_POINT('',(46.859452732458,-7.,82.413245254384));
#4486 = CARTESIAN_POINT('',(46.739201781108,-7.,81.657111616371));
#4487 = CARTESIAN_POINT('',(46.687417511815,-7.,81.3313951325));
#4488 = CARTESIAN_POINT('',(46.635647499947,-7.,81.005677477723));
#4489 = CARTESIAN_POINT('',(46.583874211856,-7.,80.679961577742));
#4490 = CARTESIAN_POINT('',(46.532115220375,-7.,80.35424453534));
#4491 = CARTESIAN_POINT('',(46.480336869863,-7.,80.02853195017));
#4492 = CARTESIAN_POINT('',(46.361988557746,-7.,79.284059095282));
#4493 = CARTESIAN_POINT('',(46.295417527575,-7.,78.865299830454));
#4494 = CARTESIAN_POINT('',(46.228865957841,-7.,78.446539459836));
#4495 = CARTESIAN_POINT('',(46.16235413329,-7.,78.027774655875));
#4496 = CARTESIAN_POINT('',(46.095902344703,-7.,77.609002095961));
#4497 = CARTESIAN_POINT('',(46.029530888896,-7.,77.190218462428));
#4498 = CARTESIAN_POINT('',(45.830721925757,-7.,75.933846504504));
#4499 = CARTESIAN_POINT('',(45.698586315665,-7.,75.096215124977));
#4500 = CARTESIAN_POINT('',(45.567015638752,-7.,74.258499686956));
#4501 = CARTESIAN_POINT('',(45.436172423086,-7.,73.42067392139));
#4502 = CARTESIAN_POINT('',(45.306219324491,-7.,72.582711907183));
#4503 = CARTESIAN_POINT('',(45.177319126549,-7.,71.744588071197));
#4504 = CARTESIAN_POINT('',(44.705527579648,-7.,68.647044191412));
#4505 = CARTESIAN_POINT('',(44.370252732345,-7.,66.386465795887));
#4506 = CARTESIAN_POINT('',(44.04699565927,-7.,64.124029609069));
#4507 = CARTESIAN_POINT('',(43.738953124385,-7.,61.859276399108));
#4508 = CARTESIAN_POINT('',(43.449330358975,-7.,59.591800510617));
#4509 = CARTESIAN_POINT('',(43.181331752777,-7.,57.321251187304));
#4510 = CARTESIAN_POINT('',(42.894242764208,-7.,54.636826390882));
#4511 = CARTESIAN_POINT('',(42.851154228458,-7.,54.226207975971));
#4512 = CARTESIAN_POINT('',(42.808826666237,-7.,53.815487911902));
#4513 = CARTESIAN_POINT('',(42.767203779324,-7.,53.404674850914));
#4514 = CARTESIAN_POINT('',(42.726230300992,-7.,52.993777085159));
#4515 = CARTESIAN_POINT('',(42.685852521143,-7.,52.58280247249));
#4516 = CARTESIAN_POINT('',(42.606167665165,-7.,51.760618171051));
#4517 = CARTESIAN_POINT('',(42.566861007429,-7.,51.349408464882));
#4518 = CARTESIAN_POINT('',(42.52803990218,-7.,50.938137651912));
#4519 = CARTESIAN_POINT('',(42.489649423955,-7.,50.526813431926));
#4520 = CARTESIAN_POINT('',(42.451634652111,-7.,50.115443379303));
#4521 = CARTESIAN_POINT('',(42.413940670823,-7.,49.704034943017));
#4522 = CARTESIAN_POINT('',(42.351914600006,-7.,49.02219498444));
#4523 = CARTESIAN_POINT('',(42.327431469018,-7.,48.751781118617));
#4524 = CARTESIAN_POINT('',(42.303047588824,-7.,48.481355934025));
#4525 = CARTESIAN_POINT('',(42.278747371361,-7.,48.210921505454));
#4526 = CARTESIAN_POINT('',(42.254515227797,-7.,47.940479897623));
#4527 = CARTESIAN_POINT('',(42.230335568535,-7.,47.670033165186));
#4528 = CARTESIAN_POINT('',(42.187298460642,-7.,47.187926927523));
#4529 = CARTESIAN_POINT('',(42.168426714547,-7.,46.976268618252));
#4530 = CARTESIAN_POINT('',(42.149570091893,-7.,46.764609405792));
#4531 = CARTESIAN_POINT('',(42.130721118746,-7.,46.552950270794));
#4532 = CARTESIAN_POINT('',(42.111872320261,-7.,46.341292193679));
#4533 = CARTESIAN_POINT('',(42.09301622069,-7.,46.129636154638));
#4534 = CARTESIAN_POINT('',(42.058420269248,-7.,45.741612984604));
#4535 = CARTESIAN_POINT('',(42.042684933575,-7.,45.565244932102));
#4536 = CARTESIAN_POINT('',(42.026935010091,-7.,45.388879543401));
#4537 = CARTESIAN_POINT('',(42.011166171836,-7.,45.212517387046));
#4538 = CARTESIAN_POINT('',(41.99537409116,-7.,45.036159032849));
#4539 = CARTESIAN_POINT('',(41.97955443972,-7.,44.859805051891));
#4540 = CARTESIAN_POINT('',(41.916156738107,-7.,44.154503510377));
#4541 = CARTESIAN_POINT('',(41.868323586956,-7.,43.625595577049));
#4542 = CARTESIAN_POINT('',(41.82008662844,-7.,43.096747544365));
#4543 = CARTESIAN_POINT('',(41.771328967232,-7.,42.567975046187));
#4544 = CARTESIAN_POINT('',(41.72193361926,-7.,42.039294022407));
#4545 = CARTESIAN_POINT('',(41.671783511711,-7.,41.510720718946));
#4546 = CARTESIAN_POINT('',(41.468981885746,-7.,39.410249108205));
#4547 = CARTESIAN_POINT('',(41.309488028739,-7.,37.839344649075));
#4548 = CARTESIAN_POINT('',(41.139192644707,-7.,36.269966711195));
#4549 = CARTESIAN_POINT('',(40.955003073939,-7.,34.702595069288));
#4550 = CARTESIAN_POINT('',(40.753817881222,-7.,33.137781258245));
#4551 = CARTESIAN_POINT('',(40.532532830853,-7.,31.576147508605));
#4552 = CARTESIAN_POINT('',(40.24876606375,-7.,29.76803405692));
#4553 = CARTESIAN_POINT('',(40.208876987431,-7.,29.517784314076));
#4554 = CARTESIAN_POINT('',(40.168376177916,-7.,29.267637993197));
#4555 = CARTESIAN_POINT('',(40.127250840882,-7.,29.017598156816));
#4556 = CARTESIAN_POINT('',(40.085488200577,-7.,28.7676679395));
#4557 = CARTESIAN_POINT('',(40.04307549982,-7.,28.517850547856));
#4558 = CARTESIAN_POINT('',(40.,-7.,28.268149260526));
#4559 = PCURVE('',#4251,#4560);
#4560 = DEFINITIONAL_REPRESENTATION('',(#4561),#4654);
#4561 = B_SPLINE_CURVE_WITH_KNOTS('',7,(#4562,#4563,#4564,#4565,#4566,
    #4567,#4568,#4569,#4570,#4571,#4572,#4573,#4574,#4575,#4576,#4577,
    #4578,#4579,#4580,#4581,#4582,#4583,#4584,#4585,#4586,#4587,#4588,
    #4589,#4590,#4591,#4592,#4593,#4594,#4595,#4596,#4597,#4598,#4599,
    #4600,#4601,#4602,#4603,#4604,#4605,#4606,#4607,#4608,#4609,#4610,
    #4611,#4612,#4613,#4614,#4615,#4616,#4617,#4618,#4619,#4620,#4621,
    #4622,#4623,#4624,#4625,#4626,#4627,#4628,#4629,#4630,#4631,#4632,
    #4633,#4634,#4635,#4636,#4637,#4638,#4639,#4640,#4641,#4642,#4643,
    #4644,#4645,#4646,#4647,#4648,#4649,#4650,#4651,#4652,#4653),
  .UNSPECIFIED.,.F.,.F.,(8,6,6,6,6,6,6,6,6,6,6,6,6,6,6,8),(0.,
    1.57152259882E-02,0.137557287712,0.183557686977,0.218368045736,
    0.263123124603,0.352630920424,0.593852846451,0.63740045888,
    0.680958374039,0.709584892628,0.731988260319,0.750656953446,
    0.806653018267,0.973229306748,1.),.UNSPECIFIED.);
#4562 = CARTESIAN_POINT('',(6.140539460592,4.563617444767));
#4563 = CARTESIAN_POINT('',(6.140468433628,4.712470649543));
#4564 = CARTESIAN_POINT('',(6.140397413348,4.861324433729));
#4565 = CARTESIAN_POINT('',(6.140326406715,5.010176651952));
#4566 = CARTESIAN_POINT('',(6.140255397906,5.15903115791));
#4567 = CARTESIAN_POINT('',(6.140184400847,5.307883968236));
#4568 = CARTESIAN_POINT('',(6.140113404775,5.456737599837));
#4569 = CARTESIAN_POINT('',(6.139491995864,6.75967076425));
#4570 = CARTESIAN_POINT('',(6.138941740495,7.913753539622));
#4571 = CARTESIAN_POINT('',(6.138391080903,9.06783958737));
#4572 = CARTESIAN_POINT('',(6.137839417403,10.221929550996));
#4573 = CARTESIAN_POINT('',(6.137286115562,11.37602459534));
#4574 = CARTESIAN_POINT('',(6.136730506193,12.530126406582));
#4575 = CARTESIAN_POINT('',(6.135960982971,14.119961573336));
#4576 = CARTESIAN_POINT('',(6.135749651245,14.55568721468));
#4577 = CARTESIAN_POINT('',(6.135537852232,14.99141422498));
#4578 = CARTESIAN_POINT('',(6.135325547216,15.427142716462));
#4579 = CARTESIAN_POINT('',(6.135112696705,15.862872804871));
#4580 = CARTESIAN_POINT('',(6.134899260441,16.298604609467));
#4581 = CARTESIAN_POINT('',(6.134523207244,17.064075487874));
#4582 = CARTESIAN_POINT('',(6.134360856261,17.393813779129));
#4583 = CARTESIAN_POINT('',(6.134198139387,17.723553152072));
#4584 = CARTESIAN_POINT('',(6.134034999463,18.053293744206));
#4585 = CARTESIAN_POINT('',(6.133871490781,18.383035451747));
#4586 = CARTESIAN_POINT('',(6.133707504391,18.712778522762));
#4587 = CARTESIAN_POINT('',(6.133331729183,19.466469429826));
#4588 = CARTESIAN_POINT('',(6.133119663867,19.890418085146));
#4589 = CARTESIAN_POINT('',(6.132906964809,20.314368707745));
#4590 = CARTESIAN_POINT('',(6.132693693577,20.73832119475));
#4591 = CARTESIAN_POINT('',(6.132479913029,21.162275438154));
#4592 = CARTESIAN_POINT('',(6.132265687307,21.586231324825));
#4593 = CARTESIAN_POINT('',(6.131621882235,22.858081185845));
#4594 = CARTESIAN_POINT('',(6.131191164049,23.705979633632));
#4595 = CARTESIAN_POINT('',(6.130759450314,24.553883250958));
#4596 = CARTESIAN_POINT('',(6.130327286168,25.401790857295));
#4597 = CARTESIAN_POINT('',(6.129895238856,26.249700920493));
#4598 = CARTESIAN_POINT('',(6.129463897735,27.097611556772));
#4599 = CARTESIAN_POINT('',(6.127874968629,30.230620213017));
#4600 = CARTESIAN_POINT('',(6.126725640176,32.515694568423));
#4601 = CARTESIAN_POINT('',(6.125597857817,34.800718779825));
#4602 = CARTESIAN_POINT('',(6.124504776412,37.085614403704));
#4603 = CARTESIAN_POINT('',(6.123460765995,39.370249425984));
#4604 = CARTESIAN_POINT('',(6.122481163922,41.654438349313));
#4605 = CARTESIAN_POINT('',(6.121419379388,44.3501815604));
#4606 = CARTESIAN_POINT('',(6.121259641205,44.762397877899));
#4607 = CARTESIAN_POINT('',(6.121102363743,45.174592088913));
#4608 = CARTESIAN_POINT('',(6.120947359149,45.586765318439));
#4609 = CARTESIAN_POINT('',(6.120794440294,45.998918869276));
#4610 = CARTESIAN_POINT('',(6.120643422884,46.411054206015));
#4611 = CARTESIAN_POINT('',(6.120344767214,47.235389386472));
#4612 = CARTESIAN_POINT('',(6.120197130413,47.647589179726));
#4613 = CARTESIAN_POINT('',(6.120051010592,48.059774128121));
#4614 = CARTESIAN_POINT('',(6.119906213418,48.471946055877));
#4615 = CARTESIAN_POINT('',(6.119762541936,48.884106908655));
#4616 = CARTESIAN_POINT('',(6.119619796574,49.296258753566));
#4617 = CARTESIAN_POINT('',(6.119384437817,49.979267919312));
#4618 = CARTESIAN_POINT('',(6.119291413191,50.250129102499));
#4619 = CARTESIAN_POINT('',(6.11919864389,50.520987944122));
#4620 = CARTESIAN_POINT('',(6.119106072075,50.791845069403));
#4621 = CARTESIAN_POINT('',(6.119013639438,51.062701113393));
#4622 = CARTESIAN_POINT('',(6.118921287204,51.333556720966));
#4623 = CARTESIAN_POINT('',(6.118756697009,51.816386721712));
#4624 = CARTESIAN_POINT('',(6.118684450848,52.028361027989));
#4625 = CARTESIAN_POINT('',(6.11861218925,52.240335778652));
#4626 = CARTESIAN_POINT('',(6.118539883642,52.45231128699));
#4627 = CARTESIAN_POINT('',(6.118467505271,52.664287866587));
#4628 = CARTESIAN_POINT('',(6.118395025205,52.876265831321));
#4629 = CARTESIAN_POINT('',(6.118261907806,53.264887835553));
#4630 = CARTESIAN_POINT('',(6.118201310446,53.4415313549));
#4631 = CARTESIAN_POINT('',(6.118140605413,53.618176234965));
#4632 = CARTESIAN_POINT('',(6.118079775773,53.794822656133));
#4633 = CARTESIAN_POINT('',(6.118018804505,53.97147079761));
#4634 = CARTESIAN_POINT('',(6.117957674494,54.148120837426));
#4635 = CARTESIAN_POINT('',(6.117712483559,54.85463453491));
#4636 = CARTESIAN_POINT('',(6.117527015337,55.384514710752));
#4637 = CARTESIAN_POINT('',(6.117339500327,55.914418366082));
#4638 = CARTESIAN_POINT('',(6.117149466694,56.444350096127));
#4639 = CARTESIAN_POINT('',(6.116956434319,56.974314205216));
#4640 = CARTESIAN_POINT('',(6.116759914795,57.504314706785));
#4641 = CARTESIAN_POINT('',(6.11596295689,59.611112528299));
#4642 = CARTESIAN_POINT('',(6.115331250757,61.188206292591));
#4643 = CARTESIAN_POINT('',(6.114651189882,62.765762066609));
#4644 = CARTESIAN_POINT('',(6.11390892763,64.343835428084));
#4645 = CARTESIAN_POINT('',(6.113089697974,65.922412127033));
#4646 = CARTESIAN_POINT('',(6.112177401454,67.501407787777));
#4647 = CARTESIAN_POINT('',(6.110989473261,69.334472125288));
#4648 = CARTESIAN_POINT('',(6.110822122914,69.588283325348));
#4649 = CARTESIAN_POINT('',(6.11065182706,69.842100097776));
#4650 = CARTESIAN_POINT('',(6.110478509375,70.095921596818));
#4651 = CARTESIAN_POINT('',(6.110302092111,70.349746901445));
#4652 = CARTESIAN_POINT('',(6.110122496093,70.603575015353));
#4653 = CARTESIAN_POINT('',(6.109939640727,70.85740486696));
#4654 = ( GEOMETRIC_REPRESENTATION_CONTEXT(2) 
PARAMETRIC_REPRESENTATION_CONTEXT() REPRESENTATION_CONTEXT('2D SPACE',''
  ) );
#4655 = PCURVE('',#4656,#4661);
#4656 = PLANE('',#4657);
#4657 = AXIS2_PLACEMENT_3D('',#4658,#4659,#4660);
#4658 = CARTESIAN_POINT('',(61.532700833651,-7.,58.));
#4659 = DIRECTION('',(-0.,-1.,-0.));
#4660 = DIRECTION('',(0.,0.,-1.));
#4661 = DEFINITIONAL_REPRESENTATION('',(#4662),#4755);
#4662 = B_SPLINE_CURVE_WITH_KNOTS('',7,(#4663,#4664,#4665,#4666,#4667,
    #4668,#4669,#4670,#4671,#4672,#4673,#4674,#4675,#4676,#4677,#4678,
    #4679,#4680,#4681,#4682,#4683,#4684,#4685,#4686,#4687,#4688,#4689,
    #4690,#4691,#4692,#4693,#4694,#4695,#4696,#4697,#4698,#4699,#4700,
    #4701,#4702,#4703,#4704,#4705,#4706,#4707,#4708,#4709,#4710,#4711,
    #4712,#4713,#4714,#4715,#4716,#4717,#4718,#4719,#4720,#4721,#4722,
    #4723,#4724,#4725,#4726,#4727,#4728,#4729,#4730,#4731,#4732,#4733,
    #4734,#4735,#4736,#4737,#4738,#4739,#4740,#4741,#4742,#4743,#4744,
    #4745,#4746,#4747,#4748,#4749,#4750,#4751,#4752,#4753,#4754),
  .UNSPECIFIED.,.F.,.F.,(8,6,6,6,6,6,6,6,6,6,6,6,6,6,6,8),(0.,
    1.57152259882E-02,0.137557287712,0.183557686977,0.218368045736,
    0.263123124603,0.352630920424,0.593852846451,0.63740045888,
    0.680958374039,0.709584892628,0.731988260319,0.750656953446,
    0.806653018267,0.973229306748,1.),.UNSPECIFIED.);
#4663 = CARTESIAN_POINT('',(-36.,-12.79341166683));
#4664 = CARTESIAN_POINT('',(-35.85314596795,-12.81801254885));
#4665 = CARTESIAN_POINT('',(-35.70628725051,-12.84258195588));
#4666 = CARTESIAN_POINT('',(-35.55942182113,-12.86712072214));
#4667 = CARTESIAN_POINT('',(-35.41255356747,-12.89162869064));
#4668 = CARTESIAN_POINT('',(-35.26567864995,-12.91610699946));
#4669 = CARTESIAN_POINT('',(-35.11879963735,-12.94055571275));
#4670 = CARTESIAN_POINT('',(-33.83310677621,-13.15430474948));
#4671 = CARTESIAN_POINT('',(-32.69401158047,-13.34189148042));
#4672 = CARTESIAN_POINT('',(-31.55467030511,-13.52795946097));
#4673 = CARTESIAN_POINT('',(-30.4151226125,-13.71273270508));
#4674 = CARTESIAN_POINT('',(-29.27540765078,-13.8964354341));
#4675 = CARTESIAN_POINT('',(-28.13556405388,-14.07929207679));
#4676 = CARTESIAN_POINT('',(-26.56525783877,-14.3303285642));
#4677 = CARTESIAN_POINT('',(-26.13487285294,-14.39904127672));
#4678 = CARTESIAN_POINT('',(-25.70447704537,-14.46767749411));
#4679 = CARTESIAN_POINT('',(-25.27407247398,-14.53624930715));
#4680 = CARTESIAN_POINT('',(-24.84366119328,-14.60476881021));
#4681 = CARTESIAN_POINT('',(-24.41324525438,-14.67324810119));
#4682 = CARTESIAN_POINT('',(-23.65711161637,-14.79349905254));
#4683 = CARTESIAN_POINT('',(-23.3313951325,-14.84528332183));
#4684 = CARTESIAN_POINT('',(-23.00567747772,-14.8970533337));
#4685 = CARTESIAN_POINT('',(-22.67996157774,-14.94882662179));
#4686 = CARTESIAN_POINT('',(-22.35424453534,-15.00058561327));
#4687 = CARTESIAN_POINT('',(-22.02853195017,-15.05236396378));
#4688 = CARTESIAN_POINT('',(-21.28405909528,-15.1707122759));
#4689 = CARTESIAN_POINT('',(-20.86529983045,-15.23728330607));
#4690 = CARTESIAN_POINT('',(-20.44653945983,-15.30383487581));
#4691 = CARTESIAN_POINT('',(-20.02777465587,-15.37034670036));
#4692 = CARTESIAN_POINT('',(-19.60900209596,-15.43679848894));
#4693 = CARTESIAN_POINT('',(-19.19021846242,-15.50316994475));
#4694 = CARTESIAN_POINT('',(-17.9338465045,-15.70197890789));
#4695 = CARTESIAN_POINT('',(-17.09621512497,-15.83411451798));
#4696 = CARTESIAN_POINT('',(-16.25849968695,-15.96568519489));
#4697 = CARTESIAN_POINT('',(-15.42067392139,-16.09652841056));
#4698 = CARTESIAN_POINT('',(-14.58271190718,-16.22648150916));
#4699 = CARTESIAN_POINT('',(-13.74458807119,-16.3553817071));
#4700 = CARTESIAN_POINT('',(-10.64704419141,-16.827173254));
#4701 = CARTESIAN_POINT('',(-8.386465795887,-17.1624481013));
#4702 = CARTESIAN_POINT('',(-6.124029609069,-17.48570517438));
#4703 = CARTESIAN_POINT('',(-3.859276399108,-17.79374770926));
#4704 = CARTESIAN_POINT('',(-1.591800510617,-18.08337047467));
#4705 = CARTESIAN_POINT('',(0.678748812696,-18.35136908087));
#4706 = CARTESIAN_POINT('',(3.363173609118,-18.63845806944));
#4707 = CARTESIAN_POINT('',(3.773792024029,-18.68154660519));
#4708 = CARTESIAN_POINT('',(4.184512088098,-18.72387416741));
#4709 = CARTESIAN_POINT('',(4.595325149086,-18.76549705432));
#4710 = CARTESIAN_POINT('',(5.006222914841,-18.80647053265));
#4711 = CARTESIAN_POINT('',(5.41719752751,-18.8468483125));
#4712 = CARTESIAN_POINT('',(6.239381828949,-18.92653316848));
#4713 = CARTESIAN_POINT('',(6.650591535118,-18.96583982622));
#4714 = CARTESIAN_POINT('',(7.061862348088,-19.00466093147));
#4715 = CARTESIAN_POINT('',(7.473186568074,-19.04305140969));
#4716 = CARTESIAN_POINT('',(7.884556620697,-19.08106618154));
#4717 = CARTESIAN_POINT('',(8.295965056983,-19.11876016282));
#4718 = CARTESIAN_POINT('',(8.97780501556,-19.18078623364));
#4719 = CARTESIAN_POINT('',(9.248218881383,-19.20526936463));
#4720 = CARTESIAN_POINT('',(9.518644065975,-19.22965324482));
#4721 = CARTESIAN_POINT('',(9.789078494546,-19.25395346229));
#4722 = CARTESIAN_POINT('',(10.059520102377,-19.27818560585));
#4723 = CARTESIAN_POINT('',(10.329966834814,-19.30236526511));
#4724 = CARTESIAN_POINT('',(10.812073072477,-19.345402373));
#4725 = CARTESIAN_POINT('',(11.023731381748,-19.3642741191));
#4726 = CARTESIAN_POINT('',(11.235390594208,-19.38313074175));
#4727 = CARTESIAN_POINT('',(11.447049729206,-19.4019797149));
#4728 = CARTESIAN_POINT('',(11.658707806321,-19.42082851339));
#4729 = CARTESIAN_POINT('',(11.870363845362,-19.43968461296));
#4730 = CARTESIAN_POINT('',(12.258387015396,-19.4742805644));
#4731 = CARTESIAN_POINT('',(12.434755067898,-19.49001590007));
#4732 = CARTESIAN_POINT('',(12.611120456599,-19.50576582356));
#4733 = CARTESIAN_POINT('',(12.787482612954,-19.52153466181));
#4734 = CARTESIAN_POINT('',(12.963840967151,-19.53732674249));
#4735 = CARTESIAN_POINT('',(13.140194948109,-19.55314639393));
#4736 = CARTESIAN_POINT('',(13.845496489623,-19.61654409554));
#4737 = CARTESIAN_POINT('',(14.374404422951,-19.66437724669));
#4738 = CARTESIAN_POINT('',(14.903252455635,-19.71261420521));
#4739 = CARTESIAN_POINT('',(15.432024953813,-19.76137186641));
#4740 = CARTESIAN_POINT('',(15.960705977593,-19.81076721439));
#4741 = CARTESIAN_POINT('',(16.489279281054,-19.86091732194));
#4742 = CARTESIAN_POINT('',(18.589750891795,-20.0637189479));
#4743 = CARTESIAN_POINT('',(20.160655350925,-20.22321280491));
#4744 = CARTESIAN_POINT('',(21.730033288805,-20.39350818894));
#4745 = CARTESIAN_POINT('',(23.297404930712,-20.57769775971));
#4746 = CARTESIAN_POINT('',(24.862218741756,-20.77888295242));
#4747 = CARTESIAN_POINT('',(26.423852491395,-21.00016800279));
#4748 = CARTESIAN_POINT('',(28.23196594308,-21.2839347699));
#4749 = CARTESIAN_POINT('',(28.482215685924,-21.32382384622));
#4750 = CARTESIAN_POINT('',(28.732362006803,-21.36432465573));
#4751 = CARTESIAN_POINT('',(28.982401843184,-21.40544999276));
#4752 = CARTESIAN_POINT('',(29.2323320605,-21.44721263307));
#4753 = CARTESIAN_POINT('',(29.482149452144,-21.48962533383));
#4754 = CARTESIAN_POINT('',(29.731850739474,-21.53270083365));
#4755 = ( GEOMETRIC_REPRESENTATION_CONTEXT(2) 
PARAMETRIC_REPRESENTATION_CONTEXT() REPRESENTATION_CONTEXT('2D SPACE',''
  ) );
#4756 = ORIENTED_EDGE('',*,*,#4757,.F.);
#4757 = EDGE_CURVE('',#4758,#4463,#4760,.T.);
#4758 = VERTEX_POINT('',#4759);
#4759 = CARTESIAN_POINT('',(46.792697711339,0.,78.681003913397));
#4760 = SURFACE_CURVE('',#4761,(#4791,#4824),.PCURVE_S1.);
#4761 = B_SPLINE_CURVE_WITH_KNOTS('',4,(#4762,#4763,#4764,#4765,#4766,
    #4767,#4768,#4769,#4770,#4771,#4772,#4773,#4774,#4775,#4776,#4777,
    #4778,#4779,#4780,#4781,#4782,#4783,#4784,#4785,#4786,#4787,#4788,
    #4789,#4790),.UNSPECIFIED.,.F.,.F.,(5,3,3,3,3,3,3,3,3,5),(0.,
    7.08523457059E-03,0.129068164621,0.250691260112,0.372350057865,
    0.494162109892,0.616126685553,0.738284854603,0.860680174047,1.),
  .UNSPECIFIED.);
#4762 = CARTESIAN_POINT('',(46.792697711339,-1.15463194561E-14,
    78.681003913397));
#4763 = CARTESIAN_POINT('',(46.792697711339,-1.244230489858E-02,
    78.681003913397));
#4764 = CARTESIAN_POINT('',(46.792692920198,-2.488460979765E-02,
    78.681001495234));
#4765 = CARTESIAN_POINT('',(46.792683337914,-3.732691259627E-02,
    78.680996658909));
#4766 = CARTESIAN_POINT('',(46.792421504367,-0.263982025822,
    78.680864507166));
#4767 = CARTESIAN_POINT('',(46.790753911431,-0.478193593091,
    78.68002284127));
#4768 = CARTESIAN_POINT('',(46.787666169172,-0.692393206856,
    78.678464298127));
#4769 = CARTESIAN_POINT('',(46.778663095349,-1.12011521112,
    78.673916199014));
#4770 = CARTESIAN_POINT('',(46.772756131978,-1.333637730563,
    78.670930877563));
#4771 = CARTESIAN_POINT('',(46.76543680034,-1.547126999603,
    78.667228955339));
#4772 = CARTESIAN_POINT('',(46.747969717486,-1.974080061438,
    78.658382934184));
#4773 = CARTESIAN_POINT('',(46.737821137188,-2.187543823384,
    78.653238411537));
#4774 = CARTESIAN_POINT('',(46.726258238818,-2.400952662933,
    78.64736918486));
#4775 = CARTESIAN_POINT('',(46.700285830203,-2.827907095614,
    78.634161542817));
#4776 = CARTESIAN_POINT('',(46.685872753288,-3.041452517156,
    78.626821284999));
#4777 = CARTESIAN_POINT('',(46.670040160725,-3.2549206525,
    78.618742992843));
#4778 = CARTESIAN_POINT('',(46.635512244722,-3.6819465826,
    78.601083913879));
#4779 = CARTESIAN_POINT('',(46.616813362838,-3.895504149399,
    78.591501257072));
#4780 = CARTESIAN_POINT('',(46.596689305723,-4.108961214211,
    78.58116329062));
#4781 = CARTESIAN_POINT('',(46.55355412863,-4.535989011992,
    78.558939707416));
#4782 = CARTESIAN_POINT('',(46.530538478377,-4.749559381599,
    78.547051658447));
#4783 = CARTESIAN_POINT('',(46.506090610343,-4.963004861565,
    78.534386414834));
#4784 = CARTESIAN_POINT('',(46.454277358621,-5.390034880583,
    78.507451813828));
#4785 = CARTESIAN_POINT('',(46.426906405307,-5.603618878621,
    78.49317938802));
#4786 = CARTESIAN_POINT('',(46.398094820012,-5.817052108725,
    78.478103025863));
#4787 = CARTESIAN_POINT('',(46.333403914882,-6.273080453286,
    78.444116595877));
#4788 = CARTESIAN_POINT('',(46.297098179357,-6.515627056947,
    78.424964674814));
#4789 = CARTESIAN_POINT('',(46.258921629656,-6.757940981478,
    78.404732322757));
#4790 = CARTESIAN_POINT('',(46.21887191399,-7.0000012,78.383395147981));
#4791 = PCURVE('',#4251,#4792);
#4792 = DEFINITIONAL_REPRESENTATION('',(#4793),#4823);
#4793 = B_SPLINE_CURVE_WITH_KNOTS('',4,(#4794,#4795,#4796,#4797,#4798,
    #4799,#4800,#4801,#4802,#4803,#4804,#4805,#4806,#4807,#4808,#4809,
    #4810,#4811,#4812,#4813,#4814,#4815,#4816,#4817,#4818,#4819,#4820,
    #4821,#4822),.UNSPECIFIED.,.F.,.F.,(5,3,3,3,3,3,3,3,3,5),(0.,
    7.08523457059E-03,0.129068164621,0.250691260112,0.372350057865,
    0.494162109892,0.616126685553,0.738284854603,0.860680174047,1.),
  .UNSPECIFIED.);
#4794 = CARTESIAN_POINT('',(6.28318530718,20.076997507466));
#4795 = CARTESIAN_POINT('',(6.282919404475,20.076997507466));
#4796 = CARTESIAN_POINT('',(6.282653501769,20.076999955586));
#4797 = CARTESIAN_POINT('',(6.282387599046,20.077004851825));
#4798 = CARTESIAN_POINT('',(6.277543781835,20.077138640724));
#4799 = CARTESIAN_POINT('',(6.272965856628,20.077990733554));
#4800 = CARTESIAN_POINT('',(6.268387827602,20.079568584623));
#4801 = CARTESIAN_POINT('',(6.259244882458,20.08417302744));
#4802 = CARTESIAN_POINT('',(6.254679967576,20.08719533221));
#4803 = CARTESIAN_POINT('',(6.250114766269,20.090943115152));
#4804 = CARTESIAN_POINT('',(6.240982271695,20.099898723378));
#4805 = CARTESIAN_POINT('',(6.236414978287,20.105106977626));
#4806 = CARTESIAN_POINT('',(6.231847219334,20.111048913337));
#4807 = CARTESIAN_POINT('',(6.222704843467,20.124420172764));
#4808 = CARTESIAN_POINT('',(6.218130225251,20.131851361754));
#4809 = CARTESIAN_POINT('',(6.213554967708,20.140029727055));
#4810 = CARTESIAN_POINT('',(6.204397281468,20.157907562692));
#4811 = CARTESIAN_POINT('',(6.199814851061,20.167608926186));
#4812 = CARTESIAN_POINT('',(6.195231616482,20.17807495437));
#4813 = CARTESIAN_POINT('',(6.186056112623,20.200573828462));
#4814 = CARTESIAN_POINT('',(6.181463840656,20.212609136705));
#4815 = CARTESIAN_POINT('',(6.176870611424,20.225431264339));
#4816 = CARTESIAN_POINT('',(6.167673185994,20.252699496782));
#4817 = CARTESIAN_POINT('',(6.163068985937,20.267148707998));
#4818 = CARTESIAN_POINT('',(6.158463690906,20.282411809508));
#4819 = CARTESIAN_POINT('',(6.148613831154,20.316819192149));
#4820 = CARTESIAN_POINT('',(6.143368925184,20.336208320603));
#4821 = CARTESIAN_POINT('',(6.138122447352,20.356691253576));
#4822 = CARTESIAN_POINT('',(6.132874332058,20.378292681748));
#4823 = ( GEOMETRIC_REPRESENTATION_CONTEXT(2) 
PARAMETRIC_REPRESENTATION_CONTEXT() REPRESENTATION_CONTEXT('2D SPACE',''
  ) );
#4824 = PCURVE('',#4825,#4833);
#4825 = SURFACE_OF_LINEAR_EXTRUSION('',#4826,#4831);
#4826 = ELLIPSE('',#4827,28.,24.);
#4827 = AXIS2_PLACEMENT_3D('',#4828,#4829,#4830);
#4828 = CARTESIAN_POINT('',(61.,0.,58.));
#4829 = DIRECTION('',(0.,-1.,0.));
#4830 = DIRECTION('',(1.,0.,0.));
#4831 = VECTOR('',#4832,1.);
#4832 = DIRECTION('',(-0.,1.,-0.));
#4833 = DEFINITIONAL_REPRESENTATION('',(#4834),#4864);
#4834 = B_SPLINE_CURVE_WITH_KNOTS('',4,(#4835,#4836,#4837,#4838,#4839,
    #4840,#4841,#4842,#4843,#4844,#4845,#4846,#4847,#4848,#4849,#4850,
    #4851,#4852,#4853,#4854,#4855,#4856,#4857,#4858,#4859,#4860,#4861,
    #4862,#4863),.UNSPECIFIED.,.F.,.F.,(5,3,3,3,3,3,3,3,3,5),(0.,
    7.08523457059E-03,0.129068164621,0.250691260112,0.372350057865,
    0.494162109892,0.616126685553,0.738284854603,0.860680174047,1.),
  .UNSPECIFIED.);
#4835 = CARTESIAN_POINT('',(8.386150719907,-1.15463194561E-14));
#4836 = CARTESIAN_POINT('',(8.386150719907,-1.244230489858E-02));
#4837 = CARTESIAN_POINT('',(8.38615091848,-2.488460979765E-02));
#4838 = CARTESIAN_POINT('',(8.386151315627,-3.732691259627E-02));
#4839 = CARTESIAN_POINT('',(8.386162167562,-0.263982025822));
#4840 = CARTESIAN_POINT('',(8.38623128259,-0.478193593091));
#4841 = CARTESIAN_POINT('',(8.386359259226,-0.692393206856));
#4842 = CARTESIAN_POINT('',(8.386732486671,-1.12011521112));
#4843 = CARTESIAN_POINT('',(8.38697739043,-1.333637730563));
#4844 = CARTESIAN_POINT('',(8.387280910534,-1.547126999603));
#4845 = CARTESIAN_POINT('',(8.388005487093,-1.974080061438));
#4846 = CARTESIAN_POINT('',(8.388426578037,-2.187543823384));
#4847 = CARTESIAN_POINT('',(8.388906517209,-2.400952662933));
#4848 = CARTESIAN_POINT('',(8.389985065395,-2.827907095614));
#4849 = CARTESIAN_POINT('',(8.390583823154,-3.041452517156));
#4850 = CARTESIAN_POINT('',(8.391241872912,-3.2549206525));
#4851 = CARTESIAN_POINT('',(8.392677849279,-3.6819465826));
#4852 = CARTESIAN_POINT('',(8.393455924979,-3.895504149399));
#4853 = CARTESIAN_POINT('',(8.394293836901,-4.108961214211));
#4854 = CARTESIAN_POINT('',(8.396091255498,-4.535989011992));
#4855 = CARTESIAN_POINT('',(8.397050953095,-4.749559381599));
#4856 = CARTESIAN_POINT('',(8.398071175931,-4.963004861565));
#4857 = CARTESIAN_POINT('',(8.400235373845,-5.390034880583));
#4858 = CARTESIAN_POINT('',(8.401379585353,-5.603618878621));
#4859 = CARTESIAN_POINT('',(8.402585163356,-5.817052108725));
#4860 = CARTESIAN_POINT('',(8.405295005094,-6.273080453286));
#4861 = CARTESIAN_POINT('',(8.406817519282,-6.515627056947));
#4862 = CARTESIAN_POINT('',(8.408420532271,-6.757940981478));
#4863 = CARTESIAN_POINT('',(8.410104664255,-7.0000012));
#4864 = ( GEOMETRIC_REPRESENTATION_CONTEXT(2) 
PARAMETRIC_REPRESENTATION_CONTEXT() REPRESENTATION_CONTEXT('2D SPACE',''
  ) );
#4865 = ORIENTED_EDGE('',*,*,#4866,.T.);
#4866 = EDGE_CURVE('',#4758,#4867,#4869,.T.);
#4867 = VERTEX_POINT('',#4868);
#4868 = CARTESIAN_POINT('',(42.136200961751,0.,40.264036829084));
#4869 = SEAM_CURVE('',#4870,(#4878,#4885),.PCURVE_S1.);
#4870 = B_SPLINE_CURVE_WITH_KNOTS('',3,(#4871,#4872,#4873,#4874,#4875,
    #4876,#4877),.UNSPECIFIED.,.F.,.F.,(4,1,1,1,4),(0.,18.741664813991,
    43.98547593672,74.188952557798,82.435163809033),.UNSPECIFIED.);
#4871 = CARTESIAN_POINT('',(50.,0.,98.5));
#4872 = CARTESIAN_POINT('',(48.937667456241,0.,92.343397827134));
#4873 = CARTESIAN_POINT('',(46.666565456048,0.,77.856852154263));
#4874 = CARTESIAN_POINT('',(42.814685389116,0.,53.438414706915));
#4875 = CARTESIAN_POINT('',(41.87864269837,0.,32.081888116448));
#4876 = CARTESIAN_POINT('',(38.792022864162,-0.,19.644087806772));
#4877 = CARTESIAN_POINT('',(38.,0.,17.));
#4878 = PCURVE('',#4251,#4879);
#4879 = DEFINITIONAL_REPRESENTATION('',(#4880),#4884);
#4880 = LINE('',#4881,#4882);
#4881 = CARTESIAN_POINT('',(0.,0.));
#4882 = VECTOR('',#4883,1.);
#4883 = DIRECTION('',(0.,1.));
#4884 = ( GEOMETRIC_REPRESENTATION_CONTEXT(2) 
PARAMETRIC_REPRESENTATION_CONTEXT() REPRESENTATION_CONTEXT('2D SPACE',''
  ) );
#4885 = PCURVE('',#4251,#4886);
#4886 = DEFINITIONAL_REPRESENTATION('',(#4887),#4891);
#4887 = LINE('',#4888,#4889);
#4888 = CARTESIAN_POINT('',(6.28318530718,0.));
#4889 = VECTOR('',#4890,1.);
#4890 = DIRECTION('',(0.,1.));
#4891 = ( GEOMETRIC_REPRESENTATION_CONTEXT(2) 
PARAMETRIC_REPRESENTATION_CONTEXT() REPRESENTATION_CONTEXT('2D SPACE',''
  ) );
#4892 = ORIENTED_EDGE('',*,*,#4893,.F.);
#4893 = EDGE_CURVE('',#4894,#4867,#4896,.T.);
#4894 = VERTEX_POINT('',#4895);
#4895 = CARTESIAN_POINT('',(41.593365804786,-7.,40.699668631025));
#4896 = SURFACE_CURVE('',#4897,(#4927,#4960),.PCURVE_S1.);
#4897 = B_SPLINE_CURVE_WITH_KNOTS('',4,(#4898,#4899,#4900,#4901,#4902,
    #4903,#4904,#4905,#4906,#4907,#4908,#4909,#4910,#4911,#4912,#4913,
    #4914,#4915,#4916,#4917,#4918,#4919,#4920,#4921,#4922,#4923,#4924,
    #4925,#4926),.UNSPECIFIED.,.F.,.F.,(5,3,3,3,3,3,3,3,3,5),(0.,
    0.125290487598,0.250743594637,0.375821323193,0.500626310496,
    0.62521718756,0.749649696808,0.874017305884,0.988139493182,1.),
  .UNSPECIFIED.);
#4898 = CARTESIAN_POINT('',(41.593365619777,-7.0000012,40.699668805126)
  );
#4899 = CARTESIAN_POINT('',(41.627201195356,-6.782825330635,
    40.671783474635));
#4900 = CARTESIAN_POINT('',(41.659654032685,-6.565378678239,
    40.645162467874));
#4901 = CARTESIAN_POINT('',(41.690717722713,-6.347681340311,
    40.619786933868));
#4902 = CARTESIAN_POINT('',(41.750094865044,-5.911540335079,
    40.571462588769));
#4903 = CARTESIAN_POINT('',(41.778404689621,-5.69309607484,
    40.548516970113));
#4904 = CARTESIAN_POINT('',(41.80531126462,-5.474438511032,
    40.526787070959));
#4905 = CARTESIAN_POINT('',(41.856233178393,-5.037387723869,
    40.485791947928));
#4906 = CARTESIAN_POINT('',(41.880256922684,-4.818995675632,
    40.466519543597));
#4907 = CARTESIAN_POINT('',(41.902877419572,-4.600427438338,
    40.448427616477));
#4908 = CARTESIAN_POINT('',(41.945259065413,-4.163449722068,
    40.414618415882));
#4909 = CARTESIAN_POINT('',(41.965026338112,-3.945040944018,
    40.398896049983));
#4910 = CARTESIAN_POINT('',(41.983389912367,-3.726490752153,
    40.384325941759));
#4911 = CARTESIAN_POINT('',(42.017275568262,-3.289515386473,
    40.357494882942));
#4912 = CARTESIAN_POINT('',(42.032802467747,-3.071090648803,
    40.345230013381));
#4913 = CARTESIAN_POINT('',(42.046925493515,-2.852557545479,
    40.334095136952));
#4914 = CARTESIAN_POINT('',(42.072344031476,-2.415584067197,
    40.314084394238));
#4915 = CARTESIAN_POINT('',(42.083643112837,-2.197143934513,
    40.305205674197));
#4916 = CARTESIAN_POINT('',(42.093538293943,-1.978627182664,
    40.29744041725));
#4917 = CARTESIAN_POINT('',(42.110514094975,-1.541585210483,
    40.284131198733));
#4918 = CARTESIAN_POINT('',(42.117596178844,-1.323060060835,
    40.278586080486));
#4919 = CARTESIAN_POINT('',(42.123273494345,-1.104489105178,
    40.274144172849));
#4920 = CARTESIAN_POINT('',(42.131465510744,-0.685294328381,
    40.267737440804));
#4921 = CARTESIAN_POINT('',(42.134202218723,-0.484675353944,
    40.265598698773));
#4922 = CARTESIAN_POINT('',(42.135755142967,-0.284042290682,
    40.264385200186));
#4923 = CARTESIAN_POINT('',(42.136162601915,-6.255512587233E-02,
    40.264066803971));
#4924 = CARTESIAN_POINT('',(42.136188175139,-4.170342598139E-02,
    40.264046820713));
#4925 = CARTESIAN_POINT('',(42.136200961751,-2.085171299061E-02,
    40.264036829084));
#4926 = CARTESIAN_POINT('',(42.136200961751,-1.06581410364E-14,
    40.264036829084));
#4927 = PCURVE('',#4251,#4928);
#4928 = DEFINITIONAL_REPRESENTATION('',(#4929),#4959);
#4929 = B_SPLINE_CURVE_WITH_KNOTS('',4,(#4930,#4931,#4932,#4933,#4934,
    #4935,#4936,#4937,#4938,#4939,#4940,#4941,#4942,#4943,#4944,#4945,
    #4946,#4947,#4948,#4949,#4950,#4951,#4952,#4953,#4954,#4955,#4956,
    #4957,#4958),.UNSPECIFIED.,.F.,.F.,(5,3,3,3,3,3,3,3,3,5),(0.,
    0.125290487598,0.250743594637,0.375821323193,0.500626310496,
    0.62521718756,0.749649696808,0.874017305884,0.988139493182,1.),
  .UNSPECIFIED.);
#4930 = CARTESIAN_POINT('',(6.11645165576,58.317829864684));
#4931 = CARTESIAN_POINT('',(6.121662382181,58.34580326024));
#4932 = CARTESIAN_POINT('',(6.126874880542,58.372508888395));
#4933 = CARTESIAN_POINT('',(6.132088946008,58.397965552586));
#4934 = CARTESIAN_POINT('',(6.142526640672,58.446445196753));
#4935 = CARTESIAN_POINT('',(6.147750273233,58.469464975096));
#4936 = CARTESIAN_POINT('',(6.152975135729,58.491265453775));
#4937 = CARTESIAN_POINT('',(6.16341140094,58.532394309492));
#4938 = CARTESIAN_POINT('',(6.168622796904,58.551729888555));
#4939 = CARTESIAN_POINT('',(6.173835134626,58.569881366442));
#4940 = CARTESIAN_POINT('',(6.184250093041,58.603802246555));
#4941 = CARTESIAN_POINT('',(6.189452709916,58.619576757088));
#4942 = CARTESIAN_POINT('',(6.194656032607,58.634195349836));
#4943 = CARTESIAN_POINT('',(6.205054967914,58.661115940484));
#4944 = CARTESIAN_POINT('',(6.210250578235,58.673421869951));
#4945 = CARTESIAN_POINT('',(6.215446698494,58.684594118737));
#4946 = CARTESIAN_POINT('',(6.225833188625,58.704672159097));
#4947 = CARTESIAN_POINT('',(6.231023557215,58.71358081382));
#4948 = CARTESIAN_POINT('',(6.236214269841,58.721372298169));
#4949 = CARTESIAN_POINT('',(6.246593531095,58.734726526167));
#4950 = CARTESIAN_POINT('',(6.251782079252,58.740290430359));
#4951 = CARTESIAN_POINT('',(6.256970826464,58.74474740151));
#4952 = CARTESIAN_POINT('',(6.266921125606,58.751175872395));
#4953 = CARTESIAN_POINT('',(6.271682656437,58.753321878538));
#4954 = CARTESIAN_POINT('',(6.276444247547,58.754539499224));
#4955 = CARTESIAN_POINT('',(6.281700713524,58.754858977007));
#4956 = CARTESIAN_POINT('',(6.282195578039,58.754879028147));
#4957 = CARTESIAN_POINT('',(6.282690442609,58.754889053717));
#4958 = CARTESIAN_POINT('',(6.28318530718,58.754889053717));
#4959 = ( GEOMETRIC_REPRESENTATION_CONTEXT(2) 
PARAMETRIC_REPRESENTATION_CONTEXT() REPRESENTATION_CONTEXT('2D SPACE',''
  ) );
#4960 = PCURVE('',#4961,#4969);
#4961 = SURFACE_OF_LINEAR_EXTRUSION('',#4962,#4967);
#4962 = ELLIPSE('',#4963,28.,24.);
#4963 = AXIS2_PLACEMENT_3D('',#4964,#4965,#4966);
#4964 = CARTESIAN_POINT('',(61.,0.,58.));
#4965 = DIRECTION('',(0.,-1.,0.));
#4966 = DIRECTION('',(1.,0.,0.));
#4967 = VECTOR('',#4968,1.);
#4968 = DIRECTION('',(-0.,1.,-0.));
#4969 = DEFINITIONAL_REPRESENTATION('',(#4970),#5000);
#4970 = B_SPLINE_CURVE_WITH_KNOTS('',4,(#4971,#4972,#4973,#4974,#4975,
    #4976,#4977,#4978,#4979,#4980,#4981,#4982,#4983,#4984,#4985,#4986,
    #4987,#4988,#4989,#4990,#4991,#4992,#4993,#4994,#4995,#4996,#4997,
    #4998,#4999),.UNSPECIFIED.,.F.,.F.,(5,3,3,3,3,3,3,3,3,5),(0.,
    0.125290487598,0.250743594637,0.375821323193,0.500626310496,
    0.62521718756,0.749649696808,0.874017305884,0.988139493182,1.),
  .UNSPECIFIED.);
#4971 = CARTESIAN_POINT('',(3.946616445333,-7.0000012));
#4972 = CARTESIAN_POINT('',(3.948292824912,-6.782825330635));
#4973 = CARTESIAN_POINT('',(3.949897094278,-6.565378678239));
#4974 = CARTESIAN_POINT('',(3.95142964508,-6.347681340311));
#4975 = CARTESIAN_POINT('',(3.95435389479,-5.911540335079));
#4976 = CARTESIAN_POINT('',(3.955745408246,-5.69309607484));
#4977 = CARTESIAN_POINT('',(3.957065707718,-5.474438511032));
#4978 = CARTESIAN_POINT('',(3.959560734606,-5.037387723869));
#4979 = CARTESIAN_POINT('',(3.96073588574,-4.818995675632));
#4980 = CARTESIAN_POINT('',(3.961840838222,-4.600427438338));
#4981 = CARTESIAN_POINT('',(3.963908580741,-4.163449722068));
#4982 = CARTESIAN_POINT('',(3.964871675494,-3.945040944018));
#4983 = CARTESIAN_POINT('',(3.965765366449,-3.726490752153));
#4984 = CARTESIAN_POINT('',(3.967412917719,-3.289515386473));
#4985 = CARTESIAN_POINT('',(3.968167015274,-3.071090648803));
#4986 = CARTESIAN_POINT('',(3.968852336666,-2.852557545479));
#4987 = CARTESIAN_POINT('',(3.97008493573,-2.415584067197));
#4988 = CARTESIAN_POINT('',(3.970632387752,-2.197143934513));
#4989 = CARTESIAN_POINT('',(3.971111529885,-1.978627182664));
#4990 = CARTESIAN_POINT('',(3.971933174765,-1.541585210483));
#4991 = CARTESIAN_POINT('',(3.972275748643,-1.323060060835));
#4992 = CARTESIAN_POINT('',(3.972550278329,-1.104489105178));
#4993 = CARTESIAN_POINT('',(3.972946332838,-0.685294328381));
#4994 = CARTESIAN_POINT('',(3.973078599129,-0.484675353944));
#4995 = CARTESIAN_POINT('',(3.97315364943,-0.284042290682));
#4996 = CARTESIAN_POINT('',(3.973173341155,-6.255512587233E-02));
#4997 = CARTESIAN_POINT('',(3.973174577056,-4.170342598139E-02));
#4998 = CARTESIAN_POINT('',(3.973175195007,-2.085171299061E-02));
#4999 = CARTESIAN_POINT('',(3.973175195007,-1.06581410364E-14));
#5000 = ( GEOMETRIC_REPRESENTATION_CONTEXT(2) 
PARAMETRIC_REPRESENTATION_CONTEXT() REPRESENTATION_CONTEXT('2D SPACE',''
  ) );
#5001 = ORIENTED_EDGE('',*,*,#5002,.T.);
#5002 = EDGE_CURVE('',#4894,#5003,#5005,.T.);
#5003 = VERTEX_POINT('',#5004);
#5004 = CARTESIAN_POINT('',(40.,-7.,28.268149260526));
#5005 = SURFACE_CURVE('',#5006,(#5099,#5195),.PCURVE_S1.);
#5006 = B_SPLINE_CURVE_WITH_KNOTS('',7,(#5007,#5008,#5009,#5010,#5011,
    #5012,#5013,#5014,#5015,#5016,#5017,#5018,#5019,#5020,#5021,#5022,
    #5023,#5024,#5025,#5026,#5027,#5028,#5029,#5030,#5031,#5032,#5033,
    #5034,#5035,#5036,#5037,#5038,#5039,#5040,#5041,#5042,#5043,#5044,
    #5045,#5046,#5047,#5048,#5049,#5050,#5051,#5052,#5053,#5054,#5055,
    #5056,#5057,#5058,#5059,#5060,#5061,#5062,#5063,#5064,#5065,#5066,
    #5067,#5068,#5069,#5070,#5071,#5072,#5073,#5074,#5075,#5076,#5077,
    #5078,#5079,#5080,#5081,#5082,#5083,#5084,#5085,#5086,#5087,#5088,
    #5089,#5090,#5091,#5092,#5093,#5094,#5095,#5096,#5097,#5098),
  .UNSPECIFIED.,.F.,.F.,(8,6,6,6,6,6,6,6,6,6,6,6,6,6,6,8),(0.,
    1.57152259882E-02,0.137557287712,0.183557686977,0.218368045736,
    0.263123124603,0.352630920424,0.593852846451,0.63740045888,
    0.680958374039,0.709584892628,0.731988260319,0.750656953446,
    0.806653018267,0.973229306748,1.),.UNSPECIFIED.);
#5007 = CARTESIAN_POINT('',(48.739289166819,-7.,94.));
#5008 = CARTESIAN_POINT('',(48.714688284796,-7.,93.853145967953));
#5009 = CARTESIAN_POINT('',(48.690118877763,-7.,93.70628725051));
#5010 = CARTESIAN_POINT('',(48.665580111505,-7.,93.559421821135));
#5011 = CARTESIAN_POINT('',(48.64107214301,-7.,93.412553567473));
#5012 = CARTESIAN_POINT('',(48.616593834188,-7.,93.265678649955));
#5013 = CARTESIAN_POINT('',(48.592145120897,-7.,93.118799637351));
#5014 = CARTESIAN_POINT('',(48.37839608417,-7.,91.833106776219));
#5015 = CARTESIAN_POINT('',(48.190809353227,-7.,90.694011580479));
#5016 = CARTESIAN_POINT('',(48.004741372678,-7.,89.554670305118));
#5017 = CARTESIAN_POINT('',(47.819968128571,-7.,88.415122612506));
#5018 = CARTESIAN_POINT('',(47.636265399549,-7.,87.275407650787));
#5019 = CARTESIAN_POINT('',(47.453408756853,-7.,86.135564053886));
#5020 = CARTESIAN_POINT('',(47.202372269443,-7.,84.565257838773));
#5021 = CARTESIAN_POINT('',(47.133659556927,-7.,84.134872852948));
#5022 = CARTESIAN_POINT('',(47.065023339541,-7.,83.704477045375));
#5023 = CARTESIAN_POINT('',(46.996451526495,-7.,83.274072473983));
#5024 = CARTESIAN_POINT('',(46.927932023438,-7.,82.843661193286));
#5025 = CARTESIAN_POINT('',(46.859452732458,-7.,82.413245254384));
#5026 = CARTESIAN_POINT('',(46.739201781108,-7.,81.657111616371));
#5027 = CARTESIAN_POINT('',(46.687417511815,-7.,81.3313951325));
#5028 = CARTESIAN_POINT('',(46.635647499947,-7.,81.005677477723));
#5029 = CARTESIAN_POINT('',(46.583874211856,-7.,80.679961577742));
#5030 = CARTESIAN_POINT('',(46.532115220375,-7.,80.35424453534));
#5031 = CARTESIAN_POINT('',(46.480336869863,-7.,80.02853195017));
#5032 = CARTESIAN_POINT('',(46.361988557746,-7.,79.284059095282));
#5033 = CARTESIAN_POINT('',(46.295417527575,-7.,78.865299830454));
#5034 = CARTESIAN_POINT('',(46.228865957841,-7.,78.446539459836));
#5035 = CARTESIAN_POINT('',(46.16235413329,-7.,78.027774655875));
#5036 = CARTESIAN_POINT('',(46.095902344703,-7.,77.609002095961));
#5037 = CARTESIAN_POINT('',(46.029530888896,-7.,77.190218462428));
#5038 = CARTESIAN_POINT('',(45.830721925757,-7.,75.933846504504));
#5039 = CARTESIAN_POINT('',(45.698586315665,-7.,75.096215124977));
#5040 = CARTESIAN_POINT('',(45.567015638752,-7.,74.258499686956));
#5041 = CARTESIAN_POINT('',(45.436172423086,-7.,73.42067392139));
#5042 = CARTESIAN_POINT('',(45.306219324491,-7.,72.582711907183));
#5043 = CARTESIAN_POINT('',(45.177319126549,-7.,71.744588071197));
#5044 = CARTESIAN_POINT('',(44.705527579648,-7.,68.647044191412));
#5045 = CARTESIAN_POINT('',(44.370252732345,-7.,66.386465795887));
#5046 = CARTESIAN_POINT('',(44.04699565927,-7.,64.124029609069));
#5047 = CARTESIAN_POINT('',(43.738953124385,-7.,61.859276399108));
#5048 = CARTESIAN_POINT('',(43.449330358975,-7.,59.591800510617));
#5049 = CARTESIAN_POINT('',(43.181331752777,-7.,57.321251187304));
#5050 = CARTESIAN_POINT('',(42.894242764208,-7.,54.636826390882));
#5051 = CARTESIAN_POINT('',(42.851154228458,-7.,54.226207975971));
#5052 = CARTESIAN_POINT('',(42.808826666237,-7.,53.815487911902));
#5053 = CARTESIAN_POINT('',(42.767203779324,-7.,53.404674850914));
#5054 = CARTESIAN_POINT('',(42.726230300992,-7.,52.993777085159));
#5055 = CARTESIAN_POINT('',(42.685852521143,-7.,52.58280247249));
#5056 = CARTESIAN_POINT('',(42.606167665165,-7.,51.760618171051));
#5057 = CARTESIAN_POINT('',(42.566861007429,-7.,51.349408464882));
#5058 = CARTESIAN_POINT('',(42.52803990218,-7.,50.938137651912));
#5059 = CARTESIAN_POINT('',(42.489649423955,-7.,50.526813431926));
#5060 = CARTESIAN_POINT('',(42.451634652111,-7.,50.115443379303));
#5061 = CARTESIAN_POINT('',(42.413940670823,-7.,49.704034943017));
#5062 = CARTESIAN_POINT('',(42.351914600006,-7.,49.02219498444));
#5063 = CARTESIAN_POINT('',(42.327431469018,-7.,48.751781118617));
#5064 = CARTESIAN_POINT('',(42.303047588824,-7.,48.481355934025));
#5065 = CARTESIAN_POINT('',(42.278747371361,-7.,48.210921505454));
#5066 = CARTESIAN_POINT('',(42.254515227797,-7.,47.940479897623));
#5067 = CARTESIAN_POINT('',(42.230335568535,-7.,47.670033165186));
#5068 = CARTESIAN_POINT('',(42.187298460642,-7.,47.187926927523));
#5069 = CARTESIAN_POINT('',(42.168426714547,-7.,46.976268618252));
#5070 = CARTESIAN_POINT('',(42.149570091893,-7.,46.764609405792));
#5071 = CARTESIAN_POINT('',(42.130721118746,-7.,46.552950270794));
#5072 = CARTESIAN_POINT('',(42.111872320261,-7.,46.341292193679));
#5073 = CARTESIAN_POINT('',(42.09301622069,-7.,46.129636154638));
#5074 = CARTESIAN_POINT('',(42.058420269248,-7.,45.741612984604));
#5075 = CARTESIAN_POINT('',(42.042684933575,-7.,45.565244932102));
#5076 = CARTESIAN_POINT('',(42.026935010091,-7.,45.388879543401));
#5077 = CARTESIAN_POINT('',(42.011166171836,-7.,45.212517387046));
#5078 = CARTESIAN_POINT('',(41.99537409116,-7.,45.036159032849));
#5079 = CARTESIAN_POINT('',(41.97955443972,-7.,44.859805051891));
#5080 = CARTESIAN_POINT('',(41.916156738107,-7.,44.154503510377));
#5081 = CARTESIAN_POINT('',(41.868323586956,-7.,43.625595577049));
#5082 = CARTESIAN_POINT('',(41.82008662844,-7.,43.096747544365));
#5083 = CARTESIAN_POINT('',(41.771328967232,-7.,42.567975046187));
#5084 = CARTESIAN_POINT('',(41.72193361926,-7.,42.039294022407));
#5085 = CARTESIAN_POINT('',(41.671783511711,-7.,41.510720718946));
#5086 = CARTESIAN_POINT('',(41.468981885746,-7.,39.410249108205));
#5087 = CARTESIAN_POINT('',(41.309488028739,-7.,37.839344649075));
#5088 = CARTESIAN_POINT('',(41.139192644707,-7.,36.269966711195));
#5089 = CARTESIAN_POINT('',(40.955003073939,-7.,34.702595069288));
#5090 = CARTESIAN_POINT('',(40.753817881222,-7.,33.137781258245));
#5091 = CARTESIAN_POINT('',(40.532532830853,-7.,31.576147508605));
#5092 = CARTESIAN_POINT('',(40.24876606375,-7.,29.76803405692));
#5093 = CARTESIAN_POINT('',(40.208876987431,-7.,29.517784314076));
#5094 = CARTESIAN_POINT('',(40.168376177916,-7.,29.267637993197));
#5095 = CARTESIAN_POINT('',(40.127250840882,-7.,29.017598156816));
#5096 = CARTESIAN_POINT('',(40.085488200577,-7.,28.7676679395));
#5097 = CARTESIAN_POINT('',(40.04307549982,-7.,28.517850547856));
#5098 = CARTESIAN_POINT('',(40.,-7.,28.268149260526));
#5099 = PCURVE('',#4251,#5100);
#5100 = DEFINITIONAL_REPRESENTATION('',(#5101),#5194);
#5101 = B_SPLINE_CURVE_WITH_KNOTS('',7,(#5102,#5103,#5104,#5105,#5106,
    #5107,#5108,#5109,#5110,#5111,#5112,#5113,#5114,#5115,#5116,#5117,
    #5118,#5119,#5120,#5121,#5122,#5123,#5124,#5125,#5126,#5127,#5128,
    #5129,#5130,#5131,#5132,#5133,#5134,#5135,#5136,#5137,#5138,#5139,
    #5140,#5141,#5142,#5143,#5144,#5145,#5146,#5147,#5148,#5149,#5150,
    #5151,#5152,#5153,#5154,#5155,#5156,#5157,#5158,#5159,#5160,#5161,
    #5162,#5163,#5164,#5165,#5166,#5167,#5168,#5169,#5170,#5171,#5172,
    #5173,#5174,#5175,#5176,#5177,#5178,#5179,#5180,#5181,#5182,#5183,
    #5184,#5185,#5186,#5187,#5188,#5189,#5190,#5191,#5192,#5193),
  .UNSPECIFIED.,.F.,.F.,(8,6,6,6,6,6,6,6,6,6,6,6,6,6,6,8),(0.,
    1.57152259882E-02,0.137557287712,0.183557686977,0.218368045736,
    0.263123124603,0.352630920424,0.593852846451,0.63740045888,
    0.680958374039,0.709584892628,0.731988260319,0.750656953446,
    0.806653018267,0.973229306748,1.),.UNSPECIFIED.);
#5102 = CARTESIAN_POINT('',(6.140539460592,4.563617444767));
#5103 = CARTESIAN_POINT('',(6.140468433628,4.712470649543));
#5104 = CARTESIAN_POINT('',(6.140397413348,4.861324433729));
#5105 = CARTESIAN_POINT('',(6.140326406715,5.010176651952));
#5106 = CARTESIAN_POINT('',(6.140255397906,5.15903115791));
#5107 = CARTESIAN_POINT('',(6.140184400847,5.307883968236));
#5108 = CARTESIAN_POINT('',(6.140113404775,5.456737599837));
#5109 = CARTESIAN_POINT('',(6.139491995864,6.75967076425));
#5110 = CARTESIAN_POINT('',(6.138941740495,7.913753539622));
#5111 = CARTESIAN_POINT('',(6.138391080903,9.06783958737));
#5112 = CARTESIAN_POINT('',(6.137839417403,10.221929550996));
#5113 = CARTESIAN_POINT('',(6.137286115562,11.37602459534));
#5114 = CARTESIAN_POINT('',(6.136730506193,12.530126406582));
#5115 = CARTESIAN_POINT('',(6.135960982971,14.119961573336));
#5116 = CARTESIAN_POINT('',(6.135749651245,14.55568721468));
#5117 = CARTESIAN_POINT('',(6.135537852232,14.99141422498));
#5118 = CARTESIAN_POINT('',(6.135325547216,15.427142716462));
#5119 = CARTESIAN_POINT('',(6.135112696705,15.862872804871));
#5120 = CARTESIAN_POINT('',(6.134899260441,16.298604609467));
#5121 = CARTESIAN_POINT('',(6.134523207244,17.064075487874));
#5122 = CARTESIAN_POINT('',(6.134360856261,17.393813779129));
#5123 = CARTESIAN_POINT('',(6.134198139387,17.723553152072));
#5124 = CARTESIAN_POINT('',(6.134034999463,18.053293744206));
#5125 = CARTESIAN_POINT('',(6.133871490781,18.383035451747));
#5126 = CARTESIAN_POINT('',(6.133707504391,18.712778522762));
#5127 = CARTESIAN_POINT('',(6.133331729183,19.466469429826));
#5128 = CARTESIAN_POINT('',(6.133119663867,19.890418085146));
#5129 = CARTESIAN_POINT('',(6.132906964809,20.314368707745));
#5130 = CARTESIAN_POINT('',(6.132693693577,20.73832119475));
#5131 = CARTESIAN_POINT('',(6.132479913029,21.162275438154));
#5132 = CARTESIAN_POINT('',(6.132265687307,21.586231324825));
#5133 = CARTESIAN_POINT('',(6.131621882235,22.858081185845));
#5134 = CARTESIAN_POINT('',(6.131191164049,23.705979633632));
#5135 = CARTESIAN_POINT('',(6.130759450314,24.553883250958));
#5136 = CARTESIAN_POINT('',(6.130327286168,25.401790857295));
#5137 = CARTESIAN_POINT('',(6.129895238856,26.249700920493));
#5138 = CARTESIAN_POINT('',(6.129463897735,27.097611556772));
#5139 = CARTESIAN_POINT('',(6.127874968629,30.230620213017));
#5140 = CARTESIAN_POINT('',(6.126725640176,32.515694568423));
#5141 = CARTESIAN_POINT('',(6.125597857817,34.800718779825));
#5142 = CARTESIAN_POINT('',(6.124504776412,37.085614403704));
#5143 = CARTESIAN_POINT('',(6.123460765995,39.370249425984));
#5144 = CARTESIAN_POINT('',(6.122481163922,41.654438349313));
#5145 = CARTESIAN_POINT('',(6.121419379388,44.3501815604));
#5146 = CARTESIAN_POINT('',(6.121259641205,44.762397877899));
#5147 = CARTESIAN_POINT('',(6.121102363743,45.174592088913));
#5148 = CARTESIAN_POINT('',(6.120947359149,45.586765318439));
#5149 = CARTESIAN_POINT('',(6.120794440294,45.998918869276));
#5150 = CARTESIAN_POINT('',(6.120643422884,46.411054206015));
#5151 = CARTESIAN_POINT('',(6.120344767214,47.235389386472));
#5152 = CARTESIAN_POINT('',(6.120197130413,47.647589179726));
#5153 = CARTESIAN_POINT('',(6.120051010592,48.059774128121));
#5154 = CARTESIAN_POINT('',(6.119906213418,48.471946055877));
#5155 = CARTESIAN_POINT('',(6.119762541936,48.884106908655));
#5156 = CARTESIAN_POINT('',(6.119619796574,49.296258753566));
#5157 = CARTESIAN_POINT('',(6.119384437817,49.979267919312));
#5158 = CARTESIAN_POINT('',(6.119291413191,50.250129102499));
#5159 = CARTESIAN_POINT('',(6.11919864389,50.520987944122));
#5160 = CARTESIAN_POINT('',(6.119106072075,50.791845069403));
#5161 = CARTESIAN_POINT('',(6.119013639438,51.062701113393));
#5162 = CARTESIAN_POINT('',(6.118921287204,51.333556720966));
#5163 = CARTESIAN_POINT('',(6.118756697009,51.816386721712));
#5164 = CARTESIAN_POINT('',(6.118684450848,52.028361027989));
#5165 = CARTESIAN_POINT('',(6.11861218925,52.240335778652));
#5166 = CARTESIAN_POINT('',(6.118539883642,52.45231128699));
#5167 = CARTESIAN_POINT('',(6.118467505271,52.664287866587));
#5168 = CARTESIAN_POINT('',(6.118395025205,52.876265831321));
#5169 = CARTESIAN_POINT('',(6.118261907806,53.264887835553));
#5170 = CARTESIAN_POINT('',(6.118201310446,53.4415313549));
#5171 = CARTESIAN_POINT('',(6.118140605413,53.618176234965));
#5172 = CARTESIAN_POINT('',(6.118079775773,53.794822656133));
#5173 = CARTESIAN_POINT('',(6.118018804505,53.97147079761));
#5174 = CARTESIAN_POINT('',(6.117957674494,54.148120837426));
#5175 = CARTESIAN_POINT('',(6.117712483559,54.85463453491));
#5176 = CARTESIAN_POINT('',(6.117527015337,55.384514710752));
#5177 = CARTESIAN_POINT('',(6.117339500327,55.914418366082));
#5178 = CARTESIAN_POINT('',(6.117149466694,56.444350096127));
#5179 = CARTESIAN_POINT('',(6.116956434319,56.974314205216));
#5180 = CARTESIAN_POINT('',(6.116759914795,57.504314706785));
#5181 = CARTESIAN_POINT('',(6.11596295689,59.611112528299));
#5182 = CARTESIAN_POINT('',(6.115331250757,61.188206292591));
#5183 = CARTESIAN_POINT('',(6.114651189882,62.765762066609));
#5184 = CARTESIAN_POINT('',(6.11390892763,64.343835428084));
#5185 = CARTESIAN_POINT('',(6.113089697974,65.922412127033));
#5186 = CARTESIAN_POINT('',(6.112177401454,67.501407787777));
#5187 = CARTESIAN_POINT('',(6.110989473261,69.334472125288));
#5188 = CARTESIAN_POINT('',(6.110822122914,69.588283325348));
#5189 = CARTESIAN_POINT('',(6.11065182706,69.842100097776));
#5190 = CARTESIAN_POINT('',(6.110478509375,70.095921596818));
#5191 = CARTESIAN_POINT('',(6.110302092111,70.349746901445));
#5192 = CARTESIAN_POINT('',(6.110122496093,70.603575015353));
#5193 = CARTESIAN_POINT('',(6.109939640727,70.85740486696));
#5194 = ( GEOMETRIC_REPRESENTATION_CONTEXT(2) 
PARAMETRIC_REPRESENTATION_CONTEXT() REPRESENTATION_CONTEXT('2D SPACE',''
  ) );
#5195 = PCURVE('',#5196,#5201);
#5196 = PLANE('',#5197);
#5197 = AXIS2_PLACEMENT_3D('',#5198,#5199,#5200);
#5198 = CARTESIAN_POINT('',(61.532700833651,-7.,58.));
#5199 = DIRECTION('',(-0.,-1.,-0.));
#5200 = DIRECTION('',(0.,0.,-1.));
#5201 = DEFINITIONAL_REPRESENTATION('',(#5202),#5295);
#5202 = B_SPLINE_CURVE_WITH_KNOTS('',7,(#5203,#5204,#5205,#5206,#5207,
    #5208,#5209,#5210,#5211,#5212,#5213,#5214,#5215,#5216,#5217,#5218,
    #5219,#5220,#5221,#5222,#5223,#5224,#5225,#5226,#5227,#5228,#5229,
    #5230,#5231,#5232,#5233,#5234,#5235,#5236,#5237,#5238,#5239,#5240,
    #5241,#5242,#5243,#5244,#5245,#5246,#5247,#5248,#5249,#5250,#5251,
    #5252,#5253,#5254,#5255,#5256,#5257,#5258,#5259,#5260,#5261,#5262,
    #5263,#5264,#5265,#5266,#5267,#5268,#5269,#5270,#5271,#5272,#5273,
    #5274,#5275,#5276,#5277,#5278,#5279,#5280,#5281,#5282,#5283,#5284,
    #5285,#5286,#5287,#5288,#5289,#5290,#5291,#5292,#5293,#5294),
  .UNSPECIFIED.,.F.,.F.,(8,6,6,6,6,6,6,6,6,6,6,6,6,6,6,8),(0.,
    1.57152259882E-02,0.137557287712,0.183557686977,0.218368045736,
    0.263123124603,0.352630920424,0.593852846451,0.63740045888,
    0.680958374039,0.709584892628,0.731988260319,0.750656953446,
    0.806653018267,0.973229306748,1.),.UNSPECIFIED.);
#5203 = CARTESIAN_POINT('',(-36.,-12.79341166683));
#5204 = CARTESIAN_POINT('',(-35.85314596795,-12.81801254885));
#5205 = CARTESIAN_POINT('',(-35.70628725051,-12.84258195588));
#5206 = CARTESIAN_POINT('',(-35.55942182113,-12.86712072214));
#5207 = CARTESIAN_POINT('',(-35.41255356747,-12.89162869064));
#5208 = CARTESIAN_POINT('',(-35.26567864995,-12.91610699946));
#5209 = CARTESIAN_POINT('',(-35.11879963735,-12.94055571275));
#5210 = CARTESIAN_POINT('',(-33.83310677621,-13.15430474948));
#5211 = CARTESIAN_POINT('',(-32.69401158047,-13.34189148042));
#5212 = CARTESIAN_POINT('',(-31.55467030511,-13.52795946097));
#5213 = CARTESIAN_POINT('',(-30.4151226125,-13.71273270508));
#5214 = CARTESIAN_POINT('',(-29.27540765078,-13.8964354341));
#5215 = CARTESIAN_POINT('',(-28.13556405388,-14.07929207679));
#5216 = CARTESIAN_POINT('',(-26.56525783877,-14.3303285642));
#5217 = CARTESIAN_POINT('',(-26.13487285294,-14.39904127672));
#5218 = CARTESIAN_POINT('',(-25.70447704537,-14.46767749411));
#5219 = CARTESIAN_POINT('',(-25.27407247398,-14.53624930715));
#5220 = CARTESIAN_POINT('',(-24.84366119328,-14.60476881021));
#5221 = CARTESIAN_POINT('',(-24.41324525438,-14.67324810119));
#5222 = CARTESIAN_POINT('',(-23.65711161637,-14.79349905254));
#5223 = CARTESIAN_POINT('',(-23.3313951325,-14.84528332183));
#5224 = CARTESIAN_POINT('',(-23.00567747772,-14.8970533337));
#5225 = CARTESIAN_POINT('',(-22.67996157774,-14.94882662179));
#5226 = CARTESIAN_POINT('',(-22.35424453534,-15.00058561327));
#5227 = CARTESIAN_POINT('',(-22.02853195017,-15.05236396378));
#5228 = CARTESIAN_POINT('',(-21.28405909528,-15.1707122759));
#5229 = CARTESIAN_POINT('',(-20.86529983045,-15.23728330607));
#5230 = CARTESIAN_POINT('',(-20.44653945983,-15.30383487581));
#5231 = CARTESIAN_POINT('',(-20.02777465587,-15.37034670036));
#5232 = CARTESIAN_POINT('',(-19.60900209596,-15.43679848894));
#5233 = CARTESIAN_POINT('',(-19.19021846242,-15.50316994475));
#5234 = CARTESIAN_POINT('',(-17.9338465045,-15.70197890789));
#5235 = CARTESIAN_POINT('',(-17.09621512497,-15.83411451798));
#5236 = CARTESIAN_POINT('',(-16.25849968695,-15.96568519489));
#5237 = CARTESIAN_POINT('',(-15.42067392139,-16.09652841056));
#5238 = CARTESIAN_POINT('',(-14.58271190718,-16.22648150916));
#5239 = CARTESIAN_POINT('',(-13.74458807119,-16.3553817071));
#5240 = CARTESIAN_POINT('',(-10.64704419141,-16.827173254));
#5241 = CARTESIAN_POINT('',(-8.386465795887,-17.1624481013));
#5242 = CARTESIAN_POINT('',(-6.124029609069,-17.48570517438));
#5243 = CARTESIAN_POINT('',(-3.859276399108,-17.79374770926));
#5244 = CARTESIAN_POINT('',(-1.591800510617,-18.08337047467));
#5245 = CARTESIAN_POINT('',(0.678748812696,-18.35136908087));
#5246 = CARTESIAN_POINT('',(3.363173609118,-18.63845806944));
#5247 = CARTESIAN_POINT('',(3.773792024029,-18.68154660519));
#5248 = CARTESIAN_POINT('',(4.184512088098,-18.72387416741));
#5249 = CARTESIAN_POINT('',(4.595325149086,-18.76549705432));
#5250 = CARTESIAN_POINT('',(5.006222914841,-18.80647053265));
#5251 = CARTESIAN_POINT('',(5.41719752751,-18.8468483125));
#5252 = CARTESIAN_POINT('',(6.239381828949,-18.92653316848));
#5253 = CARTESIAN_POINT('',(6.650591535118,-18.96583982622));
#5254 = CARTESIAN_POINT('',(7.061862348088,-19.00466093147));
#5255 = CARTESIAN_POINT('',(7.473186568074,-19.04305140969));
#5256 = CARTESIAN_POINT('',(7.884556620697,-19.08106618154));
#5257 = CARTESIAN_POINT('',(8.295965056983,-19.11876016282));
#5258 = CARTESIAN_POINT('',(8.97780501556,-19.18078623364));
#5259 = CARTESIAN_POINT('',(9.248218881383,-19.20526936463));
#5260 = CARTESIAN_POINT('',(9.518644065975,-19.22965324482));
#5261 = CARTESIAN_POINT('',(9.789078494546,-19.25395346229));
#5262 = CARTESIAN_POINT('',(10.059520102377,-19.27818560585));
#5263 = CARTESIAN_POINT('',(10.329966834814,-19.30236526511));
#5264 = CARTESIAN_POINT('',(10.812073072477,-19.345402373));
#5265 = CARTESIAN_POINT('',(11.023731381748,-19.3642741191));
#5266 = CARTESIAN_POINT('',(11.235390594208,-19.38313074175));
#5267 = CARTESIAN_POINT('',(11.447049729206,-19.4019797149));
#5268 = CARTESIAN_POINT('',(11.658707806321,-19.42082851339));
#5269 = CARTESIAN_POINT('',(11.870363845362,-19.43968461296));
#5270 = CARTESIAN_POINT('',(12.258387015396,-19.4742805644));
#5271 = CARTESIAN_POINT('',(12.434755067898,-19.49001590007));
#5272 = CARTESIAN_POINT('',(12.611120456599,-19.50576582356));
#5273 = CARTESIAN_POINT('',(12.787482612954,-19.52153466181));
#5274 = CARTESIAN_POINT('',(12.963840967151,-19.53732674249));
#5275 = CARTESIAN_POINT('',(13.140194948109,-19.55314639393));
#5276 = CARTESIAN_POINT('',(13.845496489623,-19.61654409554));
#5277 = CARTESIAN_POINT('',(14.374404422951,-19.66437724669));
#5278 = CARTESIAN_POINT('',(14.903252455635,-19.71261420521));
#5279 = CARTESIAN_POINT('',(15.432024953813,-19.76137186641));
#5280 = CARTESIAN_POINT('',(15.960705977593,-19.81076721439));
#5281 = CARTESIAN_POINT('',(16.489279281054,-19.86091732194));
#5282 = CARTESIAN_POINT('',(18.589750891795,-20.0637189479));
#5283 = CARTESIAN_POINT('',(20.160655350925,-20.22321280491));
#5284 = CARTESIAN_POINT('',(21.730033288805,-20.39350818894));
#5285 = CARTESIAN_POINT('',(23.297404930712,-20.57769775971));
#5286 = CARTESIAN_POINT('',(24.862218741756,-20.77888295242));
#5287 = CARTESIAN_POINT('',(26.423852491395,-21.00016800279));
#5288 = CARTESIAN_POINT('',(28.23196594308,-21.2839347699));
#5289 = CARTESIAN_POINT('',(28.482215685924,-21.32382384622));
#5290 = CARTESIAN_POINT('',(28.732362006803,-21.36432465573));
#5291 = CARTESIAN_POINT('',(28.982401843184,-21.40544999276));
#5292 = CARTESIAN_POINT('',(29.2323320605,-21.44721263307));
#5293 = CARTESIAN_POINT('',(29.482149452144,-21.48962533383));
#5294 = CARTESIAN_POINT('',(29.731850739474,-21.53270083365));
#5295 = ( GEOMETRIC_REPRESENTATION_CONTEXT(2) 
PARAMETRIC_REPRESENTATION_CONTEXT() REPRESENTATION_CONTEXT('2D SPACE',''
  ) );
#5296 = ORIENTED_EDGE('',*,*,#5297,.T.);
#5297 = EDGE_CURVE('',#5003,#5298,#5300,.T.);
#5298 = VERTEX_POINT('',#5299);
#5299 = CARTESIAN_POINT('',(40.,-6.015147724457,27.360319845011));
#5300 = SURFACE_CURVE('',#5301,(#5311,#5324),.PCURVE_S1.);
#5301 = B_SPLINE_CURVE_WITH_KNOTS('',8,(#5302,#5303,#5304,#5305,#5306,
    #5307,#5308,#5309,#5310),.UNSPECIFIED.,.F.,.F.,(9,9),(0.,1.),
  .PIECEWISE_BEZIER_KNOTS.);
#5302 = CARTESIAN_POINT('',(40.,-7.0000006,28.268149869193));
#5303 = CARTESIAN_POINT('',(40.,-6.935812845186,28.20303491489));
#5304 = CARTESIAN_POINT('',(40.,-6.823739434916,28.090266425607));
#5305 = CARTESIAN_POINT('',(40.,-6.6876303383,27.95645564234));
#5306 = CARTESIAN_POINT('',(40.,-6.543126120336,27.820343885354));
#5307 = CARTESIAN_POINT('',(40.,-6.401678265531,27.69185662677));
#5308 = CARTESIAN_POINT('',(40.,-6.268360090932,27.574420410495));
#5309 = CARTESIAN_POINT('',(40.,-6.142025503714,27.466002671067));
#5310 = CARTESIAN_POINT('',(40.,-6.015147724457,27.360319845011));
#5311 = PCURVE('',#4251,#5312);
#5312 = DEFINITIONAL_REPRESENTATION('',(#5313),#5323);
#5313 = B_SPLINE_CURVE_WITH_KNOTS('',8,(#5314,#5315,#5316,#5317,#5318,
    #5319,#5320,#5321,#5322),.UNSPECIFIED.,.F.,.F.,(9,9),(0.,1.),
  .PIECEWISE_BEZIER_KNOTS.);
#5314 = CARTESIAN_POINT('',(6.109939626173,70.857404248229));
#5315 = CARTESIAN_POINT('',(6.111496636591,70.923595813954));
#5316 = CARTESIAN_POINT('',(6.114216184002,71.038236774893));
#5317 = CARTESIAN_POINT('',(6.11752226857,71.17429653649));
#5318 = CARTESIAN_POINT('',(6.121038523913,71.312746740955));
#5319 = CARTESIAN_POINT('',(6.12448540375,71.443475806591));
#5320 = CARTESIAN_POINT('',(6.127738004396,71.56298797211));
#5321 = CARTESIAN_POINT('',(6.130823219028,71.673342511719));
#5322 = CARTESIAN_POINT('',(6.13392502015,71.780934890216));
#5323 = ( GEOMETRIC_REPRESENTATION_CONTEXT(2) 
PARAMETRIC_REPRESENTATION_CONTEXT() REPRESENTATION_CONTEXT('2D SPACE',''
  ) );
#5324 = PCURVE('',#5325,#5330);
#5325 = PLANE('',#5326);
#5326 = AXIS2_PLACEMENT_3D('',#5327,#5328,#5329);
#5327 = CARTESIAN_POINT('',(40.,-8.,-2.));
#5328 = DIRECTION('',(1.,0.,0.));
#5329 = DIRECTION('',(0.,0.,1.));
#5330 = DEFINITIONAL_REPRESENTATION('',(#5331),#5341);
#5331 = B_SPLINE_CURVE_WITH_KNOTS('',8,(#5332,#5333,#5334,#5335,#5336,
    #5337,#5338,#5339,#5340),.UNSPECIFIED.,.F.,.F.,(9,9),(0.,1.),
  .PIECEWISE_BEZIER_KNOTS.);
#5332 = CARTESIAN_POINT('',(30.268149869193,-0.9999994));
#5333 = CARTESIAN_POINT('',(30.20303491489,-1.064187154814));
#5334 = CARTESIAN_POINT('',(30.090266425607,-1.176260565084));
#5335 = CARTESIAN_POINT('',(29.95645564234,-1.3123696617));
#5336 = CARTESIAN_POINT('',(29.820343885354,-1.456873879664));
#5337 = CARTESIAN_POINT('',(29.69185662677,-1.598321734469));
#5338 = CARTESIAN_POINT('',(29.574420410495,-1.731639909068));
#5339 = CARTESIAN_POINT('',(29.466002671067,-1.857974496286));
#5340 = CARTESIAN_POINT('',(29.360319845011,-1.984852275543));
#5341 = ( GEOMETRIC_REPRESENTATION_CONTEXT(2) 
PARAMETRIC_REPRESENTATION_CONTEXT() REPRESENTATION_CONTEXT('2D SPACE',''
  ) );
#5342 = ORIENTED_EDGE('',*,*,#5343,.T.);
#5343 = EDGE_CURVE('',#5298,#5344,#5346,.T.);
#5344 = VERTEX_POINT('',#5345);
#5345 = CARTESIAN_POINT('',(40.40946005669,0.,27.136039973413));
#5346 = SURFACE_CURVE('',#5347,(#5374,#5404),.PCURVE_S1.);
#5347 = B_SPLINE_CURVE_WITH_KNOTS('',4,(#5348,#5349,#5350,#5351,#5352,
    #5353,#5354,#5355,#5356,#5357,#5358,#5359,#5360,#5361,#5362,#5363,
    #5364,#5365,#5366,#5367,#5368,#5369,#5370,#5371,#5372,#5373),
  .UNSPECIFIED.,.F.,.F.,(5,3,3,3,3,3,3,3,5),(0.,0.140156873091,
    0.263422284969,0.38651845175,0.50947507927,0.63232104244,
    0.755038110227,0.877746947388,1.),.UNSPECIFIED.);
#5348 = CARTESIAN_POINT('',(40.,-6.015147724457,27.360319845011));
#5349 = CARTESIAN_POINT('',(40.028662080611,-5.805445053753,
    27.344407734025));
#5350 = CARTESIAN_POINT('',(40.055991429808,-5.595591078725,
    27.32927548037));
#5351 = CARTESIAN_POINT('',(40.081986603814,-5.385597077686,
    27.31491539889));
#5352 = CARTESIAN_POINT('',(40.128334254368,-4.990675057859,
    27.289364792722));
#5353 = CARTESIAN_POINT('',(40.148989210344,-4.805776198431,
    27.278000852069));
#5354 = CARTESIAN_POINT('',(40.168610469952,-4.620785225644,
    27.267224596225));
#5355 = CARTESIAN_POINT('',(40.205758763282,-4.250887940342,
    27.246853769237));
#5356 = CARTESIAN_POINT('',(40.223288634851,-4.065981861667,
    27.237257595932));
#5357 = CARTESIAN_POINT('',(40.239786337319,-3.880998648643,
    27.228239841834));
#5358 = CARTESIAN_POINT('',(40.270698829917,-3.511102163688,
    27.211364376923));
#5359 = CARTESIAN_POINT('',(40.285115959536,-3.32618905148,
    27.203505362685));
#5360 = CARTESIAN_POINT('',(40.298502217797,-3.141213377556,
    27.196217109643));
#5361 = CARTESIAN_POINT('',(40.32320106993,-2.771317603531,
    27.182783104854));
#5362 = CARTESIAN_POINT('',(40.334515518953,-2.586397604524,
    27.176636330714));
#5363 = CARTESIAN_POINT('',(40.344800150818,-2.401429289939,
    27.171054232895));
#5364 = CARTESIAN_POINT('',(40.363299487587,-2.031604103071,
    27.161020868761));
#5365 = CARTESIAN_POINT('',(40.371516352764,-1.846747318738,
    27.15656842206));
#5366 = CARTESIAN_POINT('',(40.3787049794,-1.661856238059,
    27.152675689604));
#5367 = CARTESIAN_POINT('',(40.391024963688,-1.292031673552,
    27.146007362234));
#5368 = CARTESIAN_POINT('',(40.396156459113,-1.10709819463,
    27.143231692399));
#5369 = CARTESIAN_POINT('',(40.400259474896,-0.922144209962,
    27.141013147539));
#5370 = CARTESIAN_POINT('',(40.40639694108,-0.552895976388,
    27.13769522681));
#5371 = CARTESIAN_POINT('',(40.408439018181,-0.368601829903,
    27.13659172455));
#5372 = CARTESIAN_POINT('',(40.40946005669,-0.184300915251,
    27.136039973413));
#5373 = CARTESIAN_POINT('',(40.40946005669,-9.769962616701E-15,
    27.136039973413));
#5374 = PCURVE('',#4251,#5375);
#5375 = DEFINITIONAL_REPRESENTATION('',(#5376),#5403);
#5376 = B_SPLINE_CURVE_WITH_KNOTS('',4,(#5377,#5378,#5379,#5380,#5381,
    #5382,#5383,#5384,#5385,#5386,#5387,#5388,#5389,#5390,#5391,#5392,
    #5393,#5394,#5395,#5396,#5397,#5398,#5399,#5400,#5401,#5402),
  .UNSPECIFIED.,.F.,.F.,(5,3,3,3,3,3,3,3,5),(0.,0.140156873091,
    0.263422284969,0.38651845175,0.50947507927,0.63232104244,
    0.755038110227,0.877746947388,1.),.UNSPECIFIED.);
#5377 = CARTESIAN_POINT('',(6.13392502015,71.780934890216));
#5378 = CARTESIAN_POINT('',(6.139157025798,71.797134512537));
#5379 = CARTESIAN_POINT('',(6.144388810693,71.812540772168));
#5380 = CARTESIAN_POINT('',(6.149620370153,71.827161365149));
#5381 = CARTESIAN_POINT('',(6.159452564542,71.853176257443));
#5382 = CARTESIAN_POINT('',(6.164053251356,71.864747026714));
#5383 = CARTESIAN_POINT('',(6.168653764047,71.875719690539));
#5384 = CARTESIAN_POINT('',(6.177848135942,71.896462253043));
#5385 = CARTESIAN_POINT('',(6.182441995571,71.906233782436));
#5386 = CARTESIAN_POINT('',(6.187035692572,71.915416516701));
#5387 = CARTESIAN_POINT('',(6.196217573215,71.932601029914));
#5388 = CARTESIAN_POINT('',(6.200805757167,71.940604135768));
#5389 = CARTESIAN_POINT('',(6.205393797812,71.948026143029));
#5390 = CARTESIAN_POINT('',(6.214565488644,71.961706883461));
#5391 = CARTESIAN_POINT('',(6.219149139032,71.967966657601));
#5392 = CARTESIAN_POINT('',(6.223732671682,71.973651449657));
#5393 = CARTESIAN_POINT('',(6.232894722631,71.983869504191));
#5394 = CARTESIAN_POINT('',(6.237473241112,71.988403968649));
#5395 = CARTESIAN_POINT('',(6.242051672251,71.992368445067));
#5396 = CARTESIAN_POINT('',(6.25120808642,71.999159715844));
#5397 = CARTESIAN_POINT('',(6.255786069426,72.001986586494));
#5398 = CARTESIAN_POINT('',(6.260363998708,72.004246066934));
#5399 = CARTESIAN_POINT('',(6.269502781598,72.007625218106));
#5400 = CARTESIAN_POINT('',(6.274063635439,72.008749091328));
#5401 = CARTESIAN_POINT('',(6.278624471301,72.009311027945));
#5402 = CARTESIAN_POINT('',(6.28318530718,72.009311027945));
#5403 = ( GEOMETRIC_REPRESENTATION_CONTEXT(2) 
PARAMETRIC_REPRESENTATION_CONTEXT() REPRESENTATION_CONTEXT('2D SPACE',''
  ) );
#5404 = PCURVE('',#5405,#5413);
#5405 = SURFACE_OF_LINEAR_EXTRUSION('',#5406,#5411);
#5406 = ELLIPSE('',#5407,40.,36.);
#5407 = AXIS2_PLACEMENT_3D('',#5408,#5409,#5410);
#5408 = CARTESIAN_POINT('',(61.,0.,58.));
#5409 = DIRECTION('',(0.,-1.,0.));
#5410 = DIRECTION('',(1.,0.,0.));
#5411 = VECTOR('',#5412,1.);
#5412 = DIRECTION('',(-0.,1.,-0.));
#5413 = DEFINITIONAL_REPRESENTATION('',(#5414),#5441);
#5414 = B_SPLINE_CURVE_WITH_KNOTS('',4,(#5415,#5416,#5417,#5418,#5419,
    #5420,#5421,#5422,#5423,#5424,#5425,#5426,#5427,#5428,#5429,#5430,
    #5431,#5432,#5433,#5434,#5435,#5436,#5437,#5438,#5439,#5440),
  .UNSPECIFIED.,.F.,.F.,(5,3,3,3,3,3,3,3,5),(0.,0.140156873091,
    0.263422284969,0.38651845175,0.50947507927,0.63232104244,
    0.755038110227,0.877746947388,1.),.UNSPECIFIED.);
#5415 = CARTESIAN_POINT('',(4.159673867288,-6.015147724457));
#5416 = CARTESIAN_POINT('',(4.160515777922,-5.805445053753));
#5417 = CARTESIAN_POINT('',(4.161317958378,-5.595591078725));
#5418 = CARTESIAN_POINT('',(4.162080491555,-5.385597077686));
#5419 = CARTESIAN_POINT('',(4.16343927593,-4.990675057859));
#5420 = CARTESIAN_POINT('',(4.164044491695,-4.805776198431));
#5421 = CARTESIAN_POINT('',(4.164619144363,-4.620785225644));
#5422 = CARTESIAN_POINT('',(4.165706660188,-4.250887940342));
#5423 = CARTESIAN_POINT('',(4.166219607093,-4.065981861667));
#5424 = CARTESIAN_POINT('',(4.166702158254,-3.880998648643));
#5425 = CARTESIAN_POINT('',(4.167606026354,-3.511102163688));
#5426 = CARTESIAN_POINT('',(4.168027412084,-3.32618905148));
#5427 = CARTESIAN_POINT('',(4.168418540598,-3.141213377556));
#5428 = CARTESIAN_POINT('',(4.169140014278,-2.771317603531));
#5429 = CARTESIAN_POINT('',(4.16947041383,-2.586397604524));
#5430 = CARTESIAN_POINT('',(4.169770666377,-2.401429289939));
#5431 = CARTESIAN_POINT('',(4.170310635955,-2.031604103071));
#5432 = CARTESIAN_POINT('',(4.170550416168,-1.846747318738));
#5433 = CARTESIAN_POINT('',(4.170760154412,-1.661856238059));
#5434 = CARTESIAN_POINT('',(4.171119562813,-1.292031673552));
#5435 = CARTESIAN_POINT('',(4.171269236995,-1.10709819463));
#5436 = CARTESIAN_POINT('',(4.171388901133,-0.922144209962));
#5437 = CARTESIAN_POINT('',(4.171567890226,-0.552895976388));
#5438 = CARTESIAN_POINT('',(4.171627437651,-0.368601829903));
#5439 = CARTESIAN_POINT('',(4.171657211364,-0.184300915251));
#5440 = CARTESIAN_POINT('',(4.171657211364,-9.769962616701E-15));
#5441 = ( GEOMETRIC_REPRESENTATION_CONTEXT(2) 
PARAMETRIC_REPRESENTATION_CONTEXT() REPRESENTATION_CONTEXT('2D SPACE',''
  ) );
#5442 = ORIENTED_EDGE('',*,*,#5443,.T.);
#5443 = EDGE_CURVE('',#5344,#5444,#5446,.T.);
#5444 = VERTEX_POINT('',#5445);
#5445 = CARTESIAN_POINT('',(38.,0.,17.));
#5446 = SEAM_CURVE('',#5447,(#5455,#5462),.PCURVE_S1.);
#5447 = B_SPLINE_CURVE_WITH_KNOTS('',3,(#5448,#5449,#5450,#5451,#5452,
    #5453,#5454),.UNSPECIFIED.,.F.,.F.,(4,1,1,1,4),(0.,18.741664813991,
    43.98547593672,74.188952557798,82.435163809033),.UNSPECIFIED.);
#5448 = CARTESIAN_POINT('',(50.,0.,98.5));
#5449 = CARTESIAN_POINT('',(48.937667456241,0.,92.343397827134));
#5450 = CARTESIAN_POINT('',(46.666565456048,0.,77.856852154263));
#5451 = CARTESIAN_POINT('',(42.814685389116,0.,53.438414706915));
#5452 = CARTESIAN_POINT('',(41.87864269837,0.,32.081888116448));
#5453 = CARTESIAN_POINT('',(38.792022864162,-0.,19.644087806772));
#5454 = CARTESIAN_POINT('',(38.,0.,17.));
#5455 = PCURVE('',#4251,#5456);
#5456 = DEFINITIONAL_REPRESENTATION('',(#5457),#5461);
#5457 = LINE('',#5458,#5459);
#5458 = CARTESIAN_POINT('',(0.,0.));
#5459 = VECTOR('',#5460,1.);
#5460 = DIRECTION('',(0.,1.));
#5461 = ( GEOMETRIC_REPRESENTATION_CONTEXT(2) 
PARAMETRIC_REPRESENTATION_CONTEXT() REPRESENTATION_CONTEXT('2D SPACE',''
  ) );
#5462 = PCURVE('',#4251,#5463);
#5463 = DEFINITIONAL_REPRESENTATION('',(#5464),#5468);
#5464 = LINE('',#5465,#5466);
#5465 = CARTESIAN_POINT('',(6.28318530718,0.));
#5466 = VECTOR('',#5467,1.);
#5467 = DIRECTION('',(0.,1.));
#5468 = ( GEOMETRIC_REPRESENTATION_CONTEXT(2) 
PARAMETRIC_REPRESENTATION_CONTEXT() REPRESENTATION_CONTEXT('2D SPACE',''
  ) );
#5469 = ORIENTED_EDGE('',*,*,#5470,.F.);
#5470 = EDGE_CURVE('',#5444,#5444,#5471,.T.);
#5471 = SURFACE_CURVE('',#5472,(#5477,#5484),.PCURVE_S1.);
#5472 = CIRCLE('',#5473,38.);
#5473 = AXIS2_PLACEMENT_3D('',#5474,#5475,#5476);
#5474 = CARTESIAN_POINT('',(0.,0.,17.));
#5475 = DIRECTION('',(0.,0.,1.));
#5476 = DIRECTION('',(1.,0.,-0.));
#5477 = PCURVE('',#4251,#5478);
#5478 = DEFINITIONAL_REPRESENTATION('',(#5479),#5483);
#5479 = LINE('',#5480,#5481);
#5480 = CARTESIAN_POINT('',(0.,82.435163809033));
#5481 = VECTOR('',#5482,1.);
#5482 = DIRECTION('',(1.,0.));
#5483 = ( GEOMETRIC_REPRESENTATION_CONTEXT(2) 
PARAMETRIC_REPRESENTATION_CONTEXT() REPRESENTATION_CONTEXT('2D SPACE',''
  ) );
#5484 = PCURVE('',#5485,#5490);
#5485 = PLANE('',#5486);
#5486 = AXIS2_PLACEMENT_3D('',#5487,#5488,#5489);
#5487 = CARTESIAN_POINT('',(0.,0.,17.));
#5488 = DIRECTION('',(0.,0.,1.));
#5489 = DIRECTION('',(1.,0.,-0.));
#5490 = DEFINITIONAL_REPRESENTATION('',(#5491),#5495);
#5491 = CIRCLE('',#5492,38.);
#5492 = AXIS2_PLACEMENT_2D('',#5493,#5494);
#5493 = CARTESIAN_POINT('',(0.,0.));
#5494 = DIRECTION('',(1.,0.));
#5495 = ( GEOMETRIC_REPRESENTATION_CONTEXT(2) 
PARAMETRIC_REPRESENTATION_CONTEXT() REPRESENTATION_CONTEXT('2D SPACE',''
  ) );
#5496 = ORIENTED_EDGE('',*,*,#5443,.F.);
#5497 = ORIENTED_EDGE('',*,*,#5498,.F.);
#5498 = EDGE_CURVE('',#5499,#5344,#5501,.T.);
#5499 = VERTEX_POINT('',#5500);
#5500 = CARTESIAN_POINT('',(40.,6.015147724457,27.360319845011));
#5501 = SURFACE_CURVE('',#5502,(#5532,#5565),.PCURVE_S1.);
#5502 = B_SPLINE_CURVE_WITH_KNOTS('',4,(#5503,#5504,#5505,#5506,#5507,
    #5508,#5509,#5510,#5511,#5512,#5513,#5514,#5515,#5516,#5517,#5518,
    #5519,#5520,#5521,#5522,#5523,#5524,#5525,#5526,#5527,#5528,#5529,
    #5530,#5531),.UNSPECIFIED.,.F.,.F.,(5,3,3,3,3,3,3,3,3,5),(0.,
    0.139689962569,0.262023630137,0.3841437041,0.506125893208,
    0.628509697277,0.750299818798,0.872081488267,0.985755623038,1.),
  .UNSPECIFIED.);
#5503 = CARTESIAN_POINT('',(40.,6.015147724457,27.360319845011));
#5504 = CARTESIAN_POINT('',(40.028566597424,5.80614364503,
    27.344460742706));
#5505 = CARTESIAN_POINT('',(40.055809328156,5.596989268131,
    27.329376310477));
#5506 = CARTESIAN_POINT('',(40.081726762949,5.387695758516,
    27.315058939624));
#5507 = CARTESIAN_POINT('',(40.127853277891,4.994873006673,
    27.289629691307));
#5508 = CARTESIAN_POINT('',(40.148371509251,4.811373584936,
    27.278340561649));
#5509 = CARTESIAN_POINT('',(40.167871623703,4.627783325183,
    27.267630330415));
#5510 = CARTESIAN_POINT('',(40.20480206381,4.260756269233,
    27.247377839864));
#5511 = CARTESIAN_POINT('',(40.22223594331,4.077319766052,27.23783357392
    ));
#5512 = CARTESIAN_POINT('',(40.238653976227,3.893807126607,
    27.228858698713));
#5513 = CARTESIAN_POINT('',(40.269439935512,3.526850957433,
    27.212050984565));
#5514 = CARTESIAN_POINT('',(40.283810155266,3.343407584876,
    27.204216867588));
#5515 = CARTESIAN_POINT('',(40.297165799898,3.1599023109,27.196944634561
    ));
#5516 = CARTESIAN_POINT('',(40.321887780419,2.792177440535,27.1834968514
    ));
#5517 = CARTESIAN_POINT('',(40.333247421568,2.607957482734,
    27.177324990807));
#5518 = CARTESIAN_POINT('',(40.343584999753,2.423689166075,
    27.171713695392));
#5519 = CARTESIAN_POINT('',(40.362170259864,2.055963700733,
    27.161632961228));
#5520 = CARTESIAN_POINT('',(40.370427836332,1.872506954509,
    27.157158115376));
#5521 = CARTESIAN_POINT('',(40.377672666138,1.689015952898,
    27.15323467107));
#5522 = CARTESIAN_POINT('',(40.39013602229,1.32199165561,27.146488314048
    ));
#5523 = CARTESIAN_POINT('',(40.395354689052,1.138458364937,
    27.143665324965));
#5524 = CARTESIAN_POINT('',(40.399560371788,0.954904303286,
    27.141391155693));
#5525 = CARTESIAN_POINT('',(40.40573303288,0.599988970889,
    27.138054080479));
#5526 = CARTESIAN_POINT('',(40.407830411249,0.42862951191,
    27.136920614914));
#5527 = CARTESIAN_POINT('',(40.409045032417,0.257263247588,
    27.136264246288));
#5528 = CARTESIAN_POINT('',(40.409418472248,6.442173554253E-02,
    27.136062444908));
#5529 = CARTESIAN_POINT('',(40.409446195209,4.294783083418E-02,
    27.136047463911));
#5530 = CARTESIAN_POINT('',(40.40946005669,2.147391541737E-02,
    27.136039973413));
#5531 = CARTESIAN_POINT('',(40.40946005669,0.,27.136039973413));
#5532 = PCURVE('',#4251,#5533);
#5533 = DEFINITIONAL_REPRESENTATION('',(#5534),#5564);
#5534 = B_SPLINE_CURVE_WITH_KNOTS('',4,(#5535,#5536,#5537,#5538,#5539,
    #5540,#5541,#5542,#5543,#5544,#5545,#5546,#5547,#5548,#5549,#5550,
    #5551,#5552,#5553,#5554,#5555,#5556,#5557,#5558,#5559,#5560,#5561,
    #5562,#5563),.UNSPECIFIED.,.F.,.F.,(5,3,3,3,3,3,3,3,3,5),(0.,
    0.139689962569,0.262023630137,0.3841437041,0.506125893208,
    0.628509697277,0.750299818798,0.872081488267,0.985755623038,1.),
  .UNSPECIFIED.);
#5535 = CARTESIAN_POINT('',(0.14926028703,71.780934890216));
#5536 = CARTESIAN_POINT('',(0.144045710981,71.797080546058));
#5537 = CARTESIAN_POINT('',(0.138831354228,71.812438116295));
#5538 = CARTESIAN_POINT('',(0.133617221375,71.827015220407));
#5539 = CARTESIAN_POINT('',(0.12383722733,71.852906541607));
#5540 = CARTESIAN_POINT('',(0.119271313122,71.864401132283));
#5541 = CARTESIAN_POINT('',(0.114705570445,71.875306560715));
#5542 = CARTESIAN_POINT('',(0.105582388868,71.895928610965));
#5543 = CARTESIAN_POINT('',(0.101024949425,71.90564727517));
#5544 = CARTESIAN_POINT('',(9.646767025495E-02,71.914786336376));
#5545 = CARTESIAN_POINT('',(8.735855942464E-02,71.93190183889));
#5546 = CARTESIAN_POINT('',(8.280672745847E-02,71.939879581251));
#5547 = CARTESIAN_POINT('',(7.825503703705E-02,71.947285265136));
#5548 = CARTESIAN_POINT('',(6.913692904162E-02,71.960980019695));
#5549 = CARTESIAN_POINT('',(6.457051235425E-02,71.96726533375));
#5550 = CARTESIAN_POINT('',(6.000421332478E-02,71.972979853915));
#5551 = CARTESIAN_POINT('',(5.089397135838E-02,71.983246139377));
#5552 = CARTESIAN_POINT('',(4.635002746003E-02,71.987803410716));
#5553 = CARTESIAN_POINT('',(4.180617068216E-02,71.991799161023));
#5554 = CARTESIAN_POINT('',(3.271891391843E-02,71.998669893918));
#5555 = CARTESIAN_POINT('',(2.817551395509E-02,72.001544954273));
#5556 = CARTESIAN_POINT('',(2.363216835788E-02,72.003861083881));
#5557 = CARTESIAN_POINT('',(1.484801884473E-02,72.007259741184));
#5558 = CARTESIAN_POINT('',(1.060721019859E-02,72.008414129699));
#5559 = CARTESIAN_POINT('',(6.366419607106E-03,72.009082614945));
#5560 = CARTESIAN_POINT('',(1.594224404553E-03,72.009288141619));
#5561 = CARTESIAN_POINT('',(1.062816250797E-03,72.009303399169));
#5562 = CARTESIAN_POINT('',(5.314081254054E-04,72.009311027945));
#5563 = CARTESIAN_POINT('',(0.,72.009311027945));
#5564 = ( GEOMETRIC_REPRESENTATION_CONTEXT(2) 
PARAMETRIC_REPRESENTATION_CONTEXT() REPRESENTATION_CONTEXT('2D SPACE',''
  ) );
#5565 = PCURVE('',#5566,#5574);
#5566 = SURFACE_OF_LINEAR_EXTRUSION('',#5567,#5572);
#5567 = ELLIPSE('',#5568,40.,36.);
#5568 = AXIS2_PLACEMENT_3D('',#5569,#5570,#5571);
#5569 = CARTESIAN_POINT('',(61.,0.,58.));
#5570 = DIRECTION('',(0.,-1.,0.));
#5571 = DIRECTION('',(1.,0.,0.));
#5572 = VECTOR('',#5573,1.);
#5573 = DIRECTION('',(0.,-1.,0.));
#5574 = DEFINITIONAL_REPRESENTATION('',(#5575),#5605);
#5575 = B_SPLINE_CURVE_WITH_KNOTS('',4,(#5576,#5577,#5578,#5579,#5580,
    #5581,#5582,#5583,#5584,#5585,#5586,#5587,#5588,#5589,#5590,#5591,
    #5592,#5593,#5594,#5595,#5596,#5597,#5598,#5599,#5600,#5601,#5602,
    #5603,#5604),.UNSPECIFIED.,.F.,.F.,(5,3,3,3,3,3,3,3,3,5),(0.,
    0.139689962569,0.262023630137,0.3841437041,0.506125893208,
    0.628509697277,0.750299818798,0.872081488267,0.985755623038,1.),
  .UNSPECIFIED.);
#5576 = CARTESIAN_POINT('',(4.159673867288,-6.015147724457));
#5577 = CARTESIAN_POINT('',(4.16051297323,-5.80614364503));
#5578 = CARTESIAN_POINT('',(4.16131261326,-5.596989268131));
#5579 = CARTESIAN_POINT('',(4.162072869459,-5.387695758516));
#5580 = CARTESIAN_POINT('',(4.163425178734,-4.994873006673));
#5581 = CARTESIAN_POINT('',(4.164026394273,-4.811373584936));
#5582 = CARTESIAN_POINT('',(4.164597506313,-4.627783325183));
#5583 = CARTESIAN_POINT('',(4.165678660772,-4.260756269233));
#5584 = CARTESIAN_POINT('',(4.16618880807,-4.077319766052));
#5585 = CARTESIAN_POINT('',(4.166669038577,-3.893807126607));
#5586 = CARTESIAN_POINT('',(4.167569225988,-3.526850957433));
#5587 = CARTESIAN_POINT('',(4.167989250331,-3.343407584876));
#5588 = CARTESIAN_POINT('',(4.168379493671,-3.1599023109));
#5589 = CARTESIAN_POINT('',(4.169101660171,-2.792177440535));
#5590 = CARTESIAN_POINT('',(4.169433387084,-2.607957482734));
#5591 = CARTESIAN_POINT('',(4.169735191966,-2.423689166075));
#5592 = CARTESIAN_POINT('',(4.170277680541,-2.055963700733));
#5593 = CARTESIAN_POINT('',(4.170518653628,-1.872506954509));
#5594 = CARTESIAN_POINT('',(4.170730035647,-1.689015952898));
#5595 = CARTESIAN_POINT('',(4.171093632734,-1.32199165561));
#5596 = CARTESIAN_POINT('',(4.171245851905,-1.138458364937));
#5597 = CARTESIAN_POINT('',(4.171368511908,-0.954904303286));
#5598 = CARTESIAN_POINT('',(4.171548529235,-0.599988970889));
#5599 = CARTESIAN_POINT('',(4.171609690394,-0.42862951191));
#5600 = CARTESIAN_POINT('',(4.171645109147,-0.257263247588));
#5601 = CARTESIAN_POINT('',(4.171655998752,-6.442173554253E-02));
#5602 = CARTESIAN_POINT('',(4.17165680716,-4.294783083418E-02));
#5603 = CARTESIAN_POINT('',(4.171657211364,-2.147391541737E-02));
#5604 = CARTESIAN_POINT('',(4.171657211364,0.));
#5605 = ( GEOMETRIC_REPRESENTATION_CONTEXT(2) 
PARAMETRIC_REPRESENTATION_CONTEXT() REPRESENTATION_CONTEXT('2D SPACE',''
  ) );
#5606 = ORIENTED_EDGE('',*,*,#5607,.F.);
#5607 = EDGE_CURVE('',#5608,#5499,#5610,.T.);
#5608 = VERTEX_POINT('',#5609);
#5609 = CARTESIAN_POINT('',(40.,7.,28.268149260526));
#5610 = SURFACE_CURVE('',#5611,(#5621,#5634),.PCURVE_S1.);
#5611 = B_SPLINE_CURVE_WITH_KNOTS('',8,(#5612,#5613,#5614,#5615,#5616,
    #5617,#5618,#5619,#5620),.UNSPECIFIED.,.F.,.F.,(9,9),(0.,1.),
  .PIECEWISE_BEZIER_KNOTS.);
#5612 = CARTESIAN_POINT('',(40.,7.0000006,28.268149869193));
#5613 = CARTESIAN_POINT('',(40.,6.935812845186,28.20303491489));
#5614 = CARTESIAN_POINT('',(40.,6.823739434916,28.090266425607));
#5615 = CARTESIAN_POINT('',(40.,6.687630338301,27.95645564234));
#5616 = CARTESIAN_POINT('',(40.,6.543126120335,27.820343885354));
#5617 = CARTESIAN_POINT('',(40.,6.401678265531,27.69185662677));
#5618 = CARTESIAN_POINT('',(40.,6.268360090932,27.574420410495));
#5619 = CARTESIAN_POINT('',(40.,6.142025503714,27.466002671067));
#5620 = CARTESIAN_POINT('',(40.,6.015147724457,27.360319845011));
#5621 = PCURVE('',#4251,#5622);
#5622 = DEFINITIONAL_REPRESENTATION('',(#5623),#5633);
#5623 = B_SPLINE_CURVE_WITH_KNOTS('',8,(#5624,#5625,#5626,#5627,#5628,
    #5629,#5630,#5631,#5632),.UNSPECIFIED.,.F.,.F.,(9,9),(0.,1.),
  .PIECEWISE_BEZIER_KNOTS.);
#5624 = CARTESIAN_POINT('',(0.173245681007,70.857404248229));
#5625 = CARTESIAN_POINT('',(0.171688670589,70.923595813954));
#5626 = CARTESIAN_POINT('',(0.168969123178,71.038236774893));
#5627 = CARTESIAN_POINT('',(0.16566303861,71.17429653649));
#5628 = CARTESIAN_POINT('',(0.162146783266,71.312746740955));
#5629 = CARTESIAN_POINT('',(0.158699903429,71.443475806591));
#5630 = CARTESIAN_POINT('',(0.155447302784,71.56298797211));
#5631 = CARTESIAN_POINT('',(0.152362088152,71.673342511719));
#5632 = CARTESIAN_POINT('',(0.14926028703,71.780934890216));
#5633 = ( GEOMETRIC_REPRESENTATION_CONTEXT(2) 
PARAMETRIC_REPRESENTATION_CONTEXT() REPRESENTATION_CONTEXT('2D SPACE',''
  ) );
#5634 = PCURVE('',#5325,#5635);
#5635 = DEFINITIONAL_REPRESENTATION('',(#5636),#5646);
#5636 = B_SPLINE_CURVE_WITH_KNOTS('',8,(#5637,#5638,#5639,#5640,#5641,
    #5642,#5643,#5644,#5645),.UNSPECIFIED.,.F.,.F.,(9,9),(0.,1.),
  .PIECEWISE_BEZIER_KNOTS.);
#5637 = CARTESIAN_POINT('',(30.268149869193,-15.0000006));
#5638 = CARTESIAN_POINT('',(30.20303491489,-14.93581284518));
#5639 = CARTESIAN_POINT('',(30.090266425607,-14.82373943491));
#5640 = CARTESIAN_POINT('',(29.95645564234,-14.6876303383));
#5641 = CARTESIAN_POINT('',(29.820343885354,-14.54312612033));
#5642 = CARTESIAN_POINT('',(29.69185662677,-14.40167826553));
#5643 = CARTESIAN_POINT('',(29.574420410495,-14.26836009093));
#5644 = CARTESIAN_POINT('',(29.466002671067,-14.14202550371));
#5645 = CARTESIAN_POINT('',(29.360319845011,-14.01514772445));
#5646 = ( GEOMETRIC_REPRESENTATION_CONTEXT(2) 
PARAMETRIC_REPRESENTATION_CONTEXT() REPRESENTATION_CONTEXT('2D SPACE',''
  ) );
#5647 = ORIENTED_EDGE('',*,*,#5648,.F.);
#5648 = EDGE_CURVE('',#5649,#5608,#5651,.T.);
#5649 = VERTEX_POINT('',#5650);
#5650 = CARTESIAN_POINT('',(41.593365804786,7.,40.699668631025));
#5651 = SURFACE_CURVE('',#5652,(#5745,#5841),.PCURVE_S1.);
#5652 = B_SPLINE_CURVE_WITH_KNOTS('',7,(#5653,#5654,#5655,#5656,#5657,
    #5658,#5659,#5660,#5661,#5662,#5663,#5664,#5665,#5666,#5667,#5668,
    #5669,#5670,#5671,#5672,#5673,#5674,#5675,#5676,#5677,#5678,#5679,
    #5680,#5681,#5682,#5683,#5684,#5685,#5686,#5687,#5688,#5689,#5690,
    #5691,#5692,#5693,#5694,#5695,#5696,#5697,#5698,#5699,#5700,#5701,
    #5702,#5703,#5704,#5705,#5706,#5707,#5708,#5709,#5710,#5711,#5712,
    #5713,#5714,#5715,#5716,#5717,#5718,#5719,#5720,#5721,#5722,#5723,
    #5724,#5725,#5726,#5727,#5728,#5729,#5730,#5731,#5732,#5733,#5734,
    #5735,#5736,#5737,#5738,#5739,#5740,#5741,#5742,#5743,#5744),
  .UNSPECIFIED.,.F.,.F.,(8,6,6,6,6,6,6,6,6,6,6,6,6,6,6,8),(0.,
    1.571522598821E-02,0.137557287713,0.183557686978,0.218368045737,
    0.263123124603,0.352630920425,0.593852846453,0.637400458882,
    0.680958374041,0.70958489263,0.731988260321,0.750656953447,
    0.806653018268,0.973229306748,1.),.UNSPECIFIED.);
#5653 = CARTESIAN_POINT('',(48.739289166819,7.,94.));
#5654 = CARTESIAN_POINT('',(48.714688284796,7.,93.853145967954));
#5655 = CARTESIAN_POINT('',(48.690118877763,7.,93.706287250509));
#5656 = CARTESIAN_POINT('',(48.665580111506,7.,93.559421821138));
#5657 = CARTESIAN_POINT('',(48.641072143009,7.,93.41255356747));
#5658 = CARTESIAN_POINT('',(48.616593834189,7.,93.265678649956));
#5659 = CARTESIAN_POINT('',(48.592145120897,7.,93.118799637351));
#5660 = CARTESIAN_POINT('',(48.37839608417,7.,91.833106776219));
#5661 = CARTESIAN_POINT('',(48.190809353227,7.,90.694011580479));
#5662 = CARTESIAN_POINT('',(48.004741372678,7.,89.554670305118));
#5663 = CARTESIAN_POINT('',(47.819968128571,7.,88.415122612506));
#5664 = CARTESIAN_POINT('',(47.636265399549,7.,87.275407650787));
#5665 = CARTESIAN_POINT('',(47.453408756853,7.,86.135564053886));
#5666 = CARTESIAN_POINT('',(47.202372269443,7.,84.565257838773));
#5667 = CARTESIAN_POINT('',(47.133659556927,7.,84.134872852948));
#5668 = CARTESIAN_POINT('',(47.065023339541,7.,83.704477045375));
#5669 = CARTESIAN_POINT('',(46.996451526495,7.,83.274072473983));
#5670 = CARTESIAN_POINT('',(46.927932023438,7.,82.843661193286));
#5671 = CARTESIAN_POINT('',(46.859452732458,7.,82.413245254384));
#5672 = CARTESIAN_POINT('',(46.739201781108,7.,81.657111616372));
#5673 = CARTESIAN_POINT('',(46.687417511814,7.,81.331395132496));
#5674 = CARTESIAN_POINT('',(46.635647499949,7.,81.00567747773));
#5675 = CARTESIAN_POINT('',(46.583874211854,7.,80.679961577735));
#5676 = CARTESIAN_POINT('',(46.532115220376,7.,80.354244535345));
#5677 = CARTESIAN_POINT('',(46.480336869863,7.,80.028531950169));
#5678 = CARTESIAN_POINT('',(46.361988557746,7.,79.284059095282));
#5679 = CARTESIAN_POINT('',(46.295417527575,7.,78.865299830454));
#5680 = CARTESIAN_POINT('',(46.228865957841,7.,78.446539459836));
#5681 = CARTESIAN_POINT('',(46.16235413329,7.,78.027774655875));
#5682 = CARTESIAN_POINT('',(46.095902344703,7.,77.609002095961));
#5683 = CARTESIAN_POINT('',(46.029530888896,7.,77.190218462428));
#5684 = CARTESIAN_POINT('',(45.830721925757,7.,75.933846504504));
#5685 = CARTESIAN_POINT('',(45.698586315665,7.,75.096215124977));
#5686 = CARTESIAN_POINT('',(45.567015638752,7.,74.258499686956));
#5687 = CARTESIAN_POINT('',(45.436172423086,7.,73.42067392139));
#5688 = CARTESIAN_POINT('',(45.306219324491,7.,72.582711907183));
#5689 = CARTESIAN_POINT('',(45.177319126549,7.,71.744588071197));
#5690 = CARTESIAN_POINT('',(44.705527579648,7.,68.647044191413));
#5691 = CARTESIAN_POINT('',(44.370252732344,7.,66.386465795884));
#5692 = CARTESIAN_POINT('',(44.04699565927,7.,64.124029609071));
#5693 = CARTESIAN_POINT('',(43.738953124385,7.,61.859276399109));
#5694 = CARTESIAN_POINT('',(43.449330358975,7.,59.591800510615));
#5695 = CARTESIAN_POINT('',(43.181331752777,7.,57.321251187306));
#5696 = CARTESIAN_POINT('',(42.894242764208,7.,54.636826390884));
#5697 = CARTESIAN_POINT('',(42.851154228458,7.,54.226207975967));
#5698 = CARTESIAN_POINT('',(42.808826666237,7.,53.815487911905));
#5699 = CARTESIAN_POINT('',(42.767203779324,7.,53.404674850917));
#5700 = CARTESIAN_POINT('',(42.726230300992,7.,52.993777085155));
#5701 = CARTESIAN_POINT('',(42.685852521143,7.,52.582802472492));
#5702 = CARTESIAN_POINT('',(42.606167665165,7.,51.760618171052));
#5703 = CARTESIAN_POINT('',(42.566861007429,7.,51.349408464882));
#5704 = CARTESIAN_POINT('',(42.52803990218,7.,50.938137651912));
#5705 = CARTESIAN_POINT('',(42.489649423955,7.,50.526813431926));
#5706 = CARTESIAN_POINT('',(42.451634652111,7.,50.115443379303));
#5707 = CARTESIAN_POINT('',(42.413940670823,7.,49.704034943017));
#5708 = CARTESIAN_POINT('',(42.351914600006,7.,49.02219498444));
#5709 = CARTESIAN_POINT('',(42.327431469018,7.,48.751781118617));
#5710 = CARTESIAN_POINT('',(42.303047588824,7.,48.481355934025));
#5711 = CARTESIAN_POINT('',(42.278747371361,7.,48.210921505454));
#5712 = CARTESIAN_POINT('',(42.254515227797,7.,47.940479897623));
#5713 = CARTESIAN_POINT('',(42.230335568535,7.,47.670033165186));
#5714 = CARTESIAN_POINT('',(42.187298460642,7.,47.187926927523));
#5715 = CARTESIAN_POINT('',(42.168426714547,7.,46.976268618252));
#5716 = CARTESIAN_POINT('',(42.149570091893,7.,46.764609405792));
#5717 = CARTESIAN_POINT('',(42.130721118746,7.,46.552950270794));
#5718 = CARTESIAN_POINT('',(42.111872320261,7.,46.341292193679));
#5719 = CARTESIAN_POINT('',(42.09301622069,7.,46.129636154638));
#5720 = CARTESIAN_POINT('',(42.058420269248,7.,45.741612984605));
#5721 = CARTESIAN_POINT('',(42.042684933575,7.,45.565244932102));
#5722 = CARTESIAN_POINT('',(42.026935010091,7.,45.388879543401));
#5723 = CARTESIAN_POINT('',(42.011166171836,7.,45.212517387046));
#5724 = CARTESIAN_POINT('',(41.99537409116,7.,45.036159032849));
#5725 = CARTESIAN_POINT('',(41.97955443972,7.,44.859805051891));
#5726 = CARTESIAN_POINT('',(41.916156738108,7.,44.154503510377));
#5727 = CARTESIAN_POINT('',(41.868323586956,7.,43.625595577049));
#5728 = CARTESIAN_POINT('',(41.82008662844,7.,43.096747544365));
#5729 = CARTESIAN_POINT('',(41.771328967232,7.,42.567975046187));
#5730 = CARTESIAN_POINT('',(41.72193361926,7.,42.039294022407));
#5731 = CARTESIAN_POINT('',(41.671783511711,7.,41.510720718946));
#5732 = CARTESIAN_POINT('',(41.468981885746,7.,39.410249108202));
#5733 = CARTESIAN_POINT('',(41.309488028739,7.,37.839344649081));
#5734 = CARTESIAN_POINT('',(41.139192644706,7.,36.269966711192));
#5735 = CARTESIAN_POINT('',(40.955003073939,7.,34.702595069283));
#5736 = CARTESIAN_POINT('',(40.753817881222,7.,33.13778125825));
#5737 = CARTESIAN_POINT('',(40.532532830852,7.,31.576147508603));
#5738 = CARTESIAN_POINT('',(40.24876606375,7.,29.768034056921));
#5739 = CARTESIAN_POINT('',(40.208876987431,7.,29.517784314076));
#5740 = CARTESIAN_POINT('',(40.168376177916,7.,29.267637993197));
#5741 = CARTESIAN_POINT('',(40.127250840882,7.,29.017598156816));
#5742 = CARTESIAN_POINT('',(40.085488200577,7.,28.7676679395));
#5743 = CARTESIAN_POINT('',(40.04307549982,7.,28.517850547856));
#5744 = CARTESIAN_POINT('',(40.,7.,28.268149260526));
#5745 = PCURVE('',#4251,#5746);
#5746 = DEFINITIONAL_REPRESENTATION('',(#5747),#5840);
#5747 = B_SPLINE_CURVE_WITH_KNOTS('',7,(#5748,#5749,#5750,#5751,#5752,
    #5753,#5754,#5755,#5756,#5757,#5758,#5759,#5760,#5761,#5762,#5763,
    #5764,#5765,#5766,#5767,#5768,#5769,#5770,#5771,#5772,#5773,#5774,
    #5775,#5776,#5777,#5778,#5779,#5780,#5781,#5782,#5783,#5784,#5785,
    #5786,#5787,#5788,#5789,#5790,#5791,#5792,#5793,#5794,#5795,#5796,
    #5797,#5798,#5799,#5800,#5801,#5802,#5803,#5804,#5805,#5806,#5807,
    #5808,#5809,#5810,#5811,#5812,#5813,#5814,#5815,#5816,#5817,#5818,
    #5819,#5820,#5821,#5822,#5823,#5824,#5825,#5826,#5827,#5828,#5829,
    #5830,#5831,#5832,#5833,#5834,#5835,#5836,#5837,#5838,#5839),
  .UNSPECIFIED.,.F.,.F.,(8,6,6,6,6,6,6,6,6,6,6,6,6,6,6,8),(0.,
    1.571522598821E-02,0.137557287713,0.183557686978,0.218368045737,
    0.263123124603,0.352630920425,0.593852846453,0.637400458882,
    0.680958374041,0.70958489263,0.731988260321,0.750656953447,
    0.806653018268,0.973229306748,1.),.UNSPECIFIED.);
#5748 = CARTESIAN_POINT('',(0.142645846588,4.563617444767));
#5749 = CARTESIAN_POINT('',(0.142716873552,4.712470649543));
#5750 = CARTESIAN_POINT('',(0.142787893832,4.86132443373));
#5751 = CARTESIAN_POINT('',(0.142858900465,5.010176651949));
#5752 = CARTESIAN_POINT('',(0.142929909274,5.159031157913));
#5753 = CARTESIAN_POINT('',(0.143000906332,5.307883968235));
#5754 = CARTESIAN_POINT('',(0.143071902404,5.456737599838));
#5755 = CARTESIAN_POINT('',(0.143693311315,6.75967076425));
#5756 = CARTESIAN_POINT('',(0.144243566685,7.913753539622));
#5757 = CARTESIAN_POINT('',(0.144794226277,9.06783958737));
#5758 = CARTESIAN_POINT('',(0.145345889776,10.221929550996));
#5759 = CARTESIAN_POINT('',(0.145899191617,11.37602459534));
#5760 = CARTESIAN_POINT('',(0.146454800987,12.530126406582));
#5761 = CARTESIAN_POINT('',(0.147224324209,14.119961573336));
#5762 = CARTESIAN_POINT('',(0.147435655935,14.55568721468));
#5763 = CARTESIAN_POINT('',(0.147647454947,14.99141422498));
#5764 = CARTESIAN_POINT('',(0.147859759964,15.427142716462));
#5765 = CARTESIAN_POINT('',(0.148072610474,15.862872804871));
#5766 = CARTESIAN_POINT('',(0.148286046738,16.298604609467));
#5767 = CARTESIAN_POINT('',(0.148662099936,17.064075487873));
#5768 = CARTESIAN_POINT('',(0.148824450919,17.393813779134));
#5769 = CARTESIAN_POINT('',(0.148987167793,17.723553152063));
#5770 = CARTESIAN_POINT('',(0.149150307716,18.053293744214));
#5771 = CARTESIAN_POINT('',(0.149313816399,18.383035451743));
#5772 = CARTESIAN_POINT('',(0.149477802788,18.712778522763));
#5773 = CARTESIAN_POINT('',(0.149853577997,19.466469429826));
#5774 = CARTESIAN_POINT('',(0.150065643312,19.890418085146));
#5775 = CARTESIAN_POINT('',(0.150278342371,20.314368707745));
#5776 = CARTESIAN_POINT('',(0.150491613603,20.73832119475));
#5777 = CARTESIAN_POINT('',(0.150705394151,21.162275438154));
#5778 = CARTESIAN_POINT('',(0.150919619873,21.586231324825));
#5779 = CARTESIAN_POINT('',(0.151563424945,22.858081185845));
#5780 = CARTESIAN_POINT('',(0.15199414313,23.705979633632));
#5781 = CARTESIAN_POINT('',(0.152425856865,24.553883250958));
#5782 = CARTESIAN_POINT('',(0.152858021012,25.401790857295));
#5783 = CARTESIAN_POINT('',(0.153290068323,26.249700920493));
#5784 = CARTESIAN_POINT('',(0.153721409445,27.097611556772));
#5785 = CARTESIAN_POINT('',(0.155310338551,30.230620213016));
#5786 = CARTESIAN_POINT('',(0.156459667004,32.515694568425));
#5787 = CARTESIAN_POINT('',(0.157587449363,34.800718779824));
#5788 = CARTESIAN_POINT('',(0.158680530768,37.085614403703));
#5789 = CARTESIAN_POINT('',(0.159724541184,39.370249425987));
#5790 = CARTESIAN_POINT('',(0.160704143257,41.654438349311));
#5791 = CARTESIAN_POINT('',(0.161765927792,44.350181560399));
#5792 = CARTESIAN_POINT('',(0.161925665974,44.762397877903));
#5793 = CARTESIAN_POINT('',(0.162082943436,45.174592088911));
#5794 = CARTESIAN_POINT('',(0.162237948031,45.586765318437));
#5795 = CARTESIAN_POINT('',(0.162390866886,45.99891886928));
#5796 = CARTESIAN_POINT('',(0.162541884296,46.411054206013));
#5797 = CARTESIAN_POINT('',(0.162840539966,47.235389386472));
#5798 = CARTESIAN_POINT('',(0.162988176767,47.647589179726));
#5799 = CARTESIAN_POINT('',(0.163134296587,48.059774128121));
#5800 = CARTESIAN_POINT('',(0.163279093761,48.471946055877));
#5801 = CARTESIAN_POINT('',(0.163422765243,48.884106908655));
#5802 = CARTESIAN_POINT('',(0.163565510605,49.296258753566));
#5803 = CARTESIAN_POINT('',(0.163800869362,49.979267919313));
#5804 = CARTESIAN_POINT('',(0.163893893989,50.250129102499));
#5805 = CARTESIAN_POINT('',(0.16398666329,50.520987944122));
#5806 = CARTESIAN_POINT('',(0.164079235105,50.791845069403));
#5807 = CARTESIAN_POINT('',(0.164171667742,51.062701113393));
#5808 = CARTESIAN_POINT('',(0.164264019976,51.333556720967));
#5809 = CARTESIAN_POINT('',(0.164428610171,51.816386721712));
#5810 = CARTESIAN_POINT('',(0.164500856332,52.028361027989));
#5811 = CARTESIAN_POINT('',(0.164573117929,52.240335778652));
#5812 = CARTESIAN_POINT('',(0.164645423537,52.45231128699));
#5813 = CARTESIAN_POINT('',(0.164717801909,52.664287866587));
#5814 = CARTESIAN_POINT('',(0.164790281975,52.876265831321));
#5815 = CARTESIAN_POINT('',(0.164923399374,53.264887835552));
#5816 = CARTESIAN_POINT('',(0.164983996734,53.4415313549));
#5817 = CARTESIAN_POINT('',(0.165044701767,53.618176234965));
#5818 = CARTESIAN_POINT('',(0.165105531406,53.794822656133));
#5819 = CARTESIAN_POINT('',(0.165166502675,53.97147079761));
#5820 = CARTESIAN_POINT('',(0.165227632686,54.148120837426));
#5821 = CARTESIAN_POINT('',(0.165472823621,54.85463453491));
#5822 = CARTESIAN_POINT('',(0.165658291843,55.384514710752));
#5823 = CARTESIAN_POINT('',(0.165845806853,55.914418366082));
#5824 = CARTESIAN_POINT('',(0.166035840485,56.444350096127));
#5825 = CARTESIAN_POINT('',(0.16622887286,56.974314205216));
#5826 = CARTESIAN_POINT('',(0.166425392385,57.504314706785));
#5827 = CARTESIAN_POINT('',(0.16722235029,59.611112528302));
#5828 = CARTESIAN_POINT('',(0.167854056423,61.188206292586));
#5829 = CARTESIAN_POINT('',(0.168534117297,62.765762066611));
#5830 = CARTESIAN_POINT('',(0.169276379549,64.343835428088));
#5831 = CARTESIAN_POINT('',(0.170095609206,65.922412127029));
#5832 = CARTESIAN_POINT('',(0.171007905725,67.501407787778));
#5833 = CARTESIAN_POINT('',(0.172195833919,69.334472125288));
#5834 = CARTESIAN_POINT('',(0.172363184265,69.588283325348));
#5835 = CARTESIAN_POINT('',(0.172533480119,69.842100097776));
#5836 = CARTESIAN_POINT('',(0.172706797804,70.095921596818));
#5837 = CARTESIAN_POINT('',(0.172883215069,70.349746901445));
#5838 = CARTESIAN_POINT('',(0.173062811086,70.603575015353));
#5839 = CARTESIAN_POINT('',(0.173245666452,70.85740486696));
#5840 = ( GEOMETRIC_REPRESENTATION_CONTEXT(2) 
PARAMETRIC_REPRESENTATION_CONTEXT() REPRESENTATION_CONTEXT('2D SPACE',''
  ) );
#5841 = PCURVE('',#5842,#5847);
#5842 = PLANE('',#5843);
#5843 = AXIS2_PLACEMENT_3D('',#5844,#5845,#5846);
#5844 = CARTESIAN_POINT('',(61.532700833651,7.,58.));
#5845 = DIRECTION('',(-0.,-1.,-0.));
#5846 = DIRECTION('',(0.,0.,-1.));
#5847 = DEFINITIONAL_REPRESENTATION('',(#5848),#5941);
#5848 = B_SPLINE_CURVE_WITH_KNOTS('',7,(#5849,#5850,#5851,#5852,#5853,
    #5854,#5855,#5856,#5857,#5858,#5859,#5860,#5861,#5862,#5863,#5864,
    #5865,#5866,#5867,#5868,#5869,#5870,#5871,#5872,#5873,#5874,#5875,
    #5876,#5877,#5878,#5879,#5880,#5881,#5882,#5883,#5884,#5885,#5886,
    #5887,#5888,#5889,#5890,#5891,#5892,#5893,#5894,#5895,#5896,#5897,
    #5898,#5899,#5900,#5901,#5902,#5903,#5904,#5905,#5906,#5907,#5908,
    #5909,#5910,#5911,#5912,#5913,#5914,#5915,#5916,#5917,#5918,#5919,
    #5920,#5921,#5922,#5923,#5924,#5925,#5926,#5927,#5928,#5929,#5930,
    #5931,#5932,#5933,#5934,#5935,#5936,#5937,#5938,#5939,#5940),
  .UNSPECIFIED.,.F.,.F.,(8,6,6,6,6,6,6,6,6,6,6,6,6,6,6,8),(0.,
    1.571522598821E-02,0.137557287713,0.183557686978,0.218368045737,
    0.263123124603,0.352630920425,0.593852846453,0.637400458882,
    0.680958374041,0.70958489263,0.731988260321,0.750656953447,
    0.806653018268,0.973229306748,1.),.UNSPECIFIED.);
#5849 = CARTESIAN_POINT('',(-36.,-12.79341166683));
#5850 = CARTESIAN_POINT('',(-35.85314596795,-12.81801254885));
#5851 = CARTESIAN_POINT('',(-35.7062872505,-12.84258195588));
#5852 = CARTESIAN_POINT('',(-35.55942182113,-12.86712072214));
#5853 = CARTESIAN_POINT('',(-35.41255356747,-12.89162869064));
#5854 = CARTESIAN_POINT('',(-35.26567864995,-12.91610699946));
#5855 = CARTESIAN_POINT('',(-35.11879963735,-12.94055571275));
#5856 = CARTESIAN_POINT('',(-33.83310677621,-13.15430474948));
#5857 = CARTESIAN_POINT('',(-32.69401158047,-13.34189148042));
#5858 = CARTESIAN_POINT('',(-31.55467030511,-13.52795946097));
#5859 = CARTESIAN_POINT('',(-30.4151226125,-13.71273270508));
#5860 = CARTESIAN_POINT('',(-29.27540765078,-13.8964354341));
#5861 = CARTESIAN_POINT('',(-28.13556405388,-14.07929207679));
#5862 = CARTESIAN_POINT('',(-26.56525783877,-14.3303285642));
#5863 = CARTESIAN_POINT('',(-26.13487285294,-14.39904127672));
#5864 = CARTESIAN_POINT('',(-25.70447704537,-14.46767749411));
#5865 = CARTESIAN_POINT('',(-25.27407247398,-14.53624930715));
#5866 = CARTESIAN_POINT('',(-24.84366119328,-14.60476881021));
#5867 = CARTESIAN_POINT('',(-24.41324525438,-14.67324810119));
#5868 = CARTESIAN_POINT('',(-23.65711161637,-14.79349905254));
#5869 = CARTESIAN_POINT('',(-23.33139513249,-14.84528332183));
#5870 = CARTESIAN_POINT('',(-23.00567747773,-14.8970533337));
#5871 = CARTESIAN_POINT('',(-22.67996157773,-14.94882662179));
#5872 = CARTESIAN_POINT('',(-22.35424453534,-15.00058561327));
#5873 = CARTESIAN_POINT('',(-22.02853195016,-15.05236396378));
#5874 = CARTESIAN_POINT('',(-21.28405909528,-15.1707122759));
#5875 = CARTESIAN_POINT('',(-20.86529983045,-15.23728330607));
#5876 = CARTESIAN_POINT('',(-20.44653945983,-15.30383487581));
#5877 = CARTESIAN_POINT('',(-20.02777465587,-15.37034670036));
#5878 = CARTESIAN_POINT('',(-19.60900209596,-15.43679848894));
#5879 = CARTESIAN_POINT('',(-19.19021846242,-15.50316994475));
#5880 = CARTESIAN_POINT('',(-17.9338465045,-15.70197890789));
#5881 = CARTESIAN_POINT('',(-17.09621512497,-15.83411451798));
#5882 = CARTESIAN_POINT('',(-16.25849968695,-15.96568519489));
#5883 = CARTESIAN_POINT('',(-15.42067392139,-16.09652841056));
#5884 = CARTESIAN_POINT('',(-14.58271190718,-16.22648150916));
#5885 = CARTESIAN_POINT('',(-13.74458807119,-16.3553817071));
#5886 = CARTESIAN_POINT('',(-10.64704419141,-16.827173254));
#5887 = CARTESIAN_POINT('',(-8.386465795884,-17.1624481013));
#5888 = CARTESIAN_POINT('',(-6.124029609071,-17.48570517438));
#5889 = CARTESIAN_POINT('',(-3.859276399109,-17.79374770926));
#5890 = CARTESIAN_POINT('',(-1.591800510615,-18.08337047467));
#5891 = CARTESIAN_POINT('',(0.678748812694,-18.35136908087));
#5892 = CARTESIAN_POINT('',(3.363173609116,-18.63845806944));
#5893 = CARTESIAN_POINT('',(3.773792024033,-18.68154660519));
#5894 = CARTESIAN_POINT('',(4.184512088095,-18.72387416741));
#5895 = CARTESIAN_POINT('',(4.595325149083,-18.76549705432));
#5896 = CARTESIAN_POINT('',(5.006222914845,-18.80647053265));
#5897 = CARTESIAN_POINT('',(5.417197527508,-18.8468483125));
#5898 = CARTESIAN_POINT('',(6.239381828948,-18.92653316848));
#5899 = CARTESIAN_POINT('',(6.650591535118,-18.96583982622));
#5900 = CARTESIAN_POINT('',(7.061862348088,-19.00466093147));
#5901 = CARTESIAN_POINT('',(7.473186568074,-19.04305140969));
#5902 = CARTESIAN_POINT('',(7.884556620697,-19.08106618154));
#5903 = CARTESIAN_POINT('',(8.295965056983,-19.11876016282));
#5904 = CARTESIAN_POINT('',(8.97780501556,-19.18078623364));
#5905 = CARTESIAN_POINT('',(9.248218881383,-19.20526936463));
#5906 = CARTESIAN_POINT('',(9.518644065975,-19.22965324482));
#5907 = CARTESIAN_POINT('',(9.789078494546,-19.25395346229));
#5908 = CARTESIAN_POINT('',(10.059520102377,-19.27818560585));
#5909 = CARTESIAN_POINT('',(10.329966834815,-19.30236526511));
#5910 = CARTESIAN_POINT('',(10.812073072477,-19.345402373));
#5911 = CARTESIAN_POINT('',(11.023731381748,-19.3642741191));
#5912 = CARTESIAN_POINT('',(11.235390594208,-19.38313074175));
#5913 = CARTESIAN_POINT('',(11.447049729206,-19.4019797149));
#5914 = CARTESIAN_POINT('',(11.658707806321,-19.42082851339));
#5915 = CARTESIAN_POINT('',(11.870363845362,-19.43968461296));
#5916 = CARTESIAN_POINT('',(12.258387015395,-19.4742805644));
#5917 = CARTESIAN_POINT('',(12.434755067898,-19.49001590007));
#5918 = CARTESIAN_POINT('',(12.611120456599,-19.50576582356));
#5919 = CARTESIAN_POINT('',(12.787482612954,-19.52153466181));
#5920 = CARTESIAN_POINT('',(12.963840967151,-19.53732674249));
#5921 = CARTESIAN_POINT('',(13.140194948109,-19.55314639393));
#5922 = CARTESIAN_POINT('',(13.845496489623,-19.61654409554));
#5923 = CARTESIAN_POINT('',(14.374404422951,-19.66437724669));
#5924 = CARTESIAN_POINT('',(14.903252455635,-19.71261420521));
#5925 = CARTESIAN_POINT('',(15.432024953813,-19.76137186641));
#5926 = CARTESIAN_POINT('',(15.960705977593,-19.81076721439));
#5927 = CARTESIAN_POINT('',(16.489279281054,-19.86091732194));
#5928 = CARTESIAN_POINT('',(18.589750891798,-20.0637189479));
#5929 = CARTESIAN_POINT('',(20.160655350919,-20.22321280491));
#5930 = CARTESIAN_POINT('',(21.730033288808,-20.39350818894));
#5931 = CARTESIAN_POINT('',(23.297404930717,-20.57769775971));
#5932 = CARTESIAN_POINT('',(24.86221874175,-20.77888295242));
#5933 = CARTESIAN_POINT('',(26.423852491397,-21.00016800279));
#5934 = CARTESIAN_POINT('',(28.231965943079,-21.2839347699));
#5935 = CARTESIAN_POINT('',(28.482215685924,-21.32382384622));
#5936 = CARTESIAN_POINT('',(28.732362006803,-21.36432465573));
#5937 = CARTESIAN_POINT('',(28.982401843184,-21.40544999276));
#5938 = CARTESIAN_POINT('',(29.2323320605,-21.44721263307));
#5939 = CARTESIAN_POINT('',(29.482149452144,-21.48962533383));
#5940 = CARTESIAN_POINT('',(29.731850739474,-21.53270083365));
#5941 = ( GEOMETRIC_REPRESENTATION_CONTEXT(2) 
PARAMETRIC_REPRESENTATION_CONTEXT() REPRESENTATION_CONTEXT('2D SPACE',''
  ) );
#5942 = ORIENTED_EDGE('',*,*,#5943,.T.);
#5943 = EDGE_CURVE('',#5649,#4867,#5944,.T.);
#5944 = SURFACE_CURVE('',#5945,(#5972,#6002),.PCURVE_S1.);
#5945 = B_SPLINE_CURVE_WITH_KNOTS('',4,(#5946,#5947,#5948,#5949,#5950,
    #5951,#5952,#5953,#5954,#5955,#5956,#5957,#5958,#5959,#5960,#5961,
    #5962,#5963,#5964,#5965,#5966,#5967,#5968,#5969,#5970,#5971),
  .UNSPECIFIED.,.F.,.F.,(5,3,3,3,3,3,3,3,5),(0.,0.126135619981,
    0.25154613753,0.377022220268,0.501864837188,0.626852795025,
    0.751283595152,0.876048433567,1.),.UNSPECIFIED.);
#5946 = CARTESIAN_POINT('',(41.593365619777,7.0000012,40.699668805126));
#5947 = CARTESIAN_POINT('',(41.627429429293,6.781360396087,
    40.671595377384));
#5948 = CARTESIAN_POINT('',(41.660091783379,6.562445143847,
    40.644803387597));
#5949 = CARTESIAN_POINT('',(41.691346142657,6.34327594995,
    40.619273600749));
#5950 = CARTESIAN_POINT('',(41.750856678119,5.905729599639,
    40.570844515081));
#5951 = CARTESIAN_POINT('',(41.779129050996,5.687355141953,
    40.547930938268));
#5952 = CARTESIAN_POINT('',(41.805999065267,5.468767768271,40.5262320554
    ));
#5953 = CARTESIAN_POINT('',(41.856939270681,5.031088860694,
    40.485224832339));
#5954 = CARTESIAN_POINT('',(41.881007985991,4.81199713145,40.46591774761
    ));
#5955 = CARTESIAN_POINT('',(41.903664440009,4.592728371897,
    40.44779846167));
#5956 = CARTESIAN_POINT('',(41.946038949412,4.154979075684,
    40.413997645565));
#5957 = CARTESIAN_POINT('',(41.965771258114,3.936500156142,
    40.398304269862));
#5958 = CARTESIAN_POINT('',(41.984098965498,3.717880063036,
    40.383763644051));
#5959 = CARTESIAN_POINT('',(42.017959882096,3.280135582373,
    40.356953932318));
#5960 = CARTESIAN_POINT('',(42.033489810256,3.061010911505,
    40.344687510255));
#5961 = CARTESIAN_POINT('',(42.047606851337,2.841777555368,
    40.333558106492));
#5962 = CARTESIAN_POINT('',(42.072954918067,2.40410301627,
    40.313604136482));
#5963 = CARTESIAN_POINT('',(42.084198526084,2.185662665521,
    40.304769516822));
#5964 = CARTESIAN_POINT('',(42.094038233806,1.967146105779,
    40.297048180665));
#5965 = CARTESIAN_POINT('',(42.110930175232,1.529404548569,
    40.283805281084));
#5966 = CARTESIAN_POINT('',(42.117974853605,1.310179230962,
    40.278289678433));
#5967 = CARTESIAN_POINT('',(42.123605749109,1.090908266508,
    40.273884240566));
#5968 = CARTESIAN_POINT('',(42.132011344789,0.653735147397,
    40.267310651222));
#5969 = CARTESIAN_POINT('',(42.134804422981,0.435833393719,
    40.265128103198));
#5970 = CARTESIAN_POINT('',(42.136200961751,0.217916698495,
    40.264036829084));
#5971 = CARTESIAN_POINT('',(42.136200961751,0.,40.264036829084));
#5972 = PCURVE('',#4251,#5973);
#5973 = DEFINITIONAL_REPRESENTATION('',(#5974),#6001);
#5974 = B_SPLINE_CURVE_WITH_KNOTS('',4,(#5975,#5976,#5977,#5978,#5979,
    #5980,#5981,#5982,#5983,#5984,#5985,#5986,#5987,#5988,#5989,#5990,
    #5991,#5992,#5993,#5994,#5995,#5996,#5997,#5998,#5999,#6000),
  .UNSPECIFIED.,.F.,.F.,(5,3,3,3,3,3,3,3,5),(0.,0.126135619981,
    0.25154613753,0.377022220268,0.501864837188,0.626852795025,
    0.751283595152,0.876048433567,1.),.UNSPECIFIED.);
#5975 = CARTESIAN_POINT('',(0.16673365142,58.317829864684));
#5976 = CARTESIAN_POINT('',(0.16148777665,58.345991951524));
#5977 = CARTESIAN_POINT('',(0.156240105958,58.372869110123));
#5978 = CARTESIAN_POINT('',(0.150990848342,58.398480526992));
#5979 = CARTESIAN_POINT('',(0.140519689539,58.447065265315));
#5980 = CARTESIAN_POINT('',(0.135297804829,58.470052905774));
#5981 = CARTESIAN_POINT('',(0.130074693048,58.491822274081));
#5982 = CARTESIAN_POINT('',(0.119623566144,58.53296328106));
#5983 = CARTESIAN_POINT('',(0.114395550132,58.552333660472));
#5984 = CARTESIAN_POINT('',(0.109166588448,58.570512593529));
#5985 = CARTESIAN_POINT('',(9.873341098933E-02,58.604425073582));
#5986 = CARTESIAN_POINT('',(9.352920378255E-02,58.620170503101));
#5987 = CARTESIAN_POINT('',(8.832429240175E-02,58.634759519963));
#5988 = CARTESIAN_POINT('',(7.790719497417E-02,58.661658700253));
#5989 = CARTESIAN_POINT('',(7.269500772235E-02,58.673966191227));
#5990 = CARTESIAN_POINT('',(6.748230936098E-02,58.685132952402));
#5991 = CARTESIAN_POINT('',(5.707929510473E-02,58.705154035006));
#5992 = CARTESIAN_POINT('',(5.188898321339E-02,58.714018442982));
#5993 = CARTESIAN_POINT('',(4.669832930728E-02,58.721765859965));
#5994 = CARTESIAN_POINT('',(3.630254667522E-02,58.735053547351));
#5995 = CARTESIAN_POINT('',(3.109741668768E-02,58.740587836992));
#5996 = CARTESIAN_POINT('',(2.589208841777E-02,58.745008215385));
#5997 = CARTESIAN_POINT('',(1.55151006342E-02,58.751604110542));
#5998 = CARTESIAN_POINT('',(1.034344300852E-02,58.753794072593));
#5999 = CARTESIAN_POINT('',(5.171721548712E-03,58.754889053717));
#6000 = CARTESIAN_POINT('',(0.,58.754889053717));
#6001 = ( GEOMETRIC_REPRESENTATION_CONTEXT(2) 
PARAMETRIC_REPRESENTATION_CONTEXT() REPRESENTATION_CONTEXT('2D SPACE',''
  ) );
#6002 = PCURVE('',#6003,#6011);
#6003 = SURFACE_OF_LINEAR_EXTRUSION('',#6004,#6009);
#6004 = ELLIPSE('',#6005,28.,24.);
#6005 = AXIS2_PLACEMENT_3D('',#6006,#6007,#6008);
#6006 = CARTESIAN_POINT('',(61.,0.,58.));
#6007 = DIRECTION('',(0.,-1.,0.));
#6008 = DIRECTION('',(1.,0.,0.));
#6009 = VECTOR('',#6010,1.);
#6010 = DIRECTION('',(0.,-1.,0.));
#6011 = DEFINITIONAL_REPRESENTATION('',(#6012),#6039);
#6012 = B_SPLINE_CURVE_WITH_KNOTS('',4,(#6013,#6014,#6015,#6016,#6017,
    #6018,#6019,#6020,#6021,#6022,#6023,#6024,#6025,#6026,#6027,#6028,
    #6029,#6030,#6031,#6032,#6033,#6034,#6035,#6036,#6037,#6038),
  .UNSPECIFIED.,.F.,.F.,(5,3,3,3,3,3,3,3,5),(0.,0.126135619981,
    0.25154613753,0.377022220268,0.501864837188,0.626852795025,
    0.751283595152,0.876048433567,1.),.UNSPECIFIED.);
#6013 = CARTESIAN_POINT('',(3.946616445333,-7.0000012));
#6014 = CARTESIAN_POINT('',(3.948304132736,-6.781360396087));
#6015 = CARTESIAN_POINT('',(3.94991873382,-6.562445143847));
#6016 = CARTESIAN_POINT('',(3.951460648219,-6.34327594995));
#6017 = CARTESIAN_POINT('',(3.954391357723,-5.905729599639));
#6018 = CARTESIAN_POINT('',(3.95578098204,-5.687355141953));
#6019 = CARTESIAN_POINT('',(3.957099444927,-5.468767768271));
#6020 = CARTESIAN_POINT('',(3.959595293151,-5.031088860694));
#6021 = CARTESIAN_POINT('',(3.960772604333,-4.81199713145));
#6022 = CARTESIAN_POINT('',(3.961879273436,-4.592728371897));
#6023 = CARTESIAN_POINT('',(3.963946591376,-4.154979075684));
#6024 = CARTESIAN_POINT('',(3.964907949164,-3.936500156142));
#6025 = CARTESIAN_POINT('',(3.965799865601,-3.717880063036));
#6026 = CARTESIAN_POINT('',(3.967446164314,-3.280135582373));
#6027 = CARTESIAN_POINT('',(3.968200385248,-3.061010911505));
#6028 = CARTESIAN_POINT('',(3.968885394959,-2.841777555368));
#6029 = CARTESIAN_POINT('',(3.970114540245,-2.40410301627));
#6030 = CARTESIAN_POINT('',(3.970659290171,-2.185662665521));
#6031 = CARTESIAN_POINT('',(3.97113573527,-1.967146105779));
#6032 = CARTESIAN_POINT('',(3.971953305178,-1.529404548569));
#6033 = CARTESIAN_POINT('',(3.972294063277,-1.310179230962));
#6034 = CARTESIAN_POINT('',(3.972566344059,-1.090908266508));
#6035 = CARTESIAN_POINT('',(3.972972719395,-0.653735147397));
#6036 = CARTESIAN_POINT('',(3.973107703136,-0.435833393719));
#6037 = CARTESIAN_POINT('',(3.973175195007,-0.217916698495));
#6038 = CARTESIAN_POINT('',(3.973175195007,0.));
#6039 = ( GEOMETRIC_REPRESENTATION_CONTEXT(2) 
PARAMETRIC_REPRESENTATION_CONTEXT() REPRESENTATION_CONTEXT('2D SPACE',''
  ) );
#6040 = ORIENTED_EDGE('',*,*,#4866,.F.);
#6041 = ORIENTED_EDGE('',*,*,#6042,.T.);
#6042 = EDGE_CURVE('',#4758,#6043,#6045,.T.);
#6043 = VERTEX_POINT('',#6044);
#6044 = CARTESIAN_POINT('',(46.218872113759,7.,78.383395261474));
#6045 = SURFACE_CURVE('',#6046,(#6073,#6103),.PCURVE_S1.);
#6046 = B_SPLINE_CURVE_WITH_KNOTS('',4,(#6047,#6048,#6049,#6050,#6051,
    #6052,#6053,#6054,#6055,#6056,#6057,#6058,#6059,#6060,#6061,#6062,
    #6063,#6064,#6065,#6066,#6067,#6068,#6069,#6070,#6071,#6072),
  .UNSPECIFIED.,.F.,.F.,(5,3,3,3,3,3,3,3,5),(0.,0.123366998848,
    0.245785183154,0.368278463381,0.490925264754,0.613685605855,
    0.736641235461,0.859836526555,1.),.UNSPECIFIED.);
#6047 = CARTESIAN_POINT('',(46.792697711339,0.,78.681003913397));
#6048 = CARTESIAN_POINT('',(46.792697711339,0.216643471563,
    78.681003913397));
#6049 = CARTESIAN_POINT('',(46.791245169821,0.433286940551,
    78.680270793437));
#6050 = CARTESIAN_POINT('',(46.788340086526,0.649919332648,
    78.678804553965));
#6051 = CARTESIAN_POINT('',(46.779657770231,1.081473764386,
    78.674418835096));
#6052 = CARTESIAN_POINT('',(46.773902799033,1.296396139177,
    78.671510618935));
#6053 = CARTESIAN_POINT('',(46.766716971183,1.511285775409,
    78.667876661082));
#6054 = CARTESIAN_POINT('',(46.749477195749,1.941109322868,
    78.659146911114));
#6055 = CARTESIAN_POINT('',(46.73942149203,2.156043175254,
    78.654050222928));
#6056 = CARTESIAN_POINT('',(46.72793205366,2.370922167842,
    78.648219216651));
#6057 = CARTESIAN_POINT('',(46.702067865582,2.800817069906,
    78.635068757997));
#6058 = CARTESIAN_POINT('',(46.687689518647,3.015832808073,
    78.627747448262));
#6059 = CARTESIAN_POINT('',(46.671872191765,3.230770884126,
    78.619678367829));
#6060 = CARTESIAN_POINT('',(46.637341473987,3.660667209379,
    78.60202090668));
#6061 = CARTESIAN_POINT('',(46.618625416884,3.875625287333,78.592431125)
  );
#6062 = CARTESIAN_POINT('',(46.598465581776,4.09048210223,
    78.582076561348));
#6063 = CARTESIAN_POINT('',(46.555221438716,4.52031040354,
    78.559800458138));
#6064 = CARTESIAN_POINT('',(46.532132531178,4.73528152247,
    78.547876450283));
#6065 = CARTESIAN_POINT('',(46.507592691577,4.950126534944,
    78.535165438424));
#6066 = CARTESIAN_POINT('',(46.455557597319,5.379957101273,
    78.508119060097));
#6067 = CARTESIAN_POINT('',(46.428056677471,5.594942106061,
    78.493780573694));
#6068 = CARTESIAN_POINT('',(46.399096263226,5.809774636653,
    78.478627880611));
#6069 = CARTESIAN_POINT('',(46.334063254244,6.26867422491,
    78.444464398756));
#6070 = CARTESIAN_POINT('',(46.297560464903,6.512692395998,
    78.42520966735));
#6071 = CARTESIAN_POINT('',(46.259164149588,6.756475192601,
    78.404861529421));
#6072 = CARTESIAN_POINT('',(46.21887191399,7.0000012,78.383395147981));
#6073 = PCURVE('',#4251,#6074);
#6074 = DEFINITIONAL_REPRESENTATION('',(#6075),#6102);
#6075 = B_SPLINE_CURVE_WITH_KNOTS('',4,(#6076,#6077,#6078,#6079,#6080,
    #6081,#6082,#6083,#6084,#6085,#6086,#6087,#6088,#6089,#6090,#6091,
    #6092,#6093,#6094,#6095,#6096,#6097,#6098,#6099,#6100,#6101),
  .UNSPECIFIED.,.F.,.F.,(5,3,3,3,3,3,3,3,5),(0.,0.123366998848,
    0.245785183154,0.368278463381,0.490925264754,0.613685605855,
    0.736641235461,0.859836526555,1.),.UNSPECIFIED.);
#6076 = CARTESIAN_POINT('',(0.,20.076997507466));
#6077 = CARTESIAN_POINT('',(4.629856412633E-03,20.076997507466));
#6078 = CARTESIAN_POINT('',(9.259712783483E-03,20.077739709645));
#6079 = CARTESIAN_POINT('',(1.38896653877E-02,20.079224113549));
#6080 = CARTESIAN_POINT('',(2.311434380834E-02,20.083664164505));
#6081 = CARTESIAN_POINT('',(2.770906660332E-02,20.086608408787));
#6082 = CARTESIAN_POINT('',(3.230407157036E-02,20.090287385413));
#6083 = CARTESIAN_POINT('',(4.149764748344E-02,20.099125282106));
#6084 = CARTESIAN_POINT('',(4.60962188031E-02,20.104285109345));
#6085 = CARTESIAN_POINT('',(5.069525550145E-02,20.110188351221));
#6086 = CARTESIAN_POINT('',(5.990020032922E-02,20.123501718977));
#6087 = CARTESIAN_POINT('',(6.450610975607E-02,20.130913725223));
#6088 = CARTESIAN_POINT('',(6.911266219841E-02,20.139082764765));
#6089 = CARTESIAN_POINT('',(7.833148478265E-02,20.156958962719));
#6090 = CARTESIAN_POINT('',(8.294375617115E-02,20.166667539444));
#6091 = CARTESIAN_POINT('',(8.755683857117E-02,20.177150370536));
#6092 = CARTESIAN_POINT('',(9.679211864625E-02,20.199702415446));
#6093 = CARTESIAN_POINT('',(0.101414319038,20.211774128129));
#6094 = CARTESIAN_POINT('',(0.106037486845,20.224642591069));
#6095 = CARTESIAN_POINT('',(0.115294906981,20.252023985644));
#6096 = CARTESIAN_POINT('',(0.119929163228,20.266540075842));
#6097 = CARTESIAN_POINT('',(0.124564527569,20.281880453855));
#6098 = CARTESIAN_POINT('',(0.134476195049,20.316467081533));
#6099 = CARTESIAN_POINT('',(0.139752842228,20.335960293794));
#6100 = CARTESIAN_POINT('',(0.145031080012,20.356560446732));
#6101 = CARTESIAN_POINT('',(0.150310975121,20.378292681748));
#6102 = ( GEOMETRIC_REPRESENTATION_CONTEXT(2) 
PARAMETRIC_REPRESENTATION_CONTEXT() REPRESENTATION_CONTEXT('2D SPACE',''
  ) );
#6103 = PCURVE('',#6104,#6112);
#6104 = SURFACE_OF_LINEAR_EXTRUSION('',#6105,#6110);
#6105 = ELLIPSE('',#6106,28.,24.);
#6106 = AXIS2_PLACEMENT_3D('',#6107,#6108,#6109);
#6107 = CARTESIAN_POINT('',(61.,0.,58.));
#6108 = DIRECTION('',(0.,-1.,0.));
#6109 = DIRECTION('',(1.,0.,0.));
#6110 = VECTOR('',#6111,1.);
#6111 = DIRECTION('',(0.,-1.,0.));
#6112 = DEFINITIONAL_REPRESENTATION('',(#6113),#6140);
#6113 = B_SPLINE_CURVE_WITH_KNOTS('',4,(#6114,#6115,#6116,#6117,#6118,
    #6119,#6120,#6121,#6122,#6123,#6124,#6125,#6126,#6127,#6128,#6129,
    #6130,#6131,#6132,#6133,#6134,#6135,#6136,#6137,#6138,#6139),
  .UNSPECIFIED.,.F.,.F.,(5,3,3,3,3,3,3,3,5),(0.,0.123366998848,
    0.245785183154,0.368278463381,0.490925264754,0.613685605855,
    0.736641235461,0.859836526555,1.),.UNSPECIFIED.);
#6114 = CARTESIAN_POINT('',(8.386150719907,0.));
#6115 = CARTESIAN_POINT('',(8.386150719907,-0.216643471563));
#6116 = CARTESIAN_POINT('',(8.386210921804,-0.433286940551));
#6117 = CARTESIAN_POINT('',(8.386331325588,-0.649919332648));
#6118 = CARTESIAN_POINT('',(8.386691248604,-1.081473764386));
#6119 = CARTESIAN_POINT('',(8.386929844605,-1.296396139177));
#6120 = CARTESIAN_POINT('',(8.387227819184,-1.511285775409));
#6121 = CARTESIAN_POINT('',(8.387942942033,-1.941109322868));
#6122 = CARTESIAN_POINT('',(8.388360163308,-2.156043175254));
#6123 = CARTESIAN_POINT('',(8.388837033588,-2.370922167842));
#6124 = CARTESIAN_POINT('',(8.389911042018,-2.800817069906));
#6125 = CARTESIAN_POINT('',(8.390508330169,-3.015832808073));
#6126 = CARTESIAN_POINT('',(8.391165715119,-3.230770884126));
#6127 = CARTESIAN_POINT('',(8.392601742879,-3.660667209379));
#6128 = CARTESIAN_POINT('',(8.393380497402,-3.875625287333));
#6129 = CARTESIAN_POINT('',(8.394219860844,-4.09048210223));
#6130 = CARTESIAN_POINT('',(8.396021742288,-4.52031040354));
#6131 = CARTESIAN_POINT('',(8.396984454109,-4.73528152247));
#6132 = CARTESIAN_POINT('',(8.39800847449,-4.950126534944));
#6133 = CARTESIAN_POINT('',(8.40018186199,-5.379957101273));
#6134 = CARTESIAN_POINT('',(8.401331469571,-5.594942106061));
#6135 = CARTESIAN_POINT('',(8.402543241483,-5.809774636653));
#6136 = CARTESIAN_POINT('',(8.405267355324,-6.26867422491));
#6137 = CARTESIAN_POINT('',(8.406798108245,-6.512692395998));
#6138 = CARTESIAN_POINT('',(8.408410334057,-6.756475192601));
#6139 = CARTESIAN_POINT('',(8.410104664255,-7.0000012));
#6140 = ( GEOMETRIC_REPRESENTATION_CONTEXT(2) 
PARAMETRIC_REPRESENTATION_CONTEXT() REPRESENTATION_CONTEXT('2D SPACE',''
  ) );
#6141 = ORIENTED_EDGE('',*,*,#6142,.F.);
#6142 = EDGE_CURVE('',#6143,#6043,#6145,.T.);
#6143 = VERTEX_POINT('',#6144);
#6144 = CARTESIAN_POINT('',(48.436111669928,7.,92.178069798101));
#6145 = SURFACE_CURVE('',#6146,(#6239,#6335),.PCURVE_S1.);
#6146 = B_SPLINE_CURVE_WITH_KNOTS('',7,(#6147,#6148,#6149,#6150,#6151,
    #6152,#6153,#6154,#6155,#6156,#6157,#6158,#6159,#6160,#6161,#6162,
    #6163,#6164,#6165,#6166,#6167,#6168,#6169,#6170,#6171,#6172,#6173,
    #6174,#6175,#6176,#6177,#6178,#6179,#6180,#6181,#6182,#6183,#6184,
    #6185,#6186,#6187,#6188,#6189,#6190,#6191,#6192,#6193,#6194,#6195,
    #6196,#6197,#6198,#6199,#6200,#6201,#6202,#6203,#6204,#6205,#6206,
    #6207,#6208,#6209,#6210,#6211,#6212,#6213,#6214,#6215,#6216,#6217,
    #6218,#6219,#6220,#6221,#6222,#6223,#6224,#6225,#6226,#6227,#6228,
    #6229,#6230,#6231,#6232,#6233,#6234,#6235,#6236,#6237,#6238),
  .UNSPECIFIED.,.F.,.F.,(8,6,6,6,6,6,6,6,6,6,6,6,6,6,6,8),(0.,
    1.571522598821E-02,0.137557287713,0.183557686978,0.218368045737,
    0.263123124603,0.352630920425,0.593852846453,0.637400458882,
    0.680958374041,0.70958489263,0.731988260321,0.750656953447,
    0.806653018268,0.973229306748,1.),.UNSPECIFIED.);
#6147 = CARTESIAN_POINT('',(48.739289166819,7.,94.));
#6148 = CARTESIAN_POINT('',(48.714688284796,7.,93.853145967954));
#6149 = CARTESIAN_POINT('',(48.690118877763,7.,93.706287250509));
#6150 = CARTESIAN_POINT('',(48.665580111506,7.,93.559421821138));
#6151 = CARTESIAN_POINT('',(48.641072143009,7.,93.41255356747));
#6152 = CARTESIAN_POINT('',(48.616593834189,7.,93.265678649956));
#6153 = CARTESIAN_POINT('',(48.592145120897,7.,93.118799637351));
#6154 = CARTESIAN_POINT('',(48.37839608417,7.,91.833106776219));
#6155 = CARTESIAN_POINT('',(48.190809353227,7.,90.694011580479));
#6156 = CARTESIAN_POINT('',(48.004741372678,7.,89.554670305118));
#6157 = CARTESIAN_POINT('',(47.819968128571,7.,88.415122612506));
#6158 = CARTESIAN_POINT('',(47.636265399549,7.,87.275407650787));
#6159 = CARTESIAN_POINT('',(47.453408756853,7.,86.135564053886));
#6160 = CARTESIAN_POINT('',(47.202372269443,7.,84.565257838773));
#6161 = CARTESIAN_POINT('',(47.133659556927,7.,84.134872852948));
#6162 = CARTESIAN_POINT('',(47.065023339541,7.,83.704477045375));
#6163 = CARTESIAN_POINT('',(46.996451526495,7.,83.274072473983));
#6164 = CARTESIAN_POINT('',(46.927932023438,7.,82.843661193286));
#6165 = CARTESIAN_POINT('',(46.859452732458,7.,82.413245254384));
#6166 = CARTESIAN_POINT('',(46.739201781108,7.,81.657111616372));
#6167 = CARTESIAN_POINT('',(46.687417511814,7.,81.331395132496));
#6168 = CARTESIAN_POINT('',(46.635647499949,7.,81.00567747773));
#6169 = CARTESIAN_POINT('',(46.583874211854,7.,80.679961577735));
#6170 = CARTESIAN_POINT('',(46.532115220376,7.,80.354244535345));
#6171 = CARTESIAN_POINT('',(46.480336869863,7.,80.028531950169));
#6172 = CARTESIAN_POINT('',(46.361988557746,7.,79.284059095282));
#6173 = CARTESIAN_POINT('',(46.295417527575,7.,78.865299830454));
#6174 = CARTESIAN_POINT('',(46.228865957841,7.,78.446539459836));
#6175 = CARTESIAN_POINT('',(46.16235413329,7.,78.027774655875));
#6176 = CARTESIAN_POINT('',(46.095902344703,7.,77.609002095961));
#6177 = CARTESIAN_POINT('',(46.029530888896,7.,77.190218462428));
#6178 = CARTESIAN_POINT('',(45.830721925757,7.,75.933846504504));
#6179 = CARTESIAN_POINT('',(45.698586315665,7.,75.096215124977));
#6180 = CARTESIAN_POINT('',(45.567015638752,7.,74.258499686956));
#6181 = CARTESIAN_POINT('',(45.436172423086,7.,73.42067392139));
#6182 = CARTESIAN_POINT('',(45.306219324491,7.,72.582711907183));
#6183 = CARTESIAN_POINT('',(45.177319126549,7.,71.744588071197));
#6184 = CARTESIAN_POINT('',(44.705527579648,7.,68.647044191413));
#6185 = CARTESIAN_POINT('',(44.370252732344,7.,66.386465795884));
#6186 = CARTESIAN_POINT('',(44.04699565927,7.,64.124029609071));
#6187 = CARTESIAN_POINT('',(43.738953124385,7.,61.859276399109));
#6188 = CARTESIAN_POINT('',(43.449330358975,7.,59.591800510615));
#6189 = CARTESIAN_POINT('',(43.181331752777,7.,57.321251187306));
#6190 = CARTESIAN_POINT('',(42.894242764208,7.,54.636826390884));
#6191 = CARTESIAN_POINT('',(42.851154228458,7.,54.226207975967));
#6192 = CARTESIAN_POINT('',(42.808826666237,7.,53.815487911905));
#6193 = CARTESIAN_POINT('',(42.767203779324,7.,53.404674850917));
#6194 = CARTESIAN_POINT('',(42.726230300992,7.,52.993777085155));
#6195 = CARTESIAN_POINT('',(42.685852521143,7.,52.582802472492));
#6196 = CARTESIAN_POINT('',(42.606167665165,7.,51.760618171052));
#6197 = CARTESIAN_POINT('',(42.566861007429,7.,51.349408464882));
#6198 = CARTESIAN_POINT('',(42.52803990218,7.,50.938137651912));
#6199 = CARTESIAN_POINT('',(42.489649423955,7.,50.526813431926));
#6200 = CARTESIAN_POINT('',(42.451634652111,7.,50.115443379303));
#6201 = CARTESIAN_POINT('',(42.413940670823,7.,49.704034943017));
#6202 = CARTESIAN_POINT('',(42.351914600006,7.,49.02219498444));
#6203 = CARTESIAN_POINT('',(42.327431469018,7.,48.751781118617));
#6204 = CARTESIAN_POINT('',(42.303047588824,7.,48.481355934025));
#6205 = CARTESIAN_POINT('',(42.278747371361,7.,48.210921505454));
#6206 = CARTESIAN_POINT('',(42.254515227797,7.,47.940479897623));
#6207 = CARTESIAN_POINT('',(42.230335568535,7.,47.670033165186));
#6208 = CARTESIAN_POINT('',(42.187298460642,7.,47.187926927523));
#6209 = CARTESIAN_POINT('',(42.168426714547,7.,46.976268618252));
#6210 = CARTESIAN_POINT('',(42.149570091893,7.,46.764609405792));
#6211 = CARTESIAN_POINT('',(42.130721118746,7.,46.552950270794));
#6212 = CARTESIAN_POINT('',(42.111872320261,7.,46.341292193679));
#6213 = CARTESIAN_POINT('',(42.09301622069,7.,46.129636154638));
#6214 = CARTESIAN_POINT('',(42.058420269248,7.,45.741612984605));
#6215 = CARTESIAN_POINT('',(42.042684933575,7.,45.565244932102));
#6216 = CARTESIAN_POINT('',(42.026935010091,7.,45.388879543401));
#6217 = CARTESIAN_POINT('',(42.011166171836,7.,45.212517387046));
#6218 = CARTESIAN_POINT('',(41.99537409116,7.,45.036159032849));
#6219 = CARTESIAN_POINT('',(41.97955443972,7.,44.859805051891));
#6220 = CARTESIAN_POINT('',(41.916156738108,7.,44.154503510377));
#6221 = CARTESIAN_POINT('',(41.868323586956,7.,43.625595577049));
#6222 = CARTESIAN_POINT('',(41.82008662844,7.,43.096747544365));
#6223 = CARTESIAN_POINT('',(41.771328967232,7.,42.567975046187));
#6224 = CARTESIAN_POINT('',(41.72193361926,7.,42.039294022407));
#6225 = CARTESIAN_POINT('',(41.671783511711,7.,41.510720718946));
#6226 = CARTESIAN_POINT('',(41.468981885746,7.,39.410249108202));
#6227 = CARTESIAN_POINT('',(41.309488028739,7.,37.839344649081));
#6228 = CARTESIAN_POINT('',(41.139192644706,7.,36.269966711192));
#6229 = CARTESIAN_POINT('',(40.955003073939,7.,34.702595069283));
#6230 = CARTESIAN_POINT('',(40.753817881222,7.,33.13778125825));
#6231 = CARTESIAN_POINT('',(40.532532830852,7.,31.576147508603));
#6232 = CARTESIAN_POINT('',(40.24876606375,7.,29.768034056921));
#6233 = CARTESIAN_POINT('',(40.208876987431,7.,29.517784314076));
#6234 = CARTESIAN_POINT('',(40.168376177916,7.,29.267637993197));
#6235 = CARTESIAN_POINT('',(40.127250840882,7.,29.017598156816));
#6236 = CARTESIAN_POINT('',(40.085488200577,7.,28.7676679395));
#6237 = CARTESIAN_POINT('',(40.04307549982,7.,28.517850547856));
#6238 = CARTESIAN_POINT('',(40.,7.,28.268149260526));
#6239 = PCURVE('',#4251,#6240);
#6240 = DEFINITIONAL_REPRESENTATION('',(#6241),#6334);
#6241 = B_SPLINE_CURVE_WITH_KNOTS('',7,(#6242,#6243,#6244,#6245,#6246,
    #6247,#6248,#6249,#6250,#6251,#6252,#6253,#6254,#6255,#6256,#6257,
    #6258,#6259,#6260,#6261,#6262,#6263,#6264,#6265,#6266,#6267,#6268,
    #6269,#6270,#6271,#6272,#6273,#6274,#6275,#6276,#6277,#6278,#6279,
    #6280,#6281,#6282,#6283,#6284,#6285,#6286,#6287,#6288,#6289,#6290,
    #6291,#6292,#6293,#6294,#6295,#6296,#6297,#6298,#6299,#6300,#6301,
    #6302,#6303,#6304,#6305,#6306,#6307,#6308,#6309,#6310,#6311,#6312,
    #6313,#6314,#6315,#6316,#6317,#6318,#6319,#6320,#6321,#6322,#6323,
    #6324,#6325,#6326,#6327,#6328,#6329,#6330,#6331,#6332,#6333),
  .UNSPECIFIED.,.F.,.F.,(8,6,6,6,6,6,6,6,6,6,6,6,6,6,6,8),(0.,
    1.571522598821E-02,0.137557287713,0.183557686978,0.218368045737,
    0.263123124603,0.352630920425,0.593852846453,0.637400458882,
    0.680958374041,0.70958489263,0.731988260321,0.750656953447,
    0.806653018268,0.973229306748,1.),.UNSPECIFIED.);
#6242 = CARTESIAN_POINT('',(0.142645846588,4.563617444767));
#6243 = CARTESIAN_POINT('',(0.142716873552,4.712470649543));
#6244 = CARTESIAN_POINT('',(0.142787893832,4.86132443373));
#6245 = CARTESIAN_POINT('',(0.142858900465,5.010176651949));
#6246 = CARTESIAN_POINT('',(0.142929909274,5.159031157913));
#6247 = CARTESIAN_POINT('',(0.143000906332,5.307883968235));
#6248 = CARTESIAN_POINT('',(0.143071902404,5.456737599838));
#6249 = CARTESIAN_POINT('',(0.143693311315,6.75967076425));
#6250 = CARTESIAN_POINT('',(0.144243566685,7.913753539622));
#6251 = CARTESIAN_POINT('',(0.144794226277,9.06783958737));
#6252 = CARTESIAN_POINT('',(0.145345889776,10.221929550996));
#6253 = CARTESIAN_POINT('',(0.145899191617,11.37602459534));
#6254 = CARTESIAN_POINT('',(0.146454800987,12.530126406582));
#6255 = CARTESIAN_POINT('',(0.147224324209,14.119961573336));
#6256 = CARTESIAN_POINT('',(0.147435655935,14.55568721468));
#6257 = CARTESIAN_POINT('',(0.147647454947,14.99141422498));
#6258 = CARTESIAN_POINT('',(0.147859759964,15.427142716462));
#6259 = CARTESIAN_POINT('',(0.148072610474,15.862872804871));
#6260 = CARTESIAN_POINT('',(0.148286046738,16.298604609467));
#6261 = CARTESIAN_POINT('',(0.148662099936,17.064075487873));
#6262 = CARTESIAN_POINT('',(0.148824450919,17.393813779134));
#6263 = CARTESIAN_POINT('',(0.148987167793,17.723553152063));
#6264 = CARTESIAN_POINT('',(0.149150307716,18.053293744214));
#6265 = CARTESIAN_POINT('',(0.149313816399,18.383035451743));
#6266 = CARTESIAN_POINT('',(0.149477802788,18.712778522763));
#6267 = CARTESIAN_POINT('',(0.149853577997,19.466469429826));
#6268 = CARTESIAN_POINT('',(0.150065643312,19.890418085146));
#6269 = CARTESIAN_POINT('',(0.150278342371,20.314368707745));
#6270 = CARTESIAN_POINT('',(0.150491613603,20.73832119475));
#6271 = CARTESIAN_POINT('',(0.150705394151,21.162275438154));
#6272 = CARTESIAN_POINT('',(0.150919619873,21.586231324825));
#6273 = CARTESIAN_POINT('',(0.151563424945,22.858081185845));
#6274 = CARTESIAN_POINT('',(0.15199414313,23.705979633632));
#6275 = CARTESIAN_POINT('',(0.152425856865,24.553883250958));
#6276 = CARTESIAN_POINT('',(0.152858021012,25.401790857295));
#6277 = CARTESIAN_POINT('',(0.153290068323,26.249700920493));
#6278 = CARTESIAN_POINT('',(0.153721409445,27.097611556772));
#6279 = CARTESIAN_POINT('',(0.155310338551,30.230620213016));
#6280 = CARTESIAN_POINT('',(0.156459667004,32.515694568425));
#6281 = CARTESIAN_POINT('',(0.157587449363,34.800718779824));
#6282 = CARTESIAN_POINT('',(0.158680530768,37.085614403703));
#6283 = CARTESIAN_POINT('',(0.159724541184,39.370249425987));
#6284 = CARTESIAN_POINT('',(0.160704143257,41.654438349311));
#6285 = CARTESIAN_POINT('',(0.161765927792,44.350181560399));
#6286 = CARTESIAN_POINT('',(0.161925665974,44.762397877903));
#6287 = CARTESIAN_POINT('',(0.162082943436,45.174592088911));
#6288 = CARTESIAN_POINT('',(0.162237948031,45.586765318437));
#6289 = CARTESIAN_POINT('',(0.162390866886,45.99891886928));
#6290 = CARTESIAN_POINT('',(0.162541884296,46.411054206013));
#6291 = CARTESIAN_POINT('',(0.162840539966,47.235389386472));
#6292 = CARTESIAN_POINT('',(0.162988176767,47.647589179726));
#6293 = CARTESIAN_POINT('',(0.163134296587,48.059774128121));
#6294 = CARTESIAN_POINT('',(0.163279093761,48.471946055877));
#6295 = CARTESIAN_POINT('',(0.163422765243,48.884106908655));
#6296 = CARTESIAN_POINT('',(0.163565510605,49.296258753566));
#6297 = CARTESIAN_POINT('',(0.163800869362,49.979267919313));
#6298 = CARTESIAN_POINT('',(0.163893893989,50.250129102499));
#6299 = CARTESIAN_POINT('',(0.16398666329,50.520987944122));
#6300 = CARTESIAN_POINT('',(0.164079235105,50.791845069403));
#6301 = CARTESIAN_POINT('',(0.164171667742,51.062701113393));
#6302 = CARTESIAN_POINT('',(0.164264019976,51.333556720967));
#6303 = CARTESIAN_POINT('',(0.164428610171,51.816386721712));
#6304 = CARTESIAN_POINT('',(0.164500856332,52.028361027989));
#6305 = CARTESIAN_POINT('',(0.164573117929,52.240335778652));
#6306 = CARTESIAN_POINT('',(0.164645423537,52.45231128699));
#6307 = CARTESIAN_POINT('',(0.164717801909,52.664287866587));
#6308 = CARTESIAN_POINT('',(0.164790281975,52.876265831321));
#6309 = CARTESIAN_POINT('',(0.164923399374,53.264887835552));
#6310 = CARTESIAN_POINT('',(0.164983996734,53.4415313549));
#6311 = CARTESIAN_POINT('',(0.165044701767,53.618176234965));
#6312 = CARTESIAN_POINT('',(0.165105531406,53.794822656133));
#6313 = CARTESIAN_POINT('',(0.165166502675,53.97147079761));
#6314 = CARTESIAN_POINT('',(0.165227632686,54.148120837426));
#6315 = CARTESIAN_POINT('',(0.165472823621,54.85463453491));
#6316 = CARTESIAN_POINT('',(0.165658291843,55.384514710752));
#6317 = CARTESIAN_POINT('',(0.165845806853,55.914418366082));
#6318 = CARTESIAN_POINT('',(0.166035840485,56.444350096127));
#6319 = CARTESIAN_POINT('',(0.16622887286,56.974314205216));
#6320 = CARTESIAN_POINT('',(0.166425392385,57.504314706785));
#6321 = CARTESIAN_POINT('',(0.16722235029,59.611112528302));
#6322 = CARTESIAN_POINT('',(0.167854056423,61.188206292586));
#6323 = CARTESIAN_POINT('',(0.168534117297,62.765762066611));
#6324 = CARTESIAN_POINT('',(0.169276379549,64.343835428088));
#6325 = CARTESIAN_POINT('',(0.170095609206,65.922412127029));
#6326 = CARTESIAN_POINT('',(0.171007905725,67.501407787778));
#6327 = CARTESIAN_POINT('',(0.172195833919,69.334472125288));
#6328 = CARTESIAN_POINT('',(0.172363184265,69.588283325348));
#6329 = CARTESIAN_POINT('',(0.172533480119,69.842100097776));
#6330 = CARTESIAN_POINT('',(0.172706797804,70.095921596818));
#6331 = CARTESIAN_POINT('',(0.172883215069,70.349746901445));
#6332 = CARTESIAN_POINT('',(0.173062811086,70.603575015353));
#6333 = CARTESIAN_POINT('',(0.173245666452,70.85740486696));
#6334 = ( GEOMETRIC_REPRESENTATION_CONTEXT(2) 
PARAMETRIC_REPRESENTATION_CONTEXT() REPRESENTATION_CONTEXT('2D SPACE',''
  ) );
#6335 = PCURVE('',#6336,#6341);
#6336 = PLANE('',#6337);
#6337 = AXIS2_PLACEMENT_3D('',#6338,#6339,#6340);
#6338 = CARTESIAN_POINT('',(61.532700833651,7.,58.));
#6339 = DIRECTION('',(-0.,-1.,-0.));
#6340 = DIRECTION('',(0.,0.,-1.));
#6341 = DEFINITIONAL_REPRESENTATION('',(#6342),#6435);
#6342 = B_SPLINE_CURVE_WITH_KNOTS('',7,(#6343,#6344,#6345,#6346,#6347,
    #6348,#6349,#6350,#6351,#6352,#6353,#6354,#6355,#6356,#6357,#6358,
    #6359,#6360,#6361,#6362,#6363,#6364,#6365,#6366,#6367,#6368,#6369,
    #6370,#6371,#6372,#6373,#6374,#6375,#6376,#6377,#6378,#6379,#6380,
    #6381,#6382,#6383,#6384,#6385,#6386,#6387,#6388,#6389,#6390,#6391,
    #6392,#6393,#6394,#6395,#6396,#6397,#6398,#6399,#6400,#6401,#6402,
    #6403,#6404,#6405,#6406,#6407,#6408,#6409,#6410,#6411,#6412,#6413,
    #6414,#6415,#6416,#6417,#6418,#6419,#6420,#6421,#6422,#6423,#6424,
    #6425,#6426,#6427,#6428,#6429,#6430,#6431,#6432,#6433,#6434),
  .UNSPECIFIED.,.F.,.F.,(8,6,6,6,6,6,6,6,6,6,6,6,6,6,6,8),(0.,
    1.571522598821E-02,0.137557287713,0.183557686978,0.218368045737,
    0.263123124603,0.352630920425,0.593852846453,0.637400458882,
    0.680958374041,0.70958489263,0.731988260321,0.750656953447,
    0.806653018268,0.973229306748,1.),.UNSPECIFIED.);
#6343 = CARTESIAN_POINT('',(-36.,-12.79341166683));
#6344 = CARTESIAN_POINT('',(-35.85314596795,-12.81801254885));
#6345 = CARTESIAN_POINT('',(-35.7062872505,-12.84258195588));
#6346 = CARTESIAN_POINT('',(-35.55942182113,-12.86712072214));
#6347 = CARTESIAN_POINT('',(-35.41255356747,-12.89162869064));
#6348 = CARTESIAN_POINT('',(-35.26567864995,-12.91610699946));
#6349 = CARTESIAN_POINT('',(-35.11879963735,-12.94055571275));
#6350 = CARTESIAN_POINT('',(-33.83310677621,-13.15430474948));
#6351 = CARTESIAN_POINT('',(-32.69401158047,-13.34189148042));
#6352 = CARTESIAN_POINT('',(-31.55467030511,-13.52795946097));
#6353 = CARTESIAN_POINT('',(-30.4151226125,-13.71273270508));
#6354 = CARTESIAN_POINT('',(-29.27540765078,-13.8964354341));
#6355 = CARTESIAN_POINT('',(-28.13556405388,-14.07929207679));
#6356 = CARTESIAN_POINT('',(-26.56525783877,-14.3303285642));
#6357 = CARTESIAN_POINT('',(-26.13487285294,-14.39904127672));
#6358 = CARTESIAN_POINT('',(-25.70447704537,-14.46767749411));
#6359 = CARTESIAN_POINT('',(-25.27407247398,-14.53624930715));
#6360 = CARTESIAN_POINT('',(-24.84366119328,-14.60476881021));
#6361 = CARTESIAN_POINT('',(-24.41324525438,-14.67324810119));
#6362 = CARTESIAN_POINT('',(-23.65711161637,-14.79349905254));
#6363 = CARTESIAN_POINT('',(-23.33139513249,-14.84528332183));
#6364 = CARTESIAN_POINT('',(-23.00567747773,-14.8970533337));
#6365 = CARTESIAN_POINT('',(-22.67996157773,-14.94882662179));
#6366 = CARTESIAN_POINT('',(-22.35424453534,-15.00058561327));
#6367 = CARTESIAN_POINT('',(-22.02853195016,-15.05236396378));
#6368 = CARTESIAN_POINT('',(-21.28405909528,-15.1707122759));
#6369 = CARTESIAN_POINT('',(-20.86529983045,-15.23728330607));
#6370 = CARTESIAN_POINT('',(-20.44653945983,-15.30383487581));
#6371 = CARTESIAN_POINT('',(-20.02777465587,-15.37034670036));
#6372 = CARTESIAN_POINT('',(-19.60900209596,-15.43679848894));
#6373 = CARTESIAN_POINT('',(-19.19021846242,-15.50316994475));
#6374 = CARTESIAN_POINT('',(-17.9338465045,-15.70197890789));
#6375 = CARTESIAN_POINT('',(-17.09621512497,-15.83411451798));
#6376 = CARTESIAN_POINT('',(-16.25849968695,-15.96568519489));
#6377 = CARTESIAN_POINT('',(-15.42067392139,-16.09652841056));
#6378 = CARTESIAN_POINT('',(-14.58271190718,-16.22648150916));
#6379 = CARTESIAN_POINT('',(-13.74458807119,-16.3553817071));
#6380 = CARTESIAN_POINT('',(-10.64704419141,-16.827173254));
#6381 = CARTESIAN_POINT('',(-8.386465795884,-17.1624481013));
#6382 = CARTESIAN_POINT('',(-6.124029609071,-17.48570517438));
#6383 = CARTESIAN_POINT('',(-3.859276399109,-17.79374770926));
#6384 = CARTESIAN_POINT('',(-1.591800510615,-18.08337047467));
#6385 = CARTESIAN_POINT('',(0.678748812694,-18.35136908087));
#6386 = CARTESIAN_POINT('',(3.363173609116,-18.63845806944));
#6387 = CARTESIAN_POINT('',(3.773792024033,-18.68154660519));
#6388 = CARTESIAN_POINT('',(4.184512088095,-18.72387416741));
#6389 = CARTESIAN_POINT('',(4.595325149083,-18.76549705432));
#6390 = CARTESIAN_POINT('',(5.006222914845,-18.80647053265));
#6391 = CARTESIAN_POINT('',(5.417197527508,-18.8468483125));
#6392 = CARTESIAN_POINT('',(6.239381828948,-18.92653316848));
#6393 = CARTESIAN_POINT('',(6.650591535118,-18.96583982622));
#6394 = CARTESIAN_POINT('',(7.061862348088,-19.00466093147));
#6395 = CARTESIAN_POINT('',(7.473186568074,-19.04305140969));
#6396 = CARTESIAN_POINT('',(7.884556620697,-19.08106618154));
#6397 = CARTESIAN_POINT('',(8.295965056983,-19.11876016282));
#6398 = CARTESIAN_POINT('',(8.97780501556,-19.18078623364));
#6399 = CARTESIAN_POINT('',(9.248218881383,-19.20526936463));
#6400 = CARTESIAN_POINT('',(9.518644065975,-19.22965324482));
#6401 = CARTESIAN_POINT('',(9.789078494546,-19.25395346229));
#6402 = CARTESIAN_POINT('',(10.059520102377,-19.27818560585));
#6403 = CARTESIAN_POINT('',(10.329966834815,-19.30236526511));
#6404 = CARTESIAN_POINT('',(10.812073072477,-19.345402373));
#6405 = CARTESIAN_POINT('',(11.023731381748,-19.3642741191));
#6406 = CARTESIAN_POINT('',(11.235390594208,-19.38313074175));
#6407 = CARTESIAN_POINT('',(11.447049729206,-19.4019797149));
#6408 = CARTESIAN_POINT('',(11.658707806321,-19.42082851339));
#6409 = CARTESIAN_POINT('',(11.870363845362,-19.43968461296));
#6410 = CARTESIAN_POINT('',(12.258387015395,-19.4742805644));
#6411 = CARTESIAN_POINT('',(12.434755067898,-19.49001590007));
#6412 = CARTESIAN_POINT('',(12.611120456599,-19.50576582356));
#6413 = CARTESIAN_POINT('',(12.787482612954,-19.52153466181));
#6414 = CARTESIAN_POINT('',(12.963840967151,-19.53732674249));
#6415 = CARTESIAN_POINT('',(13.140194948109,-19.55314639393));
#6416 = CARTESIAN_POINT('',(13.845496489623,-19.61654409554));
#6417 = CARTESIAN_POINT('',(14.374404422951,-19.66437724669));
#6418 = CARTESIAN_POINT('',(14.903252455635,-19.71261420521));
#6419 = CARTESIAN_POINT('',(15.432024953813,-19.76137186641));
#6420 = CARTESIAN_POINT('',(15.960705977593,-19.81076721439));
#6421 = CARTESIAN_POINT('',(16.489279281054,-19.86091732194));
#6422 = CARTESIAN_POINT('',(18.589750891798,-20.0637189479));
#6423 = CARTESIAN_POINT('',(20.160655350919,-20.22321280491));
#6424 = CARTESIAN_POINT('',(21.730033288808,-20.39350818894));
#6425 = CARTESIAN_POINT('',(23.297404930717,-20.57769775971));
#6426 = CARTESIAN_POINT('',(24.86221874175,-20.77888295242));
#6427 = CARTESIAN_POINT('',(26.423852491397,-21.00016800279));
#6428 = CARTESIAN_POINT('',(28.231965943079,-21.2839347699));
#6429 = CARTESIAN_POINT('',(28.482215685924,-21.32382384622));
#6430 = CARTESIAN_POINT('',(28.732362006803,-21.36432465573));
#6431 = CARTESIAN_POINT('',(28.982401843184,-21.40544999276));
#6432 = CARTESIAN_POINT('',(29.2323320605,-21.44721263307));
#6433 = CARTESIAN_POINT('',(29.482149452144,-21.48962533383));
#6434 = CARTESIAN_POINT('',(29.731850739474,-21.53270083365));
#6435 = ( GEOMETRIC_REPRESENTATION_CONTEXT(2) 
PARAMETRIC_REPRESENTATION_CONTEXT() REPRESENTATION_CONTEXT('2D SPACE',''
  ) );
#6436 = ORIENTED_EDGE('',*,*,#6437,.F.);
#6437 = EDGE_CURVE('',#4325,#6143,#6438,.T.);
#6438 = SURFACE_CURVE('',#6439,(#6469,#6502),.PCURVE_S1.);
#6439 = B_SPLINE_CURVE_WITH_KNOTS('',4,(#6440,#6441,#6442,#6443,#6444,
    #6445,#6446,#6447,#6448,#6449,#6450,#6451,#6452,#6453,#6454,#6455,
    #6456,#6457,#6458,#6459,#6460,#6461,#6462,#6463,#6464,#6465,#6466,
    #6467,#6468),.UNSPECIFIED.,.F.,.F.,(5,3,3,3,3,3,3,3,3,5),(0.,
    1.03561823844E-02,0.13165066736,0.253010727024,0.374420145268,
    0.495862968934,0.617443630249,0.739107304218,0.860960080904,1.),
  .UNSPECIFIED.);
#6440 = CARTESIAN_POINT('',(48.964479055073,0.,92.331741156301));
#6441 = CARTESIAN_POINT('',(48.964479055073,1.816375686988E-02,
    92.331741156301));
#6442 = CARTESIAN_POINT('',(48.9644696328,3.632751374043E-02,
    92.331738480771));
#6443 = CARTESIAN_POINT('',(48.964450788253,5.449126634228E-02,
    92.331733129711));
#6444 = CARTESIAN_POINT('',(48.964091452392,0.285393826695,
    92.331631092898));
#6445 = CARTESIAN_POINT('',(48.962467857912,0.498131471207,
    92.331170054086));
#6446 = CARTESIAN_POINT('',(48.959551714533,0.710861089945,
    92.330341913522));
#6447 = CARTESIAN_POINT('',(48.951131460241,1.13640552906,
    92.327948919152));
#6448 = CARTESIAN_POINT('',(48.945625951126,1.349220331711,
    92.326383667207));
#6449 = CARTESIAN_POINT('',(48.938825900079,1.562013334286,
    92.324449051015));
#6450 = CARTESIAN_POINT('',(48.922632280933,1.98762840329,
    92.319836560178));
#6451 = CARTESIAN_POINT('',(48.913237659268,2.2004504447,92.317158383375
    ));
#6452 = CARTESIAN_POINT('',(48.90254630052,2.413236782859,92.31410694602
    ));
#6453 = CARTESIAN_POINT('',(48.878565127692,2.83878253396,
    92.307251270218));
#6454 = CARTESIAN_POINT('',(48.865274599654,3.051541921698,
    92.303446824597));
#6455 = CARTESIAN_POINT('',(48.850684937323,3.264251520813,
    92.299263572302));
#6456 = CARTESIAN_POINT('',(48.818887093793,3.689798201217,
    92.290127171672));
#6457 = CARTESIAN_POINT('',(48.801675959631,3.902635151429,
    92.285173154528));
#6458 = CARTESIAN_POINT('',(48.783160519074,4.115407856263,
    92.279832349289));
#6459 = CARTESIAN_POINT('',(48.743504748246,4.540955346189,
    92.268364333925));
#6460 = CARTESIAN_POINT('',(48.722362634733,4.753730031676,
    92.262236588892));
#6461 = CARTESIAN_POINT('',(48.699911685133,4.96642570058,
    92.255712596962));
#6462 = CARTESIAN_POINT('',(48.652351927217,5.391974397462,
    92.241850598256));
#6463 = CARTESIAN_POINT('',(48.627239042453,5.604827154238,
    92.234511341466));
#6464 = CARTESIAN_POINT('',(48.600809983373,5.817585520608,
    92.226763806355));
#6465 = CARTESIAN_POINT('',(48.541402075068,6.272892692563,
    92.209288245473));
#6466 = CARTESIAN_POINT('',(48.508025181323,6.515410668282,
    92.199435006669));
#6467 = CARTESIAN_POINT('',(48.472929417033,6.757783929513,
    92.189032529362));
#6468 = CARTESIAN_POINT('',(48.436111578726,7.0000006,92.178069770945));
#6469 = PCURVE('',#4251,#6470);
#6470 = DEFINITIONAL_REPRESENTATION('',(#6471),#6501);
#6471 = B_SPLINE_CURVE_WITH_KNOTS('',4,(#6472,#6473,#6474,#6475,#6476,
    #6477,#6478,#6479,#6480,#6481,#6482,#6483,#6484,#6485,#6486,#6487,
    #6488,#6489,#6490,#6491,#6492,#6493,#6494,#6495,#6496,#6497,#6498,
    #6499,#6500),.UNSPECIFIED.,.F.,.F.,(5,3,3,3,3,3,3,3,3,5),(0.,
    1.03561823844E-02,0.13165066736,0.253010727024,0.374420145268,
    0.495862968934,0.617443630249,0.739107304218,0.860960080904,1.),
  .UNSPECIFIED.);
#6472 = CARTESIAN_POINT('',(0.,6.25431190566));
#6473 = CARTESIAN_POINT('',(3.709578294389E-04,6.25431190566));
#6474 = CARTESIAN_POINT('',(7.419156588917E-04,6.254314616752));
#6475 = CARTESIAN_POINT('',(1.112873557214E-03,6.254320038934));
#6476 = CARTESIAN_POINT('',(5.828595162108E-03,6.254423431963));
#6477 = CARTESIAN_POINT('',(1.01733776211E-02,6.254890598636));
#6478 = CARTESIAN_POINT('',(1.451828966188E-02,6.255729746329));
#6479 = CARTESIAN_POINT('',(2.321094319973E-02,6.258154545905));
#6480 = CARTESIAN_POINT('',(2.755868494021E-02,6.259740601219));
#6481 = CARTESIAN_POINT('',(3.19067778859E-02,6.261700929175));
#6482 = CARTESIAN_POINT('',(4.060565585108E-02,6.2663747187));
#6483 = CARTESIAN_POINT('',(4.49564412293E-02,6.269088486441));
#6484 = CARTESIAN_POINT('',(4.930779936211E-02,6.272180473078));
#6485 = CARTESIAN_POINT('',(5.801307906278E-02,6.27912724483));
#6486 = CARTESIAN_POINT('',(6.236700098866E-02,6.282982239868));
#6487 = CARTESIAN_POINT('',(6.672171659545E-02,6.287221070866));
#6488 = CARTESIAN_POINT('',(7.543789822629E-02,6.296478846934));
#6489 = CARTESIAN_POINT('',(7.979936628298E-02,6.301498672342));
#6490 = CARTESIAN_POINT('',(8.416184985614E-02,6.306910417428));
#6491 = CARTESIAN_POINT('',(9.289204591491E-02,6.31853074128));
#6492 = CARTESIAN_POINT('',(9.725975991598E-02,6.324739862043));
#6493 = CARTESIAN_POINT('',(0.101628709678,6.331350482138));
#6494 = CARTESIAN_POINT('',(0.110376090269,6.345396521893));
#6495 = CARTESIAN_POINT('',(0.114754525257,6.352833208124));
#6496 = CARTESIAN_POINT('',(0.11913441744,6.36068357892));
#6497 = CARTESIAN_POINT('',(0.128515328776,6.378391063477));
#6498 = CARTESIAN_POINT('',(0.133516821111,6.388375047266));
#6499 = CARTESIAN_POINT('',(0.138520508764,6.39891553294));
#6500 = CARTESIAN_POINT('',(0.143526552045,6.410023703161));
#6501 = ( GEOMETRIC_REPRESENTATION_CONTEXT(2) 
PARAMETRIC_REPRESENTATION_CONTEXT() REPRESENTATION_CONTEXT('2D SPACE',''
  ) );
#6502 = PCURVE('',#6503,#6511);
#6503 = SURFACE_OF_LINEAR_EXTRUSION('',#6504,#6509);
#6504 = ELLIPSE('',#6505,40.,36.);
#6505 = AXIS2_PLACEMENT_3D('',#6506,#6507,#6508);
#6506 = CARTESIAN_POINT('',(61.,0.,58.));
#6507 = DIRECTION('',(0.,-1.,0.));
#6508 = DIRECTION('',(1.,0.,0.));
#6509 = VECTOR('',#6510,1.);
#6510 = DIRECTION('',(0.,-1.,0.));
#6511 = DEFINITIONAL_REPRESENTATION('',(#6512),#6542);
#6512 = B_SPLINE_CURVE_WITH_KNOTS('',4,(#6513,#6514,#6515,#6516,#6517,
    #6518,#6519,#6520,#6521,#6522,#6523,#6524,#6525,#6526,#6527,#6528,
    #6529,#6530,#6531,#6532,#6533,#6534,#6535,#6536,#6537,#6538,#6539,
    #6540,#6541),.UNSPECIFIED.,.F.,.F.,(5,3,3,3,3,3,3,3,3,5),(0.,
    1.03561823844E-02,0.13165066736,0.253010727024,0.374420145268,
    0.495862968934,0.617443630249,0.739107304218,0.860960080904,1.),
  .UNSPECIFIED.);
#6513 = CARTESIAN_POINT('',(8.159605326126,0.));
#6514 = CARTESIAN_POINT('',(8.159605326126,-1.816375686988E-02));
#6515 = CARTESIAN_POINT('',(8.159605573129,-3.632751374043E-02));
#6516 = CARTESIAN_POINT('',(8.159606067135,-5.449126634228E-02));
#6517 = CARTESIAN_POINT('',(8.15961548706,-0.285393826695));
#6518 = CARTESIAN_POINT('',(8.15965804933,-0.498131471207));
#6519 = CARTESIAN_POINT('',(8.159734496122,-0.710861089945));
#6520 = CARTESIAN_POINT('',(8.15995524816,-1.13640552906));
#6521 = CARTESIAN_POINT('',(8.160099590069,-1.349220331711));
#6522 = CARTESIAN_POINT('',(8.160277882938,-1.562013334286));
#6523 = CARTESIAN_POINT('',(8.160702514265,-1.98762840329));
#6524 = CARTESIAN_POINT('',(8.160948880369,-2.2004504447));
#6525 = CARTESIAN_POINT('',(8.161229282448,-2.413236782859));
#6526 = CARTESIAN_POINT('',(8.161858330191,-2.83878253396));
#6527 = CARTESIAN_POINT('',(8.162206994613,-3.051541921698));
#6528 = CARTESIAN_POINT('',(8.162589798911,-3.264251520813));
#6529 = CARTESIAN_POINT('',(8.163424273651,-3.689798201217));
#6530 = CARTESIAN_POINT('',(8.163876021767,-3.902635151429));
#6531 = CARTESIAN_POINT('',(8.16436210072,-4.115407856263));
#6532 = CARTESIAN_POINT('',(8.165403417441,-4.540955346189));
#6533 = CARTESIAN_POINT('',(8.165958702206,-4.753730031676));
#6534 = CARTESIAN_POINT('',(8.166548506714,-4.96642570058));
#6535 = CARTESIAN_POINT('',(8.167798296441,-5.391974397462));
#6536 = CARTESIAN_POINT('',(8.16845838932,-5.604827154238));
#6537 = CARTESIAN_POINT('',(8.169153280698,-5.817585520608));
#6538 = CARTESIAN_POINT('',(8.170715796841,-6.272892692563));
#6539 = CARTESIAN_POINT('',(8.171593960887,-6.515410668282));
#6540 = CARTESIAN_POINT('',(8.172517711625,-6.757783929513));
#6541 = CARTESIAN_POINT('',(8.173487223791,-7.0000006));
#6542 = ( GEOMETRIC_REPRESENTATION_CONTEXT(2) 
PARAMETRIC_REPRESENTATION_CONTEXT() REPRESENTATION_CONTEXT('2D SPACE',''
  ) );
#6543 = ADVANCED_FACE('',(#6544),#4300,.T.);
#6544 = FACE_BOUND('',#6545,.T.);
#6545 = EDGE_LOOP('',(#6546,#6575,#6599,#6600));
#6546 = ORIENTED_EDGE('',*,*,#6547,.T.);
#6547 = EDGE_CURVE('',#6548,#6548,#6550,.T.);
#6548 = VERTEX_POINT('',#6549);
#6549 = CARTESIAN_POINT('',(45.5,0.,0.));
#6550 = SURFACE_CURVE('',#6551,(#6556,#6563),.PCURVE_S1.);
#6551 = CIRCLE('',#6552,45.5);
#6552 = AXIS2_PLACEMENT_3D('',#6553,#6554,#6555);
#6553 = CARTESIAN_POINT('',(0.,0.,0.));
#6554 = DIRECTION('',(0.,0.,1.));
#6555 = DIRECTION('',(1.,0.,-0.));
#6556 = PCURVE('',#4300,#6557);
#6557 = DEFINITIONAL_REPRESENTATION('',(#6558),#6562);
#6558 = LINE('',#6559,#6560);
#6559 = CARTESIAN_POINT('',(0.,0.));
#6560 = VECTOR('',#6561,1.);
#6561 = DIRECTION('',(1.,0.));
#6562 = ( GEOMETRIC_REPRESENTATION_CONTEXT(2) 
PARAMETRIC_REPRESENTATION_CONTEXT() REPRESENTATION_CONTEXT('2D SPACE',''
  ) );
#6563 = PCURVE('',#6564,#6569);
#6564 = PLANE('',#6565);
#6565 = AXIS2_PLACEMENT_3D('',#6566,#6567,#6568);
#6566 = CARTESIAN_POINT('',(0.,0.,0.));
#6567 = DIRECTION('',(0.,0.,1.));
#6568 = DIRECTION('',(1.,0.,-0.));
#6569 = DEFINITIONAL_REPRESENTATION('',(#6570),#6574);
#6570 = CIRCLE('',#6571,45.5);
#6571 = AXIS2_PLACEMENT_2D('',#6572,#6573);
#6572 = CARTESIAN_POINT('',(0.,0.));
#6573 = DIRECTION('',(1.,-0.));
#6574 = ( GEOMETRIC_REPRESENTATION_CONTEXT(2) 
PARAMETRIC_REPRESENTATION_CONTEXT() REPRESENTATION_CONTEXT('2D SPACE',''
  ) );
#6575 = ORIENTED_EDGE('',*,*,#6576,.T.);
#6576 = EDGE_CURVE('',#6548,#4284,#6577,.T.);
#6577 = SEAM_CURVE('',#6578,(#6585,#6592),.PCURVE_S1.);
#6578 = B_SPLINE_CURVE_WITH_KNOTS('',3,(#6579,#6580,#6581,#6582,#6583,
    #6584),.UNSPECIFIED.,.F.,.F.,(4,1,1,4),(0.,3.35410196625,
    11.898105711567,17.488275655317),.UNSPECIFIED.);
#6579 = CARTESIAN_POINT('',(45.5,0.,0.));
#6580 = CARTESIAN_POINT('',(46.405458911106,0.,0.970244912868));
#6581 = CARTESIAN_POINT('',(48.025281729057,0.,4.53412324681));
#6582 = CARTESIAN_POINT('',(44.51114849722,0.,10.150218023903));
#6583 = CARTESIAN_POINT('',(41.896499353949,-0.,14.418821754712));
#6584 = CARTESIAN_POINT('',(41.5,0.,16.));
#6585 = PCURVE('',#4300,#6586);
#6586 = DEFINITIONAL_REPRESENTATION('',(#6587),#6591);
#6587 = LINE('',#6588,#6589);
#6588 = CARTESIAN_POINT('',(0.,0.));
#6589 = VECTOR('',#6590,1.);
#6590 = DIRECTION('',(0.,1.));
#6591 = ( GEOMETRIC_REPRESENTATION_CONTEXT(2) 
PARAMETRIC_REPRESENTATION_CONTEXT() REPRESENTATION_CONTEXT('2D SPACE',''
  ) );
#6592 = PCURVE('',#4300,#6593);
#6593 = DEFINITIONAL_REPRESENTATION('',(#6594),#6598);
#6594 = LINE('',#6595,#6596);
#6595 = CARTESIAN_POINT('',(6.28318530718,0.));
#6596 = VECTOR('',#6597,1.);
#6597 = DIRECTION('',(0.,1.));
#6598 = ( GEOMETRIC_REPRESENTATION_CONTEXT(2) 
PARAMETRIC_REPRESENTATION_CONTEXT() REPRESENTATION_CONTEXT('2D SPACE',''
  ) );
#6599 = ORIENTED_EDGE('',*,*,#4283,.F.);
#6600 = ORIENTED_EDGE('',*,*,#6576,.F.);
#6601 = ADVANCED_FACE('',(#6602),#6503,.T.);
#6602 = FACE_BOUND('',#6603,.T.);
#6603 = EDGE_LOOP('',(#6604,#6626,#6627,#6650));
#6604 = ORIENTED_EDGE('',*,*,#6605,.F.);
#6605 = EDGE_CURVE('',#4325,#6606,#6608,.T.);
#6606 = VERTEX_POINT('',#6607);
#6607 = CARTESIAN_POINT('',(40.,0.,88.639680154989));
#6608 = SURFACE_CURVE('',#6609,(#6614,#6620),.PCURVE_S1.);
#6609 = ELLIPSE('',#6610,40.,36.);
#6610 = AXIS2_PLACEMENT_3D('',#6611,#6612,#6613);
#6611 = CARTESIAN_POINT('',(61.,0.,58.));
#6612 = DIRECTION('',(0.,-1.,0.));
#6613 = DIRECTION('',(1.,0.,0.));
#6614 = PCURVE('',#6503,#6615);
#6615 = DEFINITIONAL_REPRESENTATION('',(#6616),#6619);
#6616 = B_SPLINE_CURVE_WITH_KNOTS('',1,(#6617,#6618),.UNSPECIFIED.,.F.,
  .F.,(2,2),(0.,2.123511439892),.PIECEWISE_BEZIER_KNOTS.);
#6617 = CARTESIAN_POINT('',(6.28318530718,0.));
#6618 = CARTESIAN_POINT('',(8.406696747071,0.));
#6619 = ( GEOMETRIC_REPRESENTATION_CONTEXT(2) 
PARAMETRIC_REPRESENTATION_CONTEXT() REPRESENTATION_CONTEXT('2D SPACE',''
  ) );
#6620 = PCURVE('',#4421,#6621);
#6621 = DEFINITIONAL_REPRESENTATION('',(#6622),#6625);
#6622 = B_SPLINE_CURVE_WITH_KNOTS('',1,(#6623,#6624),.UNSPECIFIED.,.F.,
  .F.,(2,2),(0.,2.123511439892),.PIECEWISE_BEZIER_KNOTS.);
#6623 = CARTESIAN_POINT('',(6.28318530718,0.));
#6624 = CARTESIAN_POINT('',(8.406696747071,0.));
#6625 = ( GEOMETRIC_REPRESENTATION_CONTEXT(2) 
PARAMETRIC_REPRESENTATION_CONTEXT() REPRESENTATION_CONTEXT('2D SPACE',''
  ) );
#6626 = ORIENTED_EDGE('',*,*,#6437,.T.);
#6627 = ORIENTED_EDGE('',*,*,#6628,.T.);
#6628 = EDGE_CURVE('',#6143,#6629,#6631,.T.);
#6629 = VERTEX_POINT('',#6630);
#6630 = CARTESIAN_POINT('',(40.,7.,88.639680154989));
#6631 = SURFACE_CURVE('',#6632,(#6637,#6643),.PCURVE_S1.);
#6632 = ELLIPSE('',#6633,40.,36.);
#6633 = AXIS2_PLACEMENT_3D('',#6634,#6635,#6636);
#6634 = CARTESIAN_POINT('',(61.,7.,58.));
#6635 = DIRECTION('',(0.,-1.,0.));
#6636 = DIRECTION('',(1.,0.,0.));
#6637 = PCURVE('',#6503,#6638);
#6638 = DEFINITIONAL_REPRESENTATION('',(#6639),#6642);
#6639 = B_SPLINE_CURVE_WITH_KNOTS('',1,(#6640,#6641),.UNSPECIFIED.,.F.,
  .F.,(2,2),(0.,2.123511439892),.PIECEWISE_BEZIER_KNOTS.);
#6640 = CARTESIAN_POINT('',(6.28318530718,-7.));
#6641 = CARTESIAN_POINT('',(8.406696747071,-7.));
#6642 = ( GEOMETRIC_REPRESENTATION_CONTEXT(2) 
PARAMETRIC_REPRESENTATION_CONTEXT() REPRESENTATION_CONTEXT('2D SPACE',''
  ) );
#6643 = PCURVE('',#6336,#6644);
#6644 = DEFINITIONAL_REPRESENTATION('',(#6645),#6649);
#6645 = ELLIPSE('',#6646,40.,36.);
#6646 = AXIS2_PLACEMENT_2D('',#6647,#6648);
#6647 = CARTESIAN_POINT('',(7.105427357601E-15,-0.532700833651));
#6648 = DIRECTION('',(0.,1.));
#6649 = ( GEOMETRIC_REPRESENTATION_CONTEXT(2) 
PARAMETRIC_REPRESENTATION_CONTEXT() REPRESENTATION_CONTEXT('2D SPACE',''
  ) );
#6650 = ORIENTED_EDGE('',*,*,#6651,.T.);
#6651 = EDGE_CURVE('',#6629,#6606,#6652,.T.);
#6652 = SURFACE_CURVE('',#6653,(#6659,#6668),.PCURVE_S1.);
#6653 = B_SPLINE_CURVE_WITH_KNOTS('',4,(#6654,#6655,#6656,#6657,#6658),
  .UNSPECIFIED.,.F.,.F.,(5,5),(0.,1.),.PIECEWISE_BEZIER_KNOTS.);
#6654 = CARTESIAN_POINT('',(40.,7.0000006,88.639680154989));
#6655 = CARTESIAN_POINT('',(40.,5.2500003,88.639680154989));
#6656 = CARTESIAN_POINT('',(40.,3.5,88.639680154989));
#6657 = CARTESIAN_POINT('',(40.,1.7499997,88.639680154989));
#6658 = CARTESIAN_POINT('',(40.,-5.999999999062E-07,88.639680154989));
#6659 = PCURVE('',#6503,#6660);
#6660 = DEFINITIONAL_REPRESENTATION('',(#6661),#6667);
#6661 = B_SPLINE_CURVE_WITH_KNOTS('',4,(#6662,#6663,#6664,#6665,#6666),
  .UNSPECIFIED.,.F.,.F.,(5,5),(8.571427100702E-08,1.),
  .PIECEWISE_BEZIER_KNOTS.);
#6662 = CARTESIAN_POINT('',(8.406696747071,-7.));
#6663 = CARTESIAN_POINT('',(8.406696747071,-5.24999985));
#6664 = CARTESIAN_POINT('',(8.406696747071,-3.4999997));
#6665 = CARTESIAN_POINT('',(8.406696747071,-1.74999955));
#6666 = CARTESIAN_POINT('',(8.406696747071,5.999999999062E-07));
#6667 = ( GEOMETRIC_REPRESENTATION_CONTEXT(2) 
PARAMETRIC_REPRESENTATION_CONTEXT() REPRESENTATION_CONTEXT('2D SPACE',''
  ) );
#6668 = PCURVE('',#6669,#6674);
#6669 = PLANE('',#6670);
#6670 = AXIS2_PLACEMENT_3D('',#6671,#6672,#6673);
#6671 = CARTESIAN_POINT('',(40.,-8.,-2.));
#6672 = DIRECTION('',(1.,0.,0.));
#6673 = DIRECTION('',(0.,0.,1.));
#6674 = DEFINITIONAL_REPRESENTATION('',(#6675),#6681);
#6675 = B_SPLINE_CURVE_WITH_KNOTS('',4,(#6676,#6677,#6678,#6679,#6680),
  .UNSPECIFIED.,.F.,.F.,(5,5),(0.,1.),.PIECEWISE_BEZIER_KNOTS.);
#6676 = CARTESIAN_POINT('',(90.639680154989,-15.0000006));
#6677 = CARTESIAN_POINT('',(90.639680154989,-13.2500003));
#6678 = CARTESIAN_POINT('',(90.639680154989,-11.5));
#6679 = CARTESIAN_POINT('',(90.639680154989,-9.7499997));
#6680 = CARTESIAN_POINT('',(90.639680154989,-7.9999994));
#6681 = ( GEOMETRIC_REPRESENTATION_CONTEXT(2) 
PARAMETRIC_REPRESENTATION_CONTEXT() REPRESENTATION_CONTEXT('2D SPACE',''
  ) );
#6682 = ADVANCED_FACE('',(#6683),#6336,.F.);
#6683 = FACE_BOUND('',#6684,.F.);
#6684 = EDGE_LOOP('',(#6685,#6686,#6687,#6708));
#6685 = ORIENTED_EDGE('',*,*,#6142,.F.);
#6686 = ORIENTED_EDGE('',*,*,#6628,.T.);
#6687 = ORIENTED_EDGE('',*,*,#6688,.F.);
#6688 = EDGE_CURVE('',#6689,#6629,#6691,.T.);
#6689 = VERTEX_POINT('',#6690);
#6690 = CARTESIAN_POINT('',(40.,7.,73.874507946534));
#6691 = SURFACE_CURVE('',#6692,(#6696,#6702),.PCURVE_S1.);
#6692 = LINE('',#6693,#6694);
#6693 = CARTESIAN_POINT('',(40.,7.,28.));
#6694 = VECTOR('',#6695,1.);
#6695 = DIRECTION('',(0.,0.,1.));
#6696 = PCURVE('',#6336,#6697);
#6697 = DEFINITIONAL_REPRESENTATION('',(#6698),#6701);
#6698 = B_SPLINE_CURVE_WITH_KNOTS('',1,(#6699,#6700),.UNSPECIFIED.,.F.,
  .F.,(2,2),(-6.,66.),.PIECEWISE_BEZIER_KNOTS.);
#6699 = CARTESIAN_POINT('',(36.,-21.53270083365));
#6700 = CARTESIAN_POINT('',(-36.,-21.53270083365));
#6701 = ( GEOMETRIC_REPRESENTATION_CONTEXT(2) 
PARAMETRIC_REPRESENTATION_CONTEXT() REPRESENTATION_CONTEXT('2D SPACE',''
  ) );
#6702 = PCURVE('',#6669,#6703);
#6703 = DEFINITIONAL_REPRESENTATION('',(#6704),#6707);
#6704 = B_SPLINE_CURVE_WITH_KNOTS('',1,(#6705,#6706),.UNSPECIFIED.,.F.,
  .F.,(2,2),(-6.,66.),.PIECEWISE_BEZIER_KNOTS.);
#6705 = CARTESIAN_POINT('',(24.,-15.));
#6706 = CARTESIAN_POINT('',(96.,-15.));
#6707 = ( GEOMETRIC_REPRESENTATION_CONTEXT(2) 
PARAMETRIC_REPRESENTATION_CONTEXT() REPRESENTATION_CONTEXT('2D SPACE',''
  ) );
#6708 = ORIENTED_EDGE('',*,*,#6709,.T.);
#6709 = EDGE_CURVE('',#6689,#6043,#6710,.T.);
#6710 = SURFACE_CURVE('',#6711,(#6864,#7020),.PCURVE_S1.);
#6711 = B_SPLINE_CURVE_WITH_KNOTS('',7,(#6712,#6713,#6714,#6715,#6716,
    #6717,#6718,#6719,#6720,#6721,#6722,#6723,#6724,#6725,#6726,#6727,
    #6728,#6729,#6730,#6731,#6732,#6733,#6734,#6735,#6736,#6737,#6738,
    #6739,#6740,#6741,#6742,#6743,#6744,#6745,#6746,#6747,#6748,#6749,
    #6750,#6751,#6752,#6753,#6754,#6755,#6756,#6757,#6758,#6759,#6760,
    #6761,#6762,#6763,#6764,#6765,#6766,#6767,#6768,#6769,#6770,#6771,
    #6772,#6773,#6774,#6775,#6776,#6777,#6778,#6779,#6780,#6781,#6782,
    #6783,#6784,#6785,#6786,#6787,#6788,#6789,#6790,#6791,#6792,#6793,
    #6794,#6795,#6796,#6797,#6798,#6799,#6800,#6801,#6802,#6803,#6804,
    #6805,#6806,#6807,#6808,#6809,#6810,#6811,#6812,#6813,#6814,#6815,
    #6816,#6817,#6818,#6819,#6820,#6821,#6822,#6823,#6824,#6825,#6826,
    #6827,#6828,#6829,#6830,#6831,#6832,#6833,#6834,#6835,#6836,#6837,
    #6838,#6839,#6840,#6841,#6842,#6843,#6844,#6845,#6846,#6847,#6848,
    #6849,#6850,#6851,#6852,#6853,#6854,#6855,#6856,#6857,#6858,#6859,
    #6860,#6861,#6862,#6863),.UNSPECIFIED.,.T.,.F.,(8,6,6,6,6,6,6,6,6,6,
    6,6,6,6,6,6,6,6,6,6,6,6,6,6,6,8),(0.,6.618517809349E-02,
    0.103980141374,0.14730539754,0.177449580991,0.249996666177,
    0.301404435559,0.32254127068,0.352685497016,0.396010814821,
    0.433805831873,0.455516451862,0.469502721115,0.50000103782,
    0.544484149245,0.566194740584,0.60398970776,0.647314968393,
    0.67745915495,0.698595962179,0.750003663722,0.822550653174,
    0.852694796846,0.896019995839,0.933814909245,1.),.UNSPECIFIED.);
#6712 = CARTESIAN_POINT('',(89.,7.,58.));
#6713 = CARTESIAN_POINT('',(89.000000184584,7.,56.453350300581));
#6714 = CARTESIAN_POINT('',(88.864334420662,7.,54.905878717555));
#6715 = CARTESIAN_POINT('',(88.592750296352,7.,53.37341858233));
#6716 = CARTESIAN_POINT('',(88.189158391151,7.,51.869758698434));
#6717 = CARTESIAN_POINT('',(87.65992193162,7.,50.407021966346));
#6718 = CARTESIAN_POINT('',(87.013412222081,7.,48.995770225152));
#6719 = CARTESIAN_POINT('',(85.82937365598,7.,46.873730651211));
#6720 = CARTESIAN_POINT('',(85.36394399046,7.,46.121948408264));
#6721 = CARTESIAN_POINT('',(84.865224180092,7.,45.391246671034));
#6722 = CARTESIAN_POINT('',(84.335053202923,7.,44.682908864578));
#6723 = CARTESIAN_POINT('',(83.775295155304,7.,43.998001173671));
#6724 = CARTESIAN_POINT('',(83.187799169988,7.,43.337402171478));
#6725 = CARTESIAN_POINT('',(81.871183888489,7.,41.973246493357));
#6726 = CARTESIAN_POINT('',(81.133927633658,7.,41.277557402702));
#6727 = CARTESIAN_POINT('',(80.365305450945,7.,40.615807041718));
#6728 = CARTESIAN_POINT('',(79.567951042189,7.,39.988790814155));
#6729 = CARTESIAN_POINT('',(78.744395716059,7.,39.397090810587));
#6730 = CARTESIAN_POINT('',(77.897035710742,7.,38.841117159134));
#6731 = CARTESIAN_POINT('',(76.423524795818,7.,37.959374261969));
#6732 = CARTESIAN_POINT('',(75.808515576346,7.,37.615034841309));
#6733 = CARTESIAN_POINT('',(75.183828032627,7.,37.288226682385));
#6734 = CARTESIAN_POINT('',(74.550193614995,7.,36.979021453226));
#6735 = CARTESIAN_POINT('',(73.908317311953,7.,36.687470501768));
#6736 = CARTESIAN_POINT('',(73.258875912391,7.,36.413608435908));
#6737 = CARTESIAN_POINT('',(71.022875025165,7.,35.540984017859));
#6738 = CARTESIAN_POINT('',(69.403387541495,7.,35.027178397605));
#6739 = CARTESIAN_POINT('',(67.752795623235,7.,34.616175123211));
#6740 = CARTESIAN_POINT('',(66.079429773014,7.,34.30804024309));
#6741 = CARTESIAN_POINT('',(64.391227227297,7.,34.102694981873));
#6742 = CARTESIAN_POINT('',(62.6957210097,7.,34.000000070759));
#6743 = CARTESIAN_POINT('',(59.798391316591,7.,34.000000003792));
#6744 = CARTESIAN_POINT('',(58.596820161915,7.,34.051566530254));
#6745 = CARTESIAN_POINT('',(57.397877785013,7.,34.154693916794));
#6746 = CARTESIAN_POINT('',(56.204231749,7.,34.309406778538));
#6747 = CARTESIAN_POINT('',(55.018622338476,7.,34.515728769129));
#6748 = CARTESIAN_POINT('',(53.843861700028,7.,34.773672543991));
#6749 = CARTESIAN_POINT('',(52.205467830908,7.,35.21053738988));
#6750 = CARTESIAN_POINT('',(51.730428477042,7.,35.346550768996));
#6751 = CARTESIAN_POINT('',(51.257921950312,7.,35.491291023472));
#6752 = CARTESIAN_POINT('',(50.788157509527,7.,35.644756304998));
#6753 = CARTESIAN_POINT('',(50.321349376247,7.,35.806942956918));
#6754 = CARTESIAN_POINT('',(49.857716734783,7.,35.977845514224));
#6755 = CARTESIAN_POINT('',(48.741124087615,7.,36.413608435905));
#6756 = CARTESIAN_POINT('',(48.091682688051,7.,36.687470501767));
#6757 = CARTESIAN_POINT('',(47.449806385009,7.,36.979021453225));
#6758 = CARTESIAN_POINT('',(46.816171967378,7.,37.288226682382));
#6759 = CARTESIAN_POINT('',(46.191484423659,7.,37.615034841305));
#6760 = CARTESIAN_POINT('',(45.576475204186,7.,37.959374261968));
#6761 = CARTESIAN_POINT('',(44.102964289263,7.,38.841117159131));
#6762 = CARTESIAN_POINT('',(43.255604283945,7.,39.397090810584));
#6763 = CARTESIAN_POINT('',(42.432048957814,7.,39.988790814152));
#6764 = CARTESIAN_POINT('',(41.63469454906,7.,40.615807041715));
#6765 = CARTESIAN_POINT('',(40.866072366346,7.,41.277557402699));
#6766 = CARTESIAN_POINT('',(40.128816111514,7.,41.973246493354));
#6767 = CARTESIAN_POINT('',(38.812200830015,7.,43.337402171474));
#6768 = CARTESIAN_POINT('',(38.224704844698,7.,43.998001173667));
#6769 = CARTESIAN_POINT('',(37.664946797081,7.,44.682908864575));
#6770 = CARTESIAN_POINT('',(37.134775819911,7.,45.391246671031));
#6771 = CARTESIAN_POINT('',(36.636056009541,7.,46.121948408261));
#6772 = CARTESIAN_POINT('',(36.170626344023,7.,46.873730651207));
#6773 = CARTESIAN_POINT('',(35.493027178495,7.,48.088127282975));
#6774 = CARTESIAN_POINT('',(35.257369751207,7.,48.537651165339));
#6775 = CARTESIAN_POINT('',(35.03361071547,7.,48.993335092624));
#6776 = CARTESIAN_POINT('',(34.822073298283,7.,49.45486452323));
#6777 = CARTESIAN_POINT('',(34.623066722987,7.,49.921900302335));
#6778 = CARTESIAN_POINT('',(34.436882838258,7.,50.394077132146));
#6779 = CARTESIAN_POINT('',(34.152285904032,7.,51.178243358307));
#6780 = CARTESIAN_POINT('',(34.046212478964,7.,51.487456044206));
#6781 = CARTESIAN_POINT('',(33.945645240024,7.,51.798535504388));
#6782 = CARTESIAN_POINT('',(33.850652417364,7.,52.111373377989));
#6783 = CARTESIAN_POINT('',(33.761297703156,7.,52.425857538736));
#6784 = CARTESIAN_POINT('',(33.677640251594,7.,52.741872094944));
#6785 = CARTESIAN_POINT('',(33.429854096189,7.,53.751471899068));
#6786 = CARTESIAN_POINT('',(33.287318274061,7.,54.450374574744));
#6787 = CARTESIAN_POINT('',(33.172695481078,7.,55.154736666633));
#6788 = CARTESIAN_POINT('',(33.086424914692,7.,55.86324982803));
#6789 = CARTESIAN_POINT('',(33.028808011578,7.,56.574565243518));
#6790 = CARTESIAN_POINT('',(32.99999975797,7.,57.287292757044));
#6791 = CARTESIAN_POINT('',(32.999999911969,7.,59.039514248594));
#6792 = CARTESIAN_POINT('',(33.061283808715,7.,60.079155854937));
#6793 = CARTESIAN_POINT('',(33.183876700072,7.,61.114361175282));
#6794 = CARTESIAN_POINT('',(33.367040445585,7.,62.140848370209));
#6795 = CARTESIAN_POINT('',(33.609424896417,7.,63.154593809819));
#6796 = CARTESIAN_POINT('',(33.909146268526,7.,64.151820418296));
#6797 = CARTESIAN_POINT('',(34.436882838255,7.,65.605922867848));
#6798 = CARTESIAN_POINT('',(34.623066722984,7.,66.078099697658));
#6799 = CARTESIAN_POINT('',(34.82207329828,7.,66.545135476764));
#6800 = CARTESIAN_POINT('',(35.033610715468,7.,67.00666490737));
#6801 = CARTESIAN_POINT('',(35.257369751204,7.,67.462348834655));
#6802 = CARTESIAN_POINT('',(35.493027178492,7.,67.911872717019));
#6803 = CARTESIAN_POINT('',(36.17062634402,7.,69.126269348788));
#6804 = CARTESIAN_POINT('',(36.636056009536,7.,69.878051591731));
#6805 = CARTESIAN_POINT('',(37.134775819908,7.,70.608753328966));
#6806 = CARTESIAN_POINT('',(37.664946797077,7.,71.317091135422));
#6807 = CARTESIAN_POINT('',(38.224704844693,7.,72.001998826324));
#6808 = CARTESIAN_POINT('',(38.812200830011,7.,72.662597828522));
#6809 = CARTESIAN_POINT('',(40.128816111509,7.,74.026753506642));
#6810 = CARTESIAN_POINT('',(40.866072366341,7.,74.722442597296));
#6811 = CARTESIAN_POINT('',(41.634694549054,7.,75.38419295828));
#6812 = CARTESIAN_POINT('',(42.432048957809,7.,76.011209185844));
#6813 = CARTESIAN_POINT('',(43.255604283939,7.,76.602909189412));
#6814 = CARTESIAN_POINT('',(44.102964289257,7.,77.158882840865));
#6815 = CARTESIAN_POINT('',(45.57647520418,7.,78.040625738029));
#6816 = CARTESIAN_POINT('',(46.191484423653,7.,78.384965158691));
#6817 = CARTESIAN_POINT('',(46.816171967372,7.,78.711773317614));
#6818 = CARTESIAN_POINT('',(47.449806385003,7.,79.020978546773));
#6819 = CARTESIAN_POINT('',(48.091682688045,7.,79.312529498231));
#6820 = CARTESIAN_POINT('',(48.741124087608,7.,79.586391564092));
#6821 = CARTESIAN_POINT('',(49.857716734776,7.,80.022154485774));
#6822 = CARTESIAN_POINT('',(50.321349376241,7.,80.19305704308));
#6823 = CARTESIAN_POINT('',(50.788157509521,7.,80.355243695));
#6824 = CARTESIAN_POINT('',(51.257921950306,7.,80.508708976526));
#6825 = CARTESIAN_POINT('',(51.730428477036,7.,80.653449231002));
#6826 = CARTESIAN_POINT('',(52.205467830901,7.,80.789462610119));
#6827 = CARTESIAN_POINT('',(53.843861700022,7.,81.226327456007));
#6828 = CARTESIAN_POINT('',(55.01862233847,7.,81.484271230873));
#6829 = CARTESIAN_POINT('',(56.204231748993,7.,81.69059322146));
#6830 = CARTESIAN_POINT('',(57.397877785006,7.,81.845306083204));
#6831 = CARTESIAN_POINT('',(58.596820161909,7.,81.948433469748));
#6832 = CARTESIAN_POINT('',(59.798391316584,7.,81.999999996207));
#6833 = CARTESIAN_POINT('',(62.695721009692,7.,81.999999929243));
#6834 = CARTESIAN_POINT('',(64.391227227295,7.,81.897305018124));
#6835 = CARTESIAN_POINT('',(66.079429773007,7.,81.691959756913));
#6836 = CARTESIAN_POINT('',(67.752795623227,7.,81.383824876793));
#6837 = CARTESIAN_POINT('',(69.403387541492,7.,80.972821602393));
#6838 = CARTESIAN_POINT('',(71.02287502516,7.,80.459015982144));
#6839 = CARTESIAN_POINT('',(73.258875912385,7.,79.586391564094));
#6840 = CARTESIAN_POINT('',(73.908317311949,7.,79.312529498234));
#6841 = CARTESIAN_POINT('',(74.550193614992,7.,79.020978546775));
#6842 = CARTESIAN_POINT('',(75.183828032622,7.,78.711773317617));
#6843 = CARTESIAN_POINT('',(75.808515576341,7.,78.384965158694));
#6844 = CARTESIAN_POINT('',(76.423524795815,7.,78.040625738033));
#6845 = CARTESIAN_POINT('',(77.897035710738,7.,77.158882840868));
#6846 = CARTESIAN_POINT('',(78.744395716055,7.,76.602909189416));
#6847 = CARTESIAN_POINT('',(79.567951042186,7.,76.011209185848));
#6848 = CARTESIAN_POINT('',(80.365305450941,7.,75.384192958284));
#6849 = CARTESIAN_POINT('',(81.133927633655,7.,74.7224425973));
#6850 = CARTESIAN_POINT('',(81.871183888486,7.,74.026753506646));
#6851 = CARTESIAN_POINT('',(83.187799169982,7.,72.662597828527));
#6852 = CARTESIAN_POINT('',(83.775295155308,7.,72.001998826328));
#6853 = CARTESIAN_POINT('',(84.335053202916,7.,71.317091135426));
#6854 = CARTESIAN_POINT('',(84.865224180086,7.,70.608753328971));
#6855 = CARTESIAN_POINT('',(85.363943990464,7.,69.878051591736));
#6856 = CARTESIAN_POINT('',(85.829373655975,7.,69.126269348793));
#6857 = CARTESIAN_POINT('',(87.013412222086,7.,67.004229774855));
#6858 = CARTESIAN_POINT('',(87.659921931596,7.,65.592978033641));
#6859 = CARTESIAN_POINT('',(88.18915839119,7.,64.130241301593));
#6860 = CARTESIAN_POINT('',(88.592750296313,7.,62.626581417646));
#6861 = CARTESIAN_POINT('',(88.864334420682,7.,61.094121282461));
#6862 = CARTESIAN_POINT('',(89.000000184579,7.,59.546649699415));
#6863 = CARTESIAN_POINT('',(89.,7.,58.));
#6864 = PCURVE('',#6336,#6865);
#6865 = DEFINITIONAL_REPRESENTATION('',(#6866),#7019);
#6866 = B_SPLINE_CURVE_WITH_KNOTS('',7,(#6867,#6868,#6869,#6870,#6871,
    #6872,#6873,#6874,#6875,#6876,#6877,#6878,#6879,#6880,#6881,#6882,
    #6883,#6884,#6885,#6886,#6887,#6888,#6889,#6890,#6891,#6892,#6893,
    #6894,#6895,#6896,#6897,#6898,#6899,#6900,#6901,#6902,#6903,#6904,
    #6905,#6906,#6907,#6908,#6909,#6910,#6911,#6912,#6913,#6914,#6915,
    #6916,#6917,#6918,#6919,#6920,#6921,#6922,#6923,#6924,#6925,#6926,
    #6927,#6928,#6929,#6930,#6931,#6932,#6933,#6934,#6935,#6936,#6937,
    #6938,#6939,#6940,#6941,#6942,#6943,#6944,#6945,#6946,#6947,#6948,
    #6949,#6950,#6951,#6952,#6953,#6954,#6955,#6956,#6957,#6958,#6959,
    #6960,#6961,#6962,#6963,#6964,#6965,#6966,#6967,#6968,#6969,#6970,
    #6971,#6972,#6973,#6974,#6975,#6976,#6977,#6978,#6979,#6980,#6981,
    #6982,#6983,#6984,#6985,#6986,#6987,#6988,#6989,#6990,#6991,#6992,
    #6993,#6994,#6995,#6996,#6997,#6998,#6999,#7000,#7001,#7002,#7003,
    #7004,#7005,#7006,#7007,#7008,#7009,#7010,#7011,#7012,#7013,#7014,
    #7015,#7016,#7017,#7018),.UNSPECIFIED.,.F.,.F.,(8,6,6,6,6,6,6,6,6,6,
    6,6,6,6,6,6,6,6,6,6,6,6,6,6,6,8),(0.,6.618517809349E-02,
    0.103980141374,0.14730539754,0.177449580991,0.249996666177,
    0.301404435559,0.32254127068,0.352685497016,0.396010814821,
    0.433805831873,0.455516451862,0.469502721115,0.50000103782,
    0.544484149245,0.566194740584,0.60398970776,0.647314968393,
    0.67745915495,0.698595962179,0.750003663722,0.822550653174,
    0.852694796846,0.896019995839,0.933814909245,1.),.UNSPECIFIED.);
#6867 = CARTESIAN_POINT('',(1.42108547152E-14,27.467299166349));
#6868 = CARTESIAN_POINT('',(1.546649699419,27.467299350933));
#6869 = CARTESIAN_POINT('',(3.094121282445,27.331633587011));
#6870 = CARTESIAN_POINT('',(4.62658141767,27.060049462701));
#6871 = CARTESIAN_POINT('',(6.130241301566,26.6564575575));
#6872 = CARTESIAN_POINT('',(7.592978033654,26.127221097969));
#6873 = CARTESIAN_POINT('',(9.004229774848,25.48071138843));
#6874 = CARTESIAN_POINT('',(11.126269348789,24.296672822329));
#6875 = CARTESIAN_POINT('',(11.878051591736,23.831243156809));
#6876 = CARTESIAN_POINT('',(12.608753328966,23.332523346441));
#6877 = CARTESIAN_POINT('',(13.317091135422,22.802352369271));
#6878 = CARTESIAN_POINT('',(14.001998826329,22.242594321653));
#6879 = CARTESIAN_POINT('',(14.662597828522,21.655098336337));
#6880 = CARTESIAN_POINT('',(16.026753506643,20.338483054837));
#6881 = CARTESIAN_POINT('',(16.722442597298,19.601226800007));
#6882 = CARTESIAN_POINT('',(17.384192958282,18.832604617293));
#6883 = CARTESIAN_POINT('',(18.011209185845,18.035250208538));
#6884 = CARTESIAN_POINT('',(18.602909189413,17.211694882408));
#6885 = CARTESIAN_POINT('',(19.158882840866,16.364334877091));
#6886 = CARTESIAN_POINT('',(20.040625738031,14.890823962166));
#6887 = CARTESIAN_POINT('',(20.384965158691,14.275814742695));
#6888 = CARTESIAN_POINT('',(20.711773317615,13.651127198976));
#6889 = CARTESIAN_POINT('',(21.020978546774,13.017492781344));
#6890 = CARTESIAN_POINT('',(21.312529498232,12.375616478302));
#6891 = CARTESIAN_POINT('',(21.586391564092,11.72617507874));
#6892 = CARTESIAN_POINT('',(22.459015982141,9.490174191514));
#6893 = CARTESIAN_POINT('',(22.972821602395,7.870686707844));
#6894 = CARTESIAN_POINT('',(23.383824876789,6.220094789584));
#6895 = CARTESIAN_POINT('',(23.69195975691,4.546728939363));
#6896 = CARTESIAN_POINT('',(23.897305018127,2.858526393646));
#6897 = CARTESIAN_POINT('',(23.999999929241,1.163020176049));
#6898 = CARTESIAN_POINT('',(23.999999996208,-1.734309517061));
#6899 = CARTESIAN_POINT('',(23.948433469746,-2.935880671736));
#6900 = CARTESIAN_POINT('',(23.845306083206,-4.134823048639));
#6901 = CARTESIAN_POINT('',(23.690593221462,-5.328469084651));
#6902 = CARTESIAN_POINT('',(23.484271230872,-6.514078495175));
#6903 = CARTESIAN_POINT('',(23.226327456009,-7.688839133623));
#6904 = CARTESIAN_POINT('',(22.78946261012,-9.327233002744));
#6905 = CARTESIAN_POINT('',(22.653449231004,-9.802272356609));
#6906 = CARTESIAN_POINT('',(22.508708976528,-10.27477888333));
#6907 = CARTESIAN_POINT('',(22.355243695002,-10.74454332412));
#6908 = CARTESIAN_POINT('',(22.193057043082,-11.2113514574));
#6909 = CARTESIAN_POINT('',(22.022154485776,-11.67498409886));
#6910 = CARTESIAN_POINT('',(21.586391564095,-12.79157674603));
#6911 = CARTESIAN_POINT('',(21.312529498233,-13.4410181456));
#6912 = CARTESIAN_POINT('',(21.020978546775,-14.08289444864));
#6913 = CARTESIAN_POINT('',(20.711773317618,-14.71652886627));
#6914 = CARTESIAN_POINT('',(20.384965158695,-15.34121640999));
#6915 = CARTESIAN_POINT('',(20.040625738032,-15.95622562946));
#6916 = CARTESIAN_POINT('',(19.158882840869,-17.42973654438));
#6917 = CARTESIAN_POINT('',(18.602909189416,-18.2770965497));
#6918 = CARTESIAN_POINT('',(18.011209185848,-19.10065187583));
#6919 = CARTESIAN_POINT('',(17.384192958285,-19.89800628459));
#6920 = CARTESIAN_POINT('',(16.722442597301,-20.6666284673));
#6921 = CARTESIAN_POINT('',(16.026753506646,-21.40388472213));
#6922 = CARTESIAN_POINT('',(14.662597828526,-22.72050000363));
#6923 = CARTESIAN_POINT('',(14.001998826333,-23.30799598895));
#6924 = CARTESIAN_POINT('',(13.317091135425,-23.86775403657));
#6925 = CARTESIAN_POINT('',(12.608753328969,-24.39792501374));
#6926 = CARTESIAN_POINT('',(11.878051591739,-24.89664482411));
#6927 = CARTESIAN_POINT('',(11.126269348793,-25.36207448962));
#6928 = CARTESIAN_POINT('',(9.911872717025,-26.03967365515));
#6929 = CARTESIAN_POINT('',(9.462348834661,-26.27533108244));
#6930 = CARTESIAN_POINT('',(9.006664907376,-26.49909011818));
#6931 = CARTESIAN_POINT('',(8.54513547677,-26.71062753536));
#6932 = CARTESIAN_POINT('',(8.078099697665,-26.90963411066));
#6933 = CARTESIAN_POINT('',(7.605922867854,-27.09581799539));
#6934 = CARTESIAN_POINT('',(6.821756641693,-27.38041492961));
#6935 = CARTESIAN_POINT('',(6.512543955794,-27.48648835468));
#6936 = CARTESIAN_POINT('',(6.201464495612,-27.58705559362));
#6937 = CARTESIAN_POINT('',(5.888626622011,-27.68204841628));
#6938 = CARTESIAN_POINT('',(5.574142461264,-27.77140313049));
#6939 = CARTESIAN_POINT('',(5.258127905056,-27.85506058205));
#6940 = CARTESIAN_POINT('',(4.248528100932,-28.10284673746));
#6941 = CARTESIAN_POINT('',(3.549625425256,-28.24538255959));
#6942 = CARTESIAN_POINT('',(2.845263333367,-28.36000535257));
#6943 = CARTESIAN_POINT('',(2.13675017197,-28.44627591895));
#6944 = CARTESIAN_POINT('',(1.425434756482,-28.50389282207));
#6945 = CARTESIAN_POINT('',(0.712707242956,-28.53270107568));
#6946 = CARTESIAN_POINT('',(-1.039514248594,-28.53270092168));
#6947 = CARTESIAN_POINT('',(-2.079155854937,-28.47141702493));
#6948 = CARTESIAN_POINT('',(-3.114361175282,-28.34882413357));
#6949 = CARTESIAN_POINT('',(-4.140848370209,-28.16566038806));
#6950 = CARTESIAN_POINT('',(-5.154593809819,-27.92327593723));
#6951 = CARTESIAN_POINT('',(-6.151820418296,-27.62355456512));
#6952 = CARTESIAN_POINT('',(-7.605922867848,-27.09581799539));
#6953 = CARTESIAN_POINT('',(-8.078099697658,-26.90963411066));
#6954 = CARTESIAN_POINT('',(-8.545135476764,-26.71062753537));
#6955 = CARTESIAN_POINT('',(-9.00666490737,-26.49909011818));
#6956 = CARTESIAN_POINT('',(-9.462348834655,-26.27533108244));
#6957 = CARTESIAN_POINT('',(-9.911872717019,-26.03967365515));
#6958 = CARTESIAN_POINT('',(-11.12626934878,-25.36207448963));
#6959 = CARTESIAN_POINT('',(-11.87805159173,-24.89664482411));
#6960 = CARTESIAN_POINT('',(-12.60875332896,-24.39792501374));
#6961 = CARTESIAN_POINT('',(-13.31709113542,-23.86775403657));
#6962 = CARTESIAN_POINT('',(-14.00199882632,-23.30799598895));
#6963 = CARTESIAN_POINT('',(-14.66259782852,-22.72050000364));
#6964 = CARTESIAN_POINT('',(-16.02675350664,-21.40388472214));
#6965 = CARTESIAN_POINT('',(-16.72244259729,-20.66662846731));
#6966 = CARTESIAN_POINT('',(-17.38419295828,-19.89800628459));
#6967 = CARTESIAN_POINT('',(-18.01120918584,-19.10065187584));
#6968 = CARTESIAN_POINT('',(-18.60290918941,-18.27709654971));
#6969 = CARTESIAN_POINT('',(-19.15888284086,-17.42973654439));
#6970 = CARTESIAN_POINT('',(-20.04062573802,-15.95622562947));
#6971 = CARTESIAN_POINT('',(-20.38496515869,-15.34121640999));
#6972 = CARTESIAN_POINT('',(-20.71177331761,-14.71652886627));
#6973 = CARTESIAN_POINT('',(-21.02097854677,-14.08289444864));
#6974 = CARTESIAN_POINT('',(-21.31252949823,-13.4410181456));
#6975 = CARTESIAN_POINT('',(-21.58639156409,-12.79157674604));
#6976 = CARTESIAN_POINT('',(-22.02215448577,-11.67498409887));
#6977 = CARTESIAN_POINT('',(-22.19305704308,-11.21135145741));
#6978 = CARTESIAN_POINT('',(-22.355243695,-10.74454332413));
#6979 = CARTESIAN_POINT('',(-22.50870897652,-10.27477888334));
#6980 = CARTESIAN_POINT('',(-22.653449231,-9.802272356615));
#6981 = CARTESIAN_POINT('',(-22.78946261011,-9.32723300275));
#6982 = CARTESIAN_POINT('',(-23.226327456,-7.688839133629));
#6983 = CARTESIAN_POINT('',(-23.48427123087,-6.514078495181));
#6984 = CARTESIAN_POINT('',(-23.69059322146,-5.328469084658));
#6985 = CARTESIAN_POINT('',(-23.8453060832,-4.134823048645));
#6986 = CARTESIAN_POINT('',(-23.94843346974,-2.935880671742));
#6987 = CARTESIAN_POINT('',(-23.9999999962,-1.734309517067));
#6988 = CARTESIAN_POINT('',(-23.99999992924,1.163020176041));
#6989 = CARTESIAN_POINT('',(-23.89730501812,2.858526393644));
#6990 = CARTESIAN_POINT('',(-23.69195975691,4.546728939356));
#6991 = CARTESIAN_POINT('',(-23.38382487679,6.220094789575));
#6992 = CARTESIAN_POINT('',(-22.97282160239,7.870686707841));
#6993 = CARTESIAN_POINT('',(-22.45901598214,9.490174191509));
#6994 = CARTESIAN_POINT('',(-21.58639156409,11.726175078734));
#6995 = CARTESIAN_POINT('',(-21.31252949823,12.375616478298));
#6996 = CARTESIAN_POINT('',(-21.02097854677,13.017492781341));
#6997 = CARTESIAN_POINT('',(-20.71177331761,13.651127198971));
#6998 = CARTESIAN_POINT('',(-20.38496515869,14.27581474269));
#6999 = CARTESIAN_POINT('',(-20.04062573803,14.890823962163));
#7000 = CARTESIAN_POINT('',(-19.15888284086,16.364334877087));
#7001 = CARTESIAN_POINT('',(-18.60290918941,17.211694882404));
#7002 = CARTESIAN_POINT('',(-18.01120918584,18.035250208535));
#7003 = CARTESIAN_POINT('',(-17.38419295828,18.83260461729));
#7004 = CARTESIAN_POINT('',(-16.7224425973,19.601226800003));
#7005 = CARTESIAN_POINT('',(-16.02675350664,20.338483054835));
#7006 = CARTESIAN_POINT('',(-14.66259782852,21.655098336331));
#7007 = CARTESIAN_POINT('',(-14.00199882632,22.242594321657));
#7008 = CARTESIAN_POINT('',(-13.31709113542,22.802352369265));
#7009 = CARTESIAN_POINT('',(-12.60875332897,23.332523346434));
#7010 = CARTESIAN_POINT('',(-11.87805159173,23.831243156813));
#7011 = CARTESIAN_POINT('',(-11.12626934879,24.296672822324));
#7012 = CARTESIAN_POINT('',(-9.004229774855,25.480711388435));
#7013 = CARTESIAN_POINT('',(-7.592978033641,26.127221097945));
#7014 = CARTESIAN_POINT('',(-6.130241301593,26.656457557539));
#7015 = CARTESIAN_POINT('',(-4.626581417646,27.060049462662));
#7016 = CARTESIAN_POINT('',(-3.094121282461,27.331633587031));
#7017 = CARTESIAN_POINT('',(-1.546649699415,27.467299350928));
#7018 = CARTESIAN_POINT('',(7.105427357601E-15,27.467299166349));
#7019 = ( GEOMETRIC_REPRESENTATION_CONTEXT(2) 
PARAMETRIC_REPRESENTATION_CONTEXT() REPRESENTATION_CONTEXT('2D SPACE',''
  ) );
#7020 = PCURVE('',#6104,#7021);
#7021 = DEFINITIONAL_REPRESENTATION('',(#7022),#7079);
#7022 = B_SPLINE_CURVE_WITH_KNOTS('',7,(#7023,#7024,#7025,#7026,#7027,
    #7028,#7029,#7030,#7031,#7032,#7033,#7034,#7035,#7036,#7037,#7038,
    #7039,#7040,#7041,#7042,#7043,#7044,#7045,#7046,#7047,#7048,#7049,
    #7050,#7051,#7052,#7053,#7054,#7055,#7056,#7057,#7058,#7059,#7060,
    #7061,#7062,#7063,#7064,#7065,#7066,#7067,#7068,#7069,#7070,#7071,
    #7072,#7073,#7074,#7075,#7076,#7077,#7078),.UNSPECIFIED.,.F.,.F.,(8,
    6,6,6,6,6,6,6,6,8),(0.608963478219,0.647314968393,0.67745915495,
    0.698595962179,0.750003663722,0.822550653174,0.852694796846,
    0.896019995839,0.933814909245,1.),.UNSPECIFIED.);
#7023 = CARTESIAN_POINT('',(8.702043705552,-7.));
#7024 = CARTESIAN_POINT('',(8.667337801868,-7.));
#7025 = CARTESIAN_POINT('',(8.63284910362,-7.));
#7026 = CARTESIAN_POINT('',(8.598573313198,-7.));
#7027 = CARTESIAN_POINT('',(8.564504329345,-7.));
#7028 = CARTESIAN_POINT('',(8.530634269005,-7.));
#7029 = CARTESIAN_POINT('',(8.496953489179,-7.));
#7030 = CARTESIAN_POINT('',(8.437117418779,-7.));
#7031 = CARTESIAN_POINT('',(8.410894532825,-7.));
#7032 = CARTESIAN_POINT('',(8.384776540288,-7.));
#7033 = CARTESIAN_POINT('',(8.358757876937,-7.));
#7034 = CARTESIAN_POINT('',(8.332832744901,-7.));
#7035 = CARTESIAN_POINT('',(8.306995032629,-7.));
#7036 = CARTESIAN_POINT('',(8.263177821517,-7.));
#7037 = CARTESIAN_POINT('',(8.245157252701,-7.));
#7038 = CARTESIAN_POINT('',(8.227174342837,-7.));
#7039 = CARTESIAN_POINT('',(8.209226876273,-7.));
#7040 = CARTESIAN_POINT('',(8.19131260728,-7.));
#7041 = CARTESIAN_POINT('',(8.173429260055,-7.));
#7042 = CARTESIAN_POINT('',(8.112149299462,-7.));
#7043 = CARTESIAN_POINT('',(8.06889474272,-7.));
#7044 = CARTESIAN_POINT('',(8.025775406368,-7.));
#7045 = CARTESIAN_POINT('',(7.982757931095,-7.));
#7046 = CARTESIAN_POINT('',(7.939809493129,-7.));
#7047 = CARTESIAN_POINT('',(7.896896227804,-7.));
#7048 = CARTESIAN_POINT('',(7.793420190993,-7.));
#7049 = CARTESIAN_POINT('',(7.732866291797,-7.));
#7050 = CARTESIAN_POINT('',(7.67221078258,-7.));
#7051 = CARTESIAN_POINT('',(7.611359426832,-7.));
#7052 = CARTESIAN_POINT('',(7.550223898046,-7.));
#7053 = CARTESIAN_POINT('',(7.488713131213,-7.));
#7054 = CARTESIAN_POINT('',(7.40096823532,-7.));
#7055 = CARTESIAN_POINT('',(7.375130523049,-7.));
#7056 = CARTESIAN_POINT('',(7.349205391012,-7.));
#7057 = CARTESIAN_POINT('',(7.323186727661,-7.));
#7058 = CARTESIAN_POINT('',(7.297068735124,-7.));
#7059 = CARTESIAN_POINT('',(7.27084584917,-7.));
#7060 = CARTESIAN_POINT('',(7.206664820175,-7.));
#7061 = CARTESIAN_POINT('',(7.168589946384,-7.));
#7062 = CARTESIAN_POINT('',(7.130271629606,-7.));
#7063 = CARTESIAN_POINT('',(7.091696292445,-7.));
#7064 = CARTESIAN_POINT('',(7.052853228508,-7.));
#7065 = CARTESIAN_POINT('',(7.013734642608,-7.));
#7066 = CARTESIAN_POINT('',(6.939965855399,-7.));
#7067 = CARTESIAN_POINT('',(6.905383084969,-7.));
#7068 = CARTESIAN_POINT('',(6.870585021231,-7.));
#7069 = CARTESIAN_POINT('',(6.835571986974,-7.));
#7070 = CARTESIAN_POINT('',(6.800346999126,-7.));
#7071 = CARTESIAN_POINT('',(6.764916451013,-7.));
#7072 = CARTESIAN_POINT('',(6.666906270142,-7.));
#7073 = CARTESIAN_POINT('',(6.603896646002,-7.));
#7074 = CARTESIAN_POINT('',(6.540362443508,-7.));
#7075 = CARTESIAN_POINT('',(6.476396755763,-7.));
#7076 = CARTESIAN_POINT('',(6.412107000905,-7.));
#7077 = CARTESIAN_POINT('',(6.347629049133,-7.));
#7078 = CARTESIAN_POINT('',(6.28318530718,-7.));
#7079 = ( GEOMETRIC_REPRESENTATION_CONTEXT(2) 
PARAMETRIC_REPRESENTATION_CONTEXT() REPRESENTATION_CONTEXT('2D SPACE',''
  ) );
#7080 = ADVANCED_FACE('',(#7081),#6104,.F.);
#7081 = FACE_BOUND('',#7082,.F.);
#7082 = EDGE_LOOP('',(#7083,#7105,#7106,#7107));
#7083 = ORIENTED_EDGE('',*,*,#7084,.F.);
#7084 = EDGE_CURVE('',#4758,#7085,#7087,.T.);
#7085 = VERTEX_POINT('',#7086);
#7086 = CARTESIAN_POINT('',(40.,0.,73.874507866388));
#7087 = SURFACE_CURVE('',#7088,(#7093,#7099),.PCURVE_S1.);
#7088 = ELLIPSE('',#7089,28.,24.);
#7089 = AXIS2_PLACEMENT_3D('',#7090,#7091,#7092);
#7090 = CARTESIAN_POINT('',(61.,0.,58.));
#7091 = DIRECTION('',(0.,-1.,0.));
#7092 = DIRECTION('',(1.,0.,0.));
#7093 = PCURVE('',#6104,#7094);
#7094 = DEFINITIONAL_REPRESENTATION('',(#7095),#7098);
#7095 = B_SPLINE_CURVE_WITH_KNOTS('',1,(#7096,#7097),.UNSPECIFIED.,.F.,
  .F.,(2,2),(0.,2.418858405776),.PIECEWISE_BEZIER_KNOTS.);
#7096 = CARTESIAN_POINT('',(6.28318530718,0.));
#7097 = CARTESIAN_POINT('',(8.702043712956,0.));
#7098 = ( GEOMETRIC_REPRESENTATION_CONTEXT(2) 
PARAMETRIC_REPRESENTATION_CONTEXT() REPRESENTATION_CONTEXT('2D SPACE',''
  ) );
#7099 = PCURVE('',#4825,#7100);
#7100 = DEFINITIONAL_REPRESENTATION('',(#7101),#7104);
#7101 = B_SPLINE_CURVE_WITH_KNOTS('',1,(#7102,#7103),.UNSPECIFIED.,.F.,
  .F.,(2,2),(0.,2.418858405776),.PIECEWISE_BEZIER_KNOTS.);
#7102 = CARTESIAN_POINT('',(6.28318530718,0.));
#7103 = CARTESIAN_POINT('',(8.702043712956,0.));
#7104 = ( GEOMETRIC_REPRESENTATION_CONTEXT(2) 
PARAMETRIC_REPRESENTATION_CONTEXT() REPRESENTATION_CONTEXT('2D SPACE',''
  ) );
#7105 = ORIENTED_EDGE('',*,*,#6042,.T.);
#7106 = ORIENTED_EDGE('',*,*,#6709,.F.);
#7107 = ORIENTED_EDGE('',*,*,#7108,.T.);
#7108 = EDGE_CURVE('',#6689,#7085,#7109,.T.);
#7109 = SURFACE_CURVE('',#7110,(#7116,#7125),.PCURVE_S1.);
#7110 = B_SPLINE_CURVE_WITH_KNOTS('',4,(#7111,#7112,#7113,#7114,#7115),
  .UNSPECIFIED.,.F.,.F.,(5,5),(0.,1.),.PIECEWISE_BEZIER_KNOTS.);
#7111 = CARTESIAN_POINT('',(40.,7.0000006,73.874507866388));
#7112 = CARTESIAN_POINT('',(40.,5.2500003,73.874507866388));
#7113 = CARTESIAN_POINT('',(40.,3.5,73.874507866388));
#7114 = CARTESIAN_POINT('',(40.,1.7499997,73.874507866388));
#7115 = CARTESIAN_POINT('',(40.,-5.999999999062E-07,73.874507866388));
#7116 = PCURVE('',#6104,#7117);
#7117 = DEFINITIONAL_REPRESENTATION('',(#7118),#7124);
#7118 = B_SPLINE_CURVE_WITH_KNOTS('',4,(#7119,#7120,#7121,#7122,#7123),
  .UNSPECIFIED.,.F.,.F.,(5,5),(0.,1.),.PIECEWISE_BEZIER_KNOTS.);
#7119 = CARTESIAN_POINT('',(8.702043712956,-7.0000006));
#7120 = CARTESIAN_POINT('',(8.702043712956,-5.2500003));
#7121 = CARTESIAN_POINT('',(8.702043712956,-3.5));
#7122 = CARTESIAN_POINT('',(8.702043712956,-1.7499997));
#7123 = CARTESIAN_POINT('',(8.702043712956,5.999999999062E-07));
#7124 = ( GEOMETRIC_REPRESENTATION_CONTEXT(2) 
PARAMETRIC_REPRESENTATION_CONTEXT() REPRESENTATION_CONTEXT('2D SPACE',''
  ) );
#7125 = PCURVE('',#6669,#7126);
#7126 = DEFINITIONAL_REPRESENTATION('',(#7127),#7133);
#7127 = B_SPLINE_CURVE_WITH_KNOTS('',4,(#7128,#7129,#7130,#7131,#7132),
  .UNSPECIFIED.,.F.,.F.,(5,5),(0.,1.),.PIECEWISE_BEZIER_KNOTS.);
#7128 = CARTESIAN_POINT('',(75.874507866388,-15.0000006));
#7129 = CARTESIAN_POINT('',(75.874507866388,-13.2500003));
#7130 = CARTESIAN_POINT('',(75.874507866388,-11.5));
#7131 = CARTESIAN_POINT('',(75.874507866388,-9.7499997));
#7132 = CARTESIAN_POINT('',(75.874507866388,-7.9999994));
#7133 = ( GEOMETRIC_REPRESENTATION_CONTEXT(2) 
PARAMETRIC_REPRESENTATION_CONTEXT() REPRESENTATION_CONTEXT('2D SPACE',''
  ) );
#7134 = ADVANCED_FACE('',(#7135),#6003,.F.);
#7135 = FACE_BOUND('',#7136,.F.);
#7136 = EDGE_LOOP('',(#7137,#7138,#7160,#7189));
#7137 = ORIENTED_EDGE('',*,*,#5943,.T.);
#7138 = ORIENTED_EDGE('',*,*,#7139,.F.);
#7139 = EDGE_CURVE('',#7140,#4867,#7142,.T.);
#7140 = VERTEX_POINT('',#7141);
#7141 = CARTESIAN_POINT('',(40.,0.,42.125492133612));
#7142 = SURFACE_CURVE('',#7143,(#7148,#7154),.PCURVE_S1.);
#7143 = ELLIPSE('',#7144,28.,24.);
#7144 = AXIS2_PLACEMENT_3D('',#7145,#7146,#7147);
#7145 = CARTESIAN_POINT('',(61.,0.,58.));
#7146 = DIRECTION('',(0.,-1.,0.));
#7147 = DIRECTION('',(1.,0.,0.));
#7148 = PCURVE('',#6003,#7149);
#7149 = DEFINITIONAL_REPRESENTATION('',(#7150),#7153);
#7150 = B_SPLINE_CURVE_WITH_KNOTS('',1,(#7151,#7152),.UNSPECIFIED.,.F.,
  .F.,(2,2),(3.864326901403,6.28318530718),.PIECEWISE_BEZIER_KNOTS.);
#7151 = CARTESIAN_POINT('',(3.864326901403,0.));
#7152 = CARTESIAN_POINT('',(6.28318530718,0.));
#7153 = ( GEOMETRIC_REPRESENTATION_CONTEXT(2) 
PARAMETRIC_REPRESENTATION_CONTEXT() REPRESENTATION_CONTEXT('2D SPACE',''
  ) );
#7154 = PCURVE('',#4961,#7155);
#7155 = DEFINITIONAL_REPRESENTATION('',(#7156),#7159);
#7156 = B_SPLINE_CURVE_WITH_KNOTS('',1,(#7157,#7158),.UNSPECIFIED.,.F.,
  .F.,(2,2),(3.864326901403,6.28318530718),.PIECEWISE_BEZIER_KNOTS.);
#7157 = CARTESIAN_POINT('',(3.864326901403,0.));
#7158 = CARTESIAN_POINT('',(6.28318530718,0.));
#7159 = ( GEOMETRIC_REPRESENTATION_CONTEXT(2) 
PARAMETRIC_REPRESENTATION_CONTEXT() REPRESENTATION_CONTEXT('2D SPACE',''
  ) );
#7160 = ORIENTED_EDGE('',*,*,#7161,.F.);
#7161 = EDGE_CURVE('',#7162,#7140,#7164,.T.);
#7162 = VERTEX_POINT('',#7163);
#7163 = CARTESIAN_POINT('',(40.,7.,42.125492053466));
#7164 = SURFACE_CURVE('',#7165,(#7171,#7180),.PCURVE_S1.);
#7165 = B_SPLINE_CURVE_WITH_KNOTS('',4,(#7166,#7167,#7168,#7169,#7170),
  .UNSPECIFIED.,.F.,.F.,(5,5),(0.,1.),.PIECEWISE_BEZIER_KNOTS.);
#7166 = CARTESIAN_POINT('',(40.,7.0000006,42.125492133612));
#7167 = CARTESIAN_POINT('',(40.,5.2500003,42.125492133612));
#7168 = CARTESIAN_POINT('',(40.,3.5,42.125492133612));
#7169 = CARTESIAN_POINT('',(40.,1.7499997,42.125492133612));
#7170 = CARTESIAN_POINT('',(40.,-5.999999999062E-07,42.125492133612));
#7171 = PCURVE('',#6003,#7172);
#7172 = DEFINITIONAL_REPRESENTATION('',(#7173),#7179);
#7173 = B_SPLINE_CURVE_WITH_KNOTS('',4,(#7174,#7175,#7176,#7177,#7178),
  .UNSPECIFIED.,.F.,.F.,(5,5),(0.,1.),.PIECEWISE_BEZIER_KNOTS.);
#7174 = CARTESIAN_POINT('',(3.864326901403,-7.0000006));
#7175 = CARTESIAN_POINT('',(3.864326901403,-5.2500003));
#7176 = CARTESIAN_POINT('',(3.864326901403,-3.5));
#7177 = CARTESIAN_POINT('',(3.864326901403,-1.7499997));
#7178 = CARTESIAN_POINT('',(3.864326901403,5.999999999062E-07));
#7179 = ( GEOMETRIC_REPRESENTATION_CONTEXT(2) 
PARAMETRIC_REPRESENTATION_CONTEXT() REPRESENTATION_CONTEXT('2D SPACE',''
  ) );
#7180 = PCURVE('',#5325,#7181);
#7181 = DEFINITIONAL_REPRESENTATION('',(#7182),#7188);
#7182 = B_SPLINE_CURVE_WITH_KNOTS('',4,(#7183,#7184,#7185,#7186,#7187),
  .UNSPECIFIED.,.F.,.F.,(5,5),(0.,1.),.PIECEWISE_BEZIER_KNOTS.);
#7183 = CARTESIAN_POINT('',(44.125492133612,-15.0000006));
#7184 = CARTESIAN_POINT('',(44.125492133612,-13.2500003));
#7185 = CARTESIAN_POINT('',(44.125492133612,-11.5));
#7186 = CARTESIAN_POINT('',(44.125492133612,-9.7499997));
#7187 = CARTESIAN_POINT('',(44.125492133612,-7.9999994));
#7188 = ( GEOMETRIC_REPRESENTATION_CONTEXT(2) 
PARAMETRIC_REPRESENTATION_CONTEXT() REPRESENTATION_CONTEXT('2D SPACE',''
  ) );
#7189 = ORIENTED_EDGE('',*,*,#7190,.F.);
#7190 = EDGE_CURVE('',#5649,#7162,#7191,.T.);
#7191 = SURFACE_CURVE('',#7192,(#7345,#7405),.PCURVE_S1.);
#7192 = B_SPLINE_CURVE_WITH_KNOTS('',7,(#7193,#7194,#7195,#7196,#7197,
    #7198,#7199,#7200,#7201,#7202,#7203,#7204,#7205,#7206,#7207,#7208,
    #7209,#7210,#7211,#7212,#7213,#7214,#7215,#7216,#7217,#7218,#7219,
    #7220,#7221,#7222,#7223,#7224,#7225,#7226,#7227,#7228,#7229,#7230,
    #7231,#7232,#7233,#7234,#7235,#7236,#7237,#7238,#7239,#7240,#7241,
    #7242,#7243,#7244,#7245,#7246,#7247,#7248,#7249,#7250,#7251,#7252,
    #7253,#7254,#7255,#7256,#7257,#7258,#7259,#7260,#7261,#7262,#7263,
    #7264,#7265,#7266,#7267,#7268,#7269,#7270,#7271,#7272,#7273,#7274,
    #7275,#7276,#7277,#7278,#7279,#7280,#7281,#7282,#7283,#7284,#7285,
    #7286,#7287,#7288,#7289,#7290,#7291,#7292,#7293,#7294,#7295,#7296,
    #7297,#7298,#7299,#7300,#7301,#7302,#7303,#7304,#7305,#7306,#7307,
    #7308,#7309,#7310,#7311,#7312,#7313,#7314,#7315,#7316,#7317,#7318,
    #7319,#7320,#7321,#7322,#7323,#7324,#7325,#7326,#7327,#7328,#7329,
    #7330,#7331,#7332,#7333,#7334,#7335,#7336,#7337,#7338,#7339,#7340,
    #7341,#7342,#7343,#7344),.UNSPECIFIED.,.T.,.F.,(8,6,6,6,6,6,6,6,6,6,
    6,6,6,6,6,6,6,6,6,6,6,6,6,6,6,8),(0.,6.618517809349E-02,
    0.103980141374,0.14730539754,0.177449580991,0.249996666177,
    0.301404435559,0.32254127068,0.352685497016,0.396010814821,
    0.433805831873,0.455516451862,0.469502721115,0.50000103782,
    0.544484149245,0.566194740584,0.60398970776,0.647314968393,
    0.67745915495,0.698595962179,0.750003663722,0.822550653174,
    0.852694796846,0.896019995839,0.933814909245,1.),.UNSPECIFIED.);
#7193 = CARTESIAN_POINT('',(89.,7.,58.));
#7194 = CARTESIAN_POINT('',(89.000000184584,7.,56.453350300581));
#7195 = CARTESIAN_POINT('',(88.864334420662,7.,54.905878717555));
#7196 = CARTESIAN_POINT('',(88.592750296352,7.,53.37341858233));
#7197 = CARTESIAN_POINT('',(88.189158391151,7.,51.869758698434));
#7198 = CARTESIAN_POINT('',(87.65992193162,7.,50.407021966346));
#7199 = CARTESIAN_POINT('',(87.013412222081,7.,48.995770225152));
#7200 = CARTESIAN_POINT('',(85.82937365598,7.,46.873730651211));
#7201 = CARTESIAN_POINT('',(85.36394399046,7.,46.121948408264));
#7202 = CARTESIAN_POINT('',(84.865224180092,7.,45.391246671034));
#7203 = CARTESIAN_POINT('',(84.335053202923,7.,44.682908864578));
#7204 = CARTESIAN_POINT('',(83.775295155304,7.,43.998001173671));
#7205 = CARTESIAN_POINT('',(83.187799169988,7.,43.337402171478));
#7206 = CARTESIAN_POINT('',(81.871183888489,7.,41.973246493357));
#7207 = CARTESIAN_POINT('',(81.133927633658,7.,41.277557402702));
#7208 = CARTESIAN_POINT('',(80.365305450945,7.,40.615807041718));
#7209 = CARTESIAN_POINT('',(79.567951042189,7.,39.988790814155));
#7210 = CARTESIAN_POINT('',(78.744395716059,7.,39.397090810587));
#7211 = CARTESIAN_POINT('',(77.897035710742,7.,38.841117159134));
#7212 = CARTESIAN_POINT('',(76.423524795818,7.,37.959374261969));
#7213 = CARTESIAN_POINT('',(75.808515576346,7.,37.615034841309));
#7214 = CARTESIAN_POINT('',(75.183828032627,7.,37.288226682385));
#7215 = CARTESIAN_POINT('',(74.550193614995,7.,36.979021453226));
#7216 = CARTESIAN_POINT('',(73.908317311953,7.,36.687470501768));
#7217 = CARTESIAN_POINT('',(73.258875912391,7.,36.413608435908));
#7218 = CARTESIAN_POINT('',(71.022875025165,7.,35.540984017859));
#7219 = CARTESIAN_POINT('',(69.403387541495,7.,35.027178397605));
#7220 = CARTESIAN_POINT('',(67.752795623235,7.,34.616175123211));
#7221 = CARTESIAN_POINT('',(66.079429773014,7.,34.30804024309));
#7222 = CARTESIAN_POINT('',(64.391227227297,7.,34.102694981873));
#7223 = CARTESIAN_POINT('',(62.6957210097,7.,34.000000070759));
#7224 = CARTESIAN_POINT('',(59.798391316591,7.,34.000000003792));
#7225 = CARTESIAN_POINT('',(58.596820161915,7.,34.051566530254));
#7226 = CARTESIAN_POINT('',(57.397877785013,7.,34.154693916794));
#7227 = CARTESIAN_POINT('',(56.204231749,7.,34.309406778538));
#7228 = CARTESIAN_POINT('',(55.018622338476,7.,34.515728769129));
#7229 = CARTESIAN_POINT('',(53.843861700028,7.,34.773672543991));
#7230 = CARTESIAN_POINT('',(52.205467830908,7.,35.21053738988));
#7231 = CARTESIAN_POINT('',(51.730428477042,7.,35.346550768996));
#7232 = CARTESIAN_POINT('',(51.257921950312,7.,35.491291023472));
#7233 = CARTESIAN_POINT('',(50.788157509527,7.,35.644756304998));
#7234 = CARTESIAN_POINT('',(50.321349376247,7.,35.806942956918));
#7235 = CARTESIAN_POINT('',(49.857716734783,7.,35.977845514224));
#7236 = CARTESIAN_POINT('',(48.741124087615,7.,36.413608435905));
#7237 = CARTESIAN_POINT('',(48.091682688051,7.,36.687470501767));
#7238 = CARTESIAN_POINT('',(47.449806385009,7.,36.979021453225));
#7239 = CARTESIAN_POINT('',(46.816171967378,7.,37.288226682382));
#7240 = CARTESIAN_POINT('',(46.191484423659,7.,37.615034841305));
#7241 = CARTESIAN_POINT('',(45.576475204186,7.,37.959374261968));
#7242 = CARTESIAN_POINT('',(44.102964289263,7.,38.841117159131));
#7243 = CARTESIAN_POINT('',(43.255604283945,7.,39.397090810584));
#7244 = CARTESIAN_POINT('',(42.432048957814,7.,39.988790814152));
#7245 = CARTESIAN_POINT('',(41.63469454906,7.,40.615807041715));
#7246 = CARTESIAN_POINT('',(40.866072366346,7.,41.277557402699));
#7247 = CARTESIAN_POINT('',(40.128816111514,7.,41.973246493354));
#7248 = CARTESIAN_POINT('',(38.812200830015,7.,43.337402171474));
#7249 = CARTESIAN_POINT('',(38.224704844698,7.,43.998001173667));
#7250 = CARTESIAN_POINT('',(37.664946797081,7.,44.682908864575));
#7251 = CARTESIAN_POINT('',(37.134775819911,7.,45.391246671031));
#7252 = CARTESIAN_POINT('',(36.636056009541,7.,46.121948408261));
#7253 = CARTESIAN_POINT('',(36.170626344023,7.,46.873730651207));
#7254 = CARTESIAN_POINT('',(35.493027178495,7.,48.088127282975));
#7255 = CARTESIAN_POINT('',(35.257369751207,7.,48.537651165339));
#7256 = CARTESIAN_POINT('',(35.03361071547,7.,48.993335092624));
#7257 = CARTESIAN_POINT('',(34.822073298283,7.,49.45486452323));
#7258 = CARTESIAN_POINT('',(34.623066722987,7.,49.921900302335));
#7259 = CARTESIAN_POINT('',(34.436882838258,7.,50.394077132146));
#7260 = CARTESIAN_POINT('',(34.152285904032,7.,51.178243358307));
#7261 = CARTESIAN_POINT('',(34.046212478964,7.,51.487456044206));
#7262 = CARTESIAN_POINT('',(33.945645240024,7.,51.798535504388));
#7263 = CARTESIAN_POINT('',(33.850652417364,7.,52.111373377989));
#7264 = CARTESIAN_POINT('',(33.761297703156,7.,52.425857538736));
#7265 = CARTESIAN_POINT('',(33.677640251594,7.,52.741872094944));
#7266 = CARTESIAN_POINT('',(33.429854096189,7.,53.751471899068));
#7267 = CARTESIAN_POINT('',(33.287318274061,7.,54.450374574744));
#7268 = CARTESIAN_POINT('',(33.172695481078,7.,55.154736666633));
#7269 = CARTESIAN_POINT('',(33.086424914692,7.,55.86324982803));
#7270 = CARTESIAN_POINT('',(33.028808011578,7.,56.574565243518));
#7271 = CARTESIAN_POINT('',(32.99999975797,7.,57.287292757044));
#7272 = CARTESIAN_POINT('',(32.999999911969,7.,59.039514248594));
#7273 = CARTESIAN_POINT('',(33.061283808715,7.,60.079155854937));
#7274 = CARTESIAN_POINT('',(33.183876700072,7.,61.114361175282));
#7275 = CARTESIAN_POINT('',(33.367040445585,7.,62.140848370209));
#7276 = CARTESIAN_POINT('',(33.609424896417,7.,63.154593809819));
#7277 = CARTESIAN_POINT('',(33.909146268526,7.,64.151820418296));
#7278 = CARTESIAN_POINT('',(34.436882838255,7.,65.605922867848));
#7279 = CARTESIAN_POINT('',(34.623066722984,7.,66.078099697658));
#7280 = CARTESIAN_POINT('',(34.82207329828,7.,66.545135476764));
#7281 = CARTESIAN_POINT('',(35.033610715468,7.,67.00666490737));
#7282 = CARTESIAN_POINT('',(35.257369751204,7.,67.462348834655));
#7283 = CARTESIAN_POINT('',(35.493027178492,7.,67.911872717019));
#7284 = CARTESIAN_POINT('',(36.17062634402,7.,69.126269348788));
#7285 = CARTESIAN_POINT('',(36.636056009536,7.,69.878051591731));
#7286 = CARTESIAN_POINT('',(37.134775819908,7.,70.608753328966));
#7287 = CARTESIAN_POINT('',(37.664946797077,7.,71.317091135422));
#7288 = CARTESIAN_POINT('',(38.224704844693,7.,72.001998826324));
#7289 = CARTESIAN_POINT('',(38.812200830011,7.,72.662597828522));
#7290 = CARTESIAN_POINT('',(40.128816111509,7.,74.026753506642));
#7291 = CARTESIAN_POINT('',(40.866072366341,7.,74.722442597296));
#7292 = CARTESIAN_POINT('',(41.634694549054,7.,75.38419295828));
#7293 = CARTESIAN_POINT('',(42.432048957809,7.,76.011209185844));
#7294 = CARTESIAN_POINT('',(43.255604283939,7.,76.602909189412));
#7295 = CARTESIAN_POINT('',(44.102964289257,7.,77.158882840865));
#7296 = CARTESIAN_POINT('',(45.57647520418,7.,78.040625738029));
#7297 = CARTESIAN_POINT('',(46.191484423653,7.,78.384965158691));
#7298 = CARTESIAN_POINT('',(46.816171967372,7.,78.711773317614));
#7299 = CARTESIAN_POINT('',(47.449806385003,7.,79.020978546773));
#7300 = CARTESIAN_POINT('',(48.091682688045,7.,79.312529498231));
#7301 = CARTESIAN_POINT('',(48.741124087608,7.,79.586391564092));
#7302 = CARTESIAN_POINT('',(49.857716734776,7.,80.022154485774));
#7303 = CARTESIAN_POINT('',(50.321349376241,7.,80.19305704308));
#7304 = CARTESIAN_POINT('',(50.788157509521,7.,80.355243695));
#7305 = CARTESIAN_POINT('',(51.257921950306,7.,80.508708976526));
#7306 = CARTESIAN_POINT('',(51.730428477036,7.,80.653449231002));
#7307 = CARTESIAN_POINT('',(52.205467830901,7.,80.789462610119));
#7308 = CARTESIAN_POINT('',(53.843861700022,7.,81.226327456007));
#7309 = CARTESIAN_POINT('',(55.01862233847,7.,81.484271230873));
#7310 = CARTESIAN_POINT('',(56.204231748993,7.,81.69059322146));
#7311 = CARTESIAN_POINT('',(57.397877785006,7.,81.845306083204));
#7312 = CARTESIAN_POINT('',(58.596820161909,7.,81.948433469748));
#7313 = CARTESIAN_POINT('',(59.798391316584,7.,81.999999996207));
#7314 = CARTESIAN_POINT('',(62.695721009692,7.,81.999999929243));
#7315 = CARTESIAN_POINT('',(64.391227227295,7.,81.897305018124));
#7316 = CARTESIAN_POINT('',(66.079429773007,7.,81.691959756913));
#7317 = CARTESIAN_POINT('',(67.752795623227,7.,81.383824876793));
#7318 = CARTESIAN_POINT('',(69.403387541492,7.,80.972821602393));
#7319 = CARTESIAN_POINT('',(71.02287502516,7.,80.459015982144));
#7320 = CARTESIAN_POINT('',(73.258875912385,7.,79.586391564094));
#7321 = CARTESIAN_POINT('',(73.908317311949,7.,79.312529498234));
#7322 = CARTESIAN_POINT('',(74.550193614992,7.,79.020978546775));
#7323 = CARTESIAN_POINT('',(75.183828032622,7.,78.711773317617));
#7324 = CARTESIAN_POINT('',(75.808515576341,7.,78.384965158694));
#7325 = CARTESIAN_POINT('',(76.423524795815,7.,78.040625738033));
#7326 = CARTESIAN_POINT('',(77.897035710738,7.,77.158882840868));
#7327 = CARTESIAN_POINT('',(78.744395716055,7.,76.602909189416));
#7328 = CARTESIAN_POINT('',(79.567951042186,7.,76.011209185848));
#7329 = CARTESIAN_POINT('',(80.365305450941,7.,75.384192958284));
#7330 = CARTESIAN_POINT('',(81.133927633655,7.,74.7224425973));
#7331 = CARTESIAN_POINT('',(81.871183888486,7.,74.026753506646));
#7332 = CARTESIAN_POINT('',(83.187799169982,7.,72.662597828527));
#7333 = CARTESIAN_POINT('',(83.775295155308,7.,72.001998826328));
#7334 = CARTESIAN_POINT('',(84.335053202916,7.,71.317091135426));
#7335 = CARTESIAN_POINT('',(84.865224180086,7.,70.608753328971));
#7336 = CARTESIAN_POINT('',(85.363943990464,7.,69.878051591736));
#7337 = CARTESIAN_POINT('',(85.829373655975,7.,69.126269348793));
#7338 = CARTESIAN_POINT('',(87.013412222086,7.,67.004229774855));
#7339 = CARTESIAN_POINT('',(87.659921931596,7.,65.592978033641));
#7340 = CARTESIAN_POINT('',(88.18915839119,7.,64.130241301593));
#7341 = CARTESIAN_POINT('',(88.592750296313,7.,62.626581417646));
#7342 = CARTESIAN_POINT('',(88.864334420682,7.,61.094121282461));
#7343 = CARTESIAN_POINT('',(89.000000184579,7.,59.546649699415));
#7344 = CARTESIAN_POINT('',(89.,7.,58.));
#7345 = PCURVE('',#6003,#7346);
#7346 = DEFINITIONAL_REPRESENTATION('',(#7347),#7404);
#7347 = B_SPLINE_CURVE_WITH_KNOTS('',7,(#7348,#7349,#7350,#7351,#7352,
    #7353,#7354,#7355,#7356,#7357,#7358,#7359,#7360,#7361,#7362,#7363,
    #7364,#7365,#7366,#7367,#7368,#7369,#7370,#7371,#7372,#7373,#7374,
    #7375,#7376,#7377,#7378,#7379,#7380,#7381,#7382,#7383,#7384,#7385,
    #7386,#7387,#7388,#7389,#7390,#7391,#7392,#7393,#7394,#7395,#7396,
    #7397,#7398,#7399,#7400,#7401,#7402,#7403),.UNSPECIFIED.,.F.,.F.,(8,
    6,6,6,6,6,6,6,6,8),(0.,6.618517809349E-02,0.103980141374,
    0.14730539754,0.177449580991,0.249996666177,0.301404435559,
    0.32254127068,0.352685497016,0.391037037799),.UNSPECIFIED.);
#7348 = CARTESIAN_POINT('',(6.28318530718,-7.));
#7349 = CARTESIAN_POINT('',(6.218741565226,-7.));
#7350 = CARTESIAN_POINT('',(6.154263613455,-7.));
#7351 = CARTESIAN_POINT('',(6.089973858594,-7.));
#7352 = CARTESIAN_POINT('',(6.026008170853,-7.));
#7353 = CARTESIAN_POINT('',(5.962473968357,-7.));
#7354 = CARTESIAN_POINT('',(5.899464344217,-7.));
#7355 = CARTESIAN_POINT('',(5.801454163347,-7.));
#7356 = CARTESIAN_POINT('',(5.766023615234,-7.));
#7357 = CARTESIAN_POINT('',(5.730798627385,-7.));
#7358 = CARTESIAN_POINT('',(5.695785593128,-7.));
#7359 = CARTESIAN_POINT('',(5.660987529391,-7.));
#7360 = CARTESIAN_POINT('',(5.62640475896,-7.));
#7361 = CARTESIAN_POINT('',(5.552635971751,-7.));
#7362 = CARTESIAN_POINT('',(5.513517385851,-7.));
#7363 = CARTESIAN_POINT('',(5.474674321914,-7.));
#7364 = CARTESIAN_POINT('',(5.436098984753,-7.));
#7365 = CARTESIAN_POINT('',(5.397780667975,-7.));
#7366 = CARTESIAN_POINT('',(5.359705794184,-7.));
#7367 = CARTESIAN_POINT('',(5.295524765189,-7.));
#7368 = CARTESIAN_POINT('',(5.269301879236,-7.));
#7369 = CARTESIAN_POINT('',(5.243183886699,-7.));
#7370 = CARTESIAN_POINT('',(5.217165223348,-7.));
#7371 = CARTESIAN_POINT('',(5.191240091311,-7.));
#7372 = CARTESIAN_POINT('',(5.165402379039,-7.));
#7373 = CARTESIAN_POINT('',(5.077657483146,-7.));
#7374 = CARTESIAN_POINT('',(5.016146716314,-7.));
#7375 = CARTESIAN_POINT('',(4.955011187528,-7.));
#7376 = CARTESIAN_POINT('',(4.894159831779,-7.));
#7377 = CARTESIAN_POINT('',(4.833504322563,-7.));
#7378 = CARTESIAN_POINT('',(4.772950423366,-7.));
#7379 = CARTESIAN_POINT('',(4.669474386556,-7.));
#7380 = CARTESIAN_POINT('',(4.626561121231,-7.));
#7381 = CARTESIAN_POINT('',(4.583612683265,-7.));
#7382 = CARTESIAN_POINT('',(4.540595207992,-7.));
#7383 = CARTESIAN_POINT('',(4.497475871639,-7.));
#7384 = CARTESIAN_POINT('',(4.454221314897,-7.));
#7385 = CARTESIAN_POINT('',(4.392941354304,-7.));
#7386 = CARTESIAN_POINT('',(4.375058007079,-7.));
#7387 = CARTESIAN_POINT('',(4.357143738086,-7.));
#7388 = CARTESIAN_POINT('',(4.339196271522,-7.));
#7389 = CARTESIAN_POINT('',(4.321213361659,-7.));
#7390 = CARTESIAN_POINT('',(4.303192792843,-7.));
#7391 = CARTESIAN_POINT('',(4.25937558173,-7.));
#7392 = CARTESIAN_POINT('',(4.233537869459,-7.));
#7393 = CARTESIAN_POINT('',(4.207612737422,-7.));
#7394 = CARTESIAN_POINT('',(4.181594074071,-7.));
#7395 = CARTESIAN_POINT('',(4.155476081534,-7.));
#7396 = CARTESIAN_POINT('',(4.129253195581,-7.));
#7397 = CARTESIAN_POINT('',(4.069417125181,-7.));
#7398 = CARTESIAN_POINT('',(4.035736345355,-7.));
#7399 = CARTESIAN_POINT('',(4.001866285015,-7.));
#7400 = CARTESIAN_POINT('',(3.967797301161,-7.));
#7401 = CARTESIAN_POINT('',(3.933521510739,-7.));
#7402 = CARTESIAN_POINT('',(3.899032812492,-7.));
#7403 = CARTESIAN_POINT('',(3.864326908807,-7.));
#7404 = ( GEOMETRIC_REPRESENTATION_CONTEXT(2) 
PARAMETRIC_REPRESENTATION_CONTEXT() REPRESENTATION_CONTEXT('2D SPACE',''
  ) );
#7405 = PCURVE('',#5842,#7406);
#7406 = DEFINITIONAL_REPRESENTATION('',(#7407),#7560);
#7407 = B_SPLINE_CURVE_WITH_KNOTS('',7,(#7408,#7409,#7410,#7411,#7412,
    #7413,#7414,#7415,#7416,#7417,#7418,#7419,#7420,#7421,#7422,#7423,
    #7424,#7425,#7426,#7427,#7428,#7429,#7430,#7431,#7432,#7433,#7434,
    #7435,#7436,#7437,#7438,#7439,#7440,#7441,#7442,#7443,#7444,#7445,
    #7446,#7447,#7448,#7449,#7450,#7451,#7452,#7453,#7454,#7455,#7456,
    #7457,#7458,#7459,#7460,#7461,#7462,#7463,#7464,#7465,#7466,#7467,
    #7468,#7469,#7470,#7471,#7472,#7473,#7474,#7475,#7476,#7477,#7478,
    #7479,#7480,#7481,#7482,#7483,#7484,#7485,#7486,#7487,#7488,#7489,
    #7490,#7491,#7492,#7493,#7494,#7495,#7496,#7497,#7498,#7499,#7500,
    #7501,#7502,#7503,#7504,#7505,#7506,#7507,#7508,#7509,#7510,#7511,
    #7512,#7513,#7514,#7515,#7516,#7517,#7518,#7519,#7520,#7521,#7522,
    #7523,#7524,#7525,#7526,#7527,#7528,#7529,#7530,#7531,#7532,#7533,
    #7534,#7535,#7536,#7537,#7538,#7539,#7540,#7541,#7542,#7543,#7544,
    #7545,#7546,#7547,#7548,#7549,#7550,#7551,#7552,#7553,#7554,#7555,
    #7556,#7557,#7558,#7559),.UNSPECIFIED.,.F.,.F.,(8,6,6,6,6,6,6,6,6,6,
    6,6,6,6,6,6,6,6,6,6,6,6,6,6,6,8),(0.,6.618517809349E-02,
    0.103980141374,0.14730539754,0.177449580991,0.249996666177,
    0.301404435559,0.32254127068,0.352685497016,0.396010814821,
    0.433805831873,0.455516451862,0.469502721115,0.50000103782,
    0.544484149245,0.566194740584,0.60398970776,0.647314968393,
    0.67745915495,0.698595962179,0.750003663722,0.822550653174,
    0.852694796846,0.896019995839,0.933814909245,1.),.UNSPECIFIED.);
#7408 = CARTESIAN_POINT('',(1.42108547152E-14,27.467299166349));
#7409 = CARTESIAN_POINT('',(1.546649699419,27.467299350933));
#7410 = CARTESIAN_POINT('',(3.094121282445,27.331633587011));
#7411 = CARTESIAN_POINT('',(4.62658141767,27.060049462701));
#7412 = CARTESIAN_POINT('',(6.130241301566,26.6564575575));
#7413 = CARTESIAN_POINT('',(7.592978033654,26.127221097969));
#7414 = CARTESIAN_POINT('',(9.004229774848,25.48071138843));
#7415 = CARTESIAN_POINT('',(11.126269348789,24.296672822329));
#7416 = CARTESIAN_POINT('',(11.878051591736,23.831243156809));
#7417 = CARTESIAN_POINT('',(12.608753328966,23.332523346441));
#7418 = CARTESIAN_POINT('',(13.317091135422,22.802352369271));
#7419 = CARTESIAN_POINT('',(14.001998826329,22.242594321653));
#7420 = CARTESIAN_POINT('',(14.662597828522,21.655098336337));
#7421 = CARTESIAN_POINT('',(16.026753506643,20.338483054837));
#7422 = CARTESIAN_POINT('',(16.722442597298,19.601226800007));
#7423 = CARTESIAN_POINT('',(17.384192958282,18.832604617293));
#7424 = CARTESIAN_POINT('',(18.011209185845,18.035250208538));
#7425 = CARTESIAN_POINT('',(18.602909189413,17.211694882408));
#7426 = CARTESIAN_POINT('',(19.158882840866,16.364334877091));
#7427 = CARTESIAN_POINT('',(20.040625738031,14.890823962166));
#7428 = CARTESIAN_POINT('',(20.384965158691,14.275814742695));
#7429 = CARTESIAN_POINT('',(20.711773317615,13.651127198976));
#7430 = CARTESIAN_POINT('',(21.020978546774,13.017492781344));
#7431 = CARTESIAN_POINT('',(21.312529498232,12.375616478302));
#7432 = CARTESIAN_POINT('',(21.586391564092,11.72617507874));
#7433 = CARTESIAN_POINT('',(22.459015982141,9.490174191514));
#7434 = CARTESIAN_POINT('',(22.972821602395,7.870686707844));
#7435 = CARTESIAN_POINT('',(23.383824876789,6.220094789584));
#7436 = CARTESIAN_POINT('',(23.69195975691,4.546728939363));
#7437 = CARTESIAN_POINT('',(23.897305018127,2.858526393646));
#7438 = CARTESIAN_POINT('',(23.999999929241,1.163020176049));
#7439 = CARTESIAN_POINT('',(23.999999996208,-1.734309517061));
#7440 = CARTESIAN_POINT('',(23.948433469746,-2.935880671736));
#7441 = CARTESIAN_POINT('',(23.845306083206,-4.134823048639));
#7442 = CARTESIAN_POINT('',(23.690593221462,-5.328469084651));
#7443 = CARTESIAN_POINT('',(23.484271230872,-6.514078495175));
#7444 = CARTESIAN_POINT('',(23.226327456009,-7.688839133623));
#7445 = CARTESIAN_POINT('',(22.78946261012,-9.327233002744));
#7446 = CARTESIAN_POINT('',(22.653449231004,-9.802272356609));
#7447 = CARTESIAN_POINT('',(22.508708976528,-10.27477888333));
#7448 = CARTESIAN_POINT('',(22.355243695002,-10.74454332412));
#7449 = CARTESIAN_POINT('',(22.193057043082,-11.2113514574));
#7450 = CARTESIAN_POINT('',(22.022154485776,-11.67498409886));
#7451 = CARTESIAN_POINT('',(21.586391564095,-12.79157674603));
#7452 = CARTESIAN_POINT('',(21.312529498233,-13.4410181456));
#7453 = CARTESIAN_POINT('',(21.020978546775,-14.08289444864));
#7454 = CARTESIAN_POINT('',(20.711773317618,-14.71652886627));
#7455 = CARTESIAN_POINT('',(20.384965158695,-15.34121640999));
#7456 = CARTESIAN_POINT('',(20.040625738032,-15.95622562946));
#7457 = CARTESIAN_POINT('',(19.158882840869,-17.42973654438));
#7458 = CARTESIAN_POINT('',(18.602909189416,-18.2770965497));
#7459 = CARTESIAN_POINT('',(18.011209185848,-19.10065187583));
#7460 = CARTESIAN_POINT('',(17.384192958285,-19.89800628459));
#7461 = CARTESIAN_POINT('',(16.722442597301,-20.6666284673));
#7462 = CARTESIAN_POINT('',(16.026753506646,-21.40388472213));
#7463 = CARTESIAN_POINT('',(14.662597828526,-22.72050000363));
#7464 = CARTESIAN_POINT('',(14.001998826333,-23.30799598895));
#7465 = CARTESIAN_POINT('',(13.317091135425,-23.86775403657));
#7466 = CARTESIAN_POINT('',(12.608753328969,-24.39792501374));
#7467 = CARTESIAN_POINT('',(11.878051591739,-24.89664482411));
#7468 = CARTESIAN_POINT('',(11.126269348793,-25.36207448962));
#7469 = CARTESIAN_POINT('',(9.911872717025,-26.03967365515));
#7470 = CARTESIAN_POINT('',(9.462348834661,-26.27533108244));
#7471 = CARTESIAN_POINT('',(9.006664907376,-26.49909011818));
#7472 = CARTESIAN_POINT('',(8.54513547677,-26.71062753536));
#7473 = CARTESIAN_POINT('',(8.078099697665,-26.90963411066));
#7474 = CARTESIAN_POINT('',(7.605922867854,-27.09581799539));
#7475 = CARTESIAN_POINT('',(6.821756641693,-27.38041492961));
#7476 = CARTESIAN_POINT('',(6.512543955794,-27.48648835468));
#7477 = CARTESIAN_POINT('',(6.201464495612,-27.58705559362));
#7478 = CARTESIAN_POINT('',(5.888626622011,-27.68204841628));
#7479 = CARTESIAN_POINT('',(5.574142461264,-27.77140313049));
#7480 = CARTESIAN_POINT('',(5.258127905056,-27.85506058205));
#7481 = CARTESIAN_POINT('',(4.248528100932,-28.10284673746));
#7482 = CARTESIAN_POINT('',(3.549625425256,-28.24538255959));
#7483 = CARTESIAN_POINT('',(2.845263333367,-28.36000535257));
#7484 = CARTESIAN_POINT('',(2.13675017197,-28.44627591895));
#7485 = CARTESIAN_POINT('',(1.425434756482,-28.50389282207));
#7486 = CARTESIAN_POINT('',(0.712707242956,-28.53270107568));
#7487 = CARTESIAN_POINT('',(-1.039514248594,-28.53270092168));
#7488 = CARTESIAN_POINT('',(-2.079155854937,-28.47141702493));
#7489 = CARTESIAN_POINT('',(-3.114361175282,-28.34882413357));
#7490 = CARTESIAN_POINT('',(-4.140848370209,-28.16566038806));
#7491 = CARTESIAN_POINT('',(-5.154593809819,-27.92327593723));
#7492 = CARTESIAN_POINT('',(-6.151820418296,-27.62355456512));
#7493 = CARTESIAN_POINT('',(-7.605922867848,-27.09581799539));
#7494 = CARTESIAN_POINT('',(-8.078099697658,-26.90963411066));
#7495 = CARTESIAN_POINT('',(-8.545135476764,-26.71062753537));
#7496 = CARTESIAN_POINT('',(-9.00666490737,-26.49909011818));
#7497 = CARTESIAN_POINT('',(-9.462348834655,-26.27533108244));
#7498 = CARTESIAN_POINT('',(-9.911872717019,-26.03967365515));
#7499 = CARTESIAN_POINT('',(-11.12626934878,-25.36207448963));
#7500 = CARTESIAN_POINT('',(-11.87805159173,-24.89664482411));
#7501 = CARTESIAN_POINT('',(-12.60875332896,-24.39792501374));
#7502 = CARTESIAN_POINT('',(-13.31709113542,-23.86775403657));
#7503 = CARTESIAN_POINT('',(-14.00199882632,-23.30799598895));
#7504 = CARTESIAN_POINT('',(-14.66259782852,-22.72050000364));
#7505 = CARTESIAN_POINT('',(-16.02675350664,-21.40388472214));
#7506 = CARTESIAN_POINT('',(-16.72244259729,-20.66662846731));
#7507 = CARTESIAN_POINT('',(-17.38419295828,-19.89800628459));
#7508 = CARTESIAN_POINT('',(-18.01120918584,-19.10065187584));
#7509 = CARTESIAN_POINT('',(-18.60290918941,-18.27709654971));
#7510 = CARTESIAN_POINT('',(-19.15888284086,-17.42973654439));
#7511 = CARTESIAN_POINT('',(-20.04062573802,-15.95622562947));
#7512 = CARTESIAN_POINT('',(-20.38496515869,-15.34121640999));
#7513 = CARTESIAN_POINT('',(-20.71177331761,-14.71652886627));
#7514 = CARTESIAN_POINT('',(-21.02097854677,-14.08289444864));
#7515 = CARTESIAN_POINT('',(-21.31252949823,-13.4410181456));
#7516 = CARTESIAN_POINT('',(-21.58639156409,-12.79157674604));
#7517 = CARTESIAN_POINT('',(-22.02215448577,-11.67498409887));
#7518 = CARTESIAN_POINT('',(-22.19305704308,-11.21135145741));
#7519 = CARTESIAN_POINT('',(-22.355243695,-10.74454332413));
#7520 = CARTESIAN_POINT('',(-22.50870897652,-10.27477888334));
#7521 = CARTESIAN_POINT('',(-22.653449231,-9.802272356615));
#7522 = CARTESIAN_POINT('',(-22.78946261011,-9.32723300275));
#7523 = CARTESIAN_POINT('',(-23.226327456,-7.688839133629));
#7524 = CARTESIAN_POINT('',(-23.48427123087,-6.514078495181));
#7525 = CARTESIAN_POINT('',(-23.69059322146,-5.328469084658));
#7526 = CARTESIAN_POINT('',(-23.8453060832,-4.134823048645));
#7527 = CARTESIAN_POINT('',(-23.94843346974,-2.935880671742));
#7528 = CARTESIAN_POINT('',(-23.9999999962,-1.734309517067));
#7529 = CARTESIAN_POINT('',(-23.99999992924,1.163020176041));
#7530 = CARTESIAN_POINT('',(-23.89730501812,2.858526393644));
#7531 = CARTESIAN_POINT('',(-23.69195975691,4.546728939356));
#7532 = CARTESIAN_POINT('',(-23.38382487679,6.220094789575));
#7533 = CARTESIAN_POINT('',(-22.97282160239,7.870686707841));
#7534 = CARTESIAN_POINT('',(-22.45901598214,9.490174191509));
#7535 = CARTESIAN_POINT('',(-21.58639156409,11.726175078734));
#7536 = CARTESIAN_POINT('',(-21.31252949823,12.375616478298));
#7537 = CARTESIAN_POINT('',(-21.02097854677,13.017492781341));
#7538 = CARTESIAN_POINT('',(-20.71177331761,13.651127198971));
#7539 = CARTESIAN_POINT('',(-20.38496515869,14.27581474269));
#7540 = CARTESIAN_POINT('',(-20.04062573803,14.890823962163));
#7541 = CARTESIAN_POINT('',(-19.15888284086,16.364334877087));
#7542 = CARTESIAN_POINT('',(-18.60290918941,17.211694882404));
#7543 = CARTESIAN_POINT('',(-18.01120918584,18.035250208535));
#7544 = CARTESIAN_POINT('',(-17.38419295828,18.83260461729));
#7545 = CARTESIAN_POINT('',(-16.7224425973,19.601226800003));
#7546 = CARTESIAN_POINT('',(-16.02675350664,20.338483054835));
#7547 = CARTESIAN_POINT('',(-14.66259782852,21.655098336331));
#7548 = CARTESIAN_POINT('',(-14.00199882632,22.242594321657));
#7549 = CARTESIAN_POINT('',(-13.31709113542,22.802352369265));
#7550 = CARTESIAN_POINT('',(-12.60875332897,23.332523346434));
#7551 = CARTESIAN_POINT('',(-11.87805159173,23.831243156813));
#7552 = CARTESIAN_POINT('',(-11.12626934879,24.296672822324));
#7553 = CARTESIAN_POINT('',(-9.004229774855,25.480711388435));
#7554 = CARTESIAN_POINT('',(-7.592978033641,26.127221097945));
#7555 = CARTESIAN_POINT('',(-6.130241301593,26.656457557539));
#7556 = CARTESIAN_POINT('',(-4.626581417646,27.060049462662));
#7557 = CARTESIAN_POINT('',(-3.094121282461,27.331633587031));
#7558 = CARTESIAN_POINT('',(-1.546649699415,27.467299350928));
#7559 = CARTESIAN_POINT('',(7.105427357601E-15,27.467299166349));
#7560 = ( GEOMETRIC_REPRESENTATION_CONTEXT(2) 
PARAMETRIC_REPRESENTATION_CONTEXT() REPRESENTATION_CONTEXT('2D SPACE',''
  ) );
#7561 = ADVANCED_FACE('',(#7562),#5842,.F.);
#7562 = FACE_BOUND('',#7563,.F.);
#7563 = EDGE_LOOP('',(#7564,#7583,#7584));
#7564 = ORIENTED_EDGE('',*,*,#7565,.F.);
#7565 = EDGE_CURVE('',#5608,#7162,#7566,.T.);
#7566 = SURFACE_CURVE('',#7567,(#7571,#7577),.PCURVE_S1.);
#7567 = LINE('',#7568,#7569);
#7568 = CARTESIAN_POINT('',(40.,7.,28.));
#7569 = VECTOR('',#7570,1.);
#7570 = DIRECTION('',(0.,0.,1.));
#7571 = PCURVE('',#5842,#7572);
#7572 = DEFINITIONAL_REPRESENTATION('',(#7573),#7576);
#7573 = B_SPLINE_CURVE_WITH_KNOTS('',1,(#7574,#7575),.UNSPECIFIED.,.F.,
  .F.,(2,2),(-6.,66.),.PIECEWISE_BEZIER_KNOTS.);
#7574 = CARTESIAN_POINT('',(36.,-21.53270083365));
#7575 = CARTESIAN_POINT('',(-36.,-21.53270083365));
#7576 = ( GEOMETRIC_REPRESENTATION_CONTEXT(2) 
PARAMETRIC_REPRESENTATION_CONTEXT() REPRESENTATION_CONTEXT('2D SPACE',''
  ) );
#7577 = PCURVE('',#5325,#7578);
#7578 = DEFINITIONAL_REPRESENTATION('',(#7579),#7582);
#7579 = B_SPLINE_CURVE_WITH_KNOTS('',1,(#7580,#7581),.UNSPECIFIED.,.F.,
  .F.,(2,2),(-6.,66.),.PIECEWISE_BEZIER_KNOTS.);
#7580 = CARTESIAN_POINT('',(24.,-15.));
#7581 = CARTESIAN_POINT('',(96.,-15.));
#7582 = ( GEOMETRIC_REPRESENTATION_CONTEXT(2) 
PARAMETRIC_REPRESENTATION_CONTEXT() REPRESENTATION_CONTEXT('2D SPACE',''
  ) );
#7583 = ORIENTED_EDGE('',*,*,#5648,.F.);
#7584 = ORIENTED_EDGE('',*,*,#7190,.T.);
#7585 = ADVANCED_FACE('',(#7586),#5325,.F.);
#7586 = FACE_BOUND('',#7587,.F.);
#7587 = EDGE_LOOP('',(#7588,#7609,#7610,#7639,#7666,#7667,#7668,#7669));
#7588 = ORIENTED_EDGE('',*,*,#7589,.F.);
#7589 = EDGE_CURVE('',#5003,#7590,#7592,.T.);
#7590 = VERTEX_POINT('',#7591);
#7591 = CARTESIAN_POINT('',(40.,-7.,42.125492053466));
#7592 = SURFACE_CURVE('',#7593,(#7597,#7603),.PCURVE_S1.);
#7593 = LINE('',#7594,#7595);
#7594 = CARTESIAN_POINT('',(40.,-7.,28.));
#7595 = VECTOR('',#7596,1.);
#7596 = DIRECTION('',(0.,0.,1.));
#7597 = PCURVE('',#5325,#7598);
#7598 = DEFINITIONAL_REPRESENTATION('',(#7599),#7602);
#7599 = B_SPLINE_CURVE_WITH_KNOTS('',1,(#7600,#7601),.UNSPECIFIED.,.F.,
  .F.,(2,2),(-6.,66.),.PIECEWISE_BEZIER_KNOTS.);
#7600 = CARTESIAN_POINT('',(24.,-1.));
#7601 = CARTESIAN_POINT('',(96.,-1.));
#7602 = ( GEOMETRIC_REPRESENTATION_CONTEXT(2) 
PARAMETRIC_REPRESENTATION_CONTEXT() REPRESENTATION_CONTEXT('2D SPACE',''
  ) );
#7603 = PCURVE('',#5196,#7604);
#7604 = DEFINITIONAL_REPRESENTATION('',(#7605),#7608);
#7605 = B_SPLINE_CURVE_WITH_KNOTS('',1,(#7606,#7607),.UNSPECIFIED.,.F.,
  .F.,(2,2),(-6.,66.),.PIECEWISE_BEZIER_KNOTS.);
#7606 = CARTESIAN_POINT('',(36.,-21.53270083365));
#7607 = CARTESIAN_POINT('',(-36.,-21.53270083365));
#7608 = ( GEOMETRIC_REPRESENTATION_CONTEXT(2) 
PARAMETRIC_REPRESENTATION_CONTEXT() REPRESENTATION_CONTEXT('2D SPACE',''
  ) );
#7609 = ORIENTED_EDGE('',*,*,#5297,.T.);
#7610 = ORIENTED_EDGE('',*,*,#7611,.T.);
#7611 = EDGE_CURVE('',#5298,#7612,#7614,.T.);
#7612 = VERTEX_POINT('',#7613);
#7613 = CARTESIAN_POINT('',(40.,0.,27.360319845011));
#7614 = SURFACE_CURVE('',#7615,(#7621,#7630),.PCURVE_S1.);
#7615 = B_SPLINE_CURVE_WITH_KNOTS('',4,(#7616,#7617,#7618,#7619,#7620),
  .UNSPECIFIED.,.F.,.F.,(5,5),(0.,1.),.PIECEWISE_BEZIER_KNOTS.);
#7616 = CARTESIAN_POINT('',(40.,-7.0000006,27.360319845011));
#7617 = CARTESIAN_POINT('',(40.,-5.2500003,27.360319845011));
#7618 = CARTESIAN_POINT('',(40.,-3.5,27.360319845011));
#7619 = CARTESIAN_POINT('',(40.,-1.7499997,27.360319845011));
#7620 = CARTESIAN_POINT('',(40.,5.999999999062E-07,27.360319845011));
#7621 = PCURVE('',#5325,#7622);
#7622 = DEFINITIONAL_REPRESENTATION('',(#7623),#7629);
#7623 = B_SPLINE_CURVE_WITH_KNOTS('',4,(#7624,#7625,#7626,#7627,#7628),
  .UNSPECIFIED.,.F.,.F.,(5,5),(0.,1.),.PIECEWISE_BEZIER_KNOTS.);
#7624 = CARTESIAN_POINT('',(29.360319845011,-0.9999994));
#7625 = CARTESIAN_POINT('',(29.360319845011,-2.7499997));
#7626 = CARTESIAN_POINT('',(29.360319845011,-4.5));
#7627 = CARTESIAN_POINT('',(29.360319845011,-6.2500003));
#7628 = CARTESIAN_POINT('',(29.360319845011,-8.0000006));
#7629 = ( GEOMETRIC_REPRESENTATION_CONTEXT(2) 
PARAMETRIC_REPRESENTATION_CONTEXT() REPRESENTATION_CONTEXT('2D SPACE',''
  ) );
#7630 = PCURVE('',#5405,#7631);
#7631 = DEFINITIONAL_REPRESENTATION('',(#7632),#7638);
#7632 = B_SPLINE_CURVE_WITH_KNOTS('',4,(#7633,#7634,#7635,#7636,#7637),
  .UNSPECIFIED.,.F.,.F.,(5,5),(8.571427100702E-08,0.999999914286),
  .PIECEWISE_BEZIER_KNOTS.);
#7633 = CARTESIAN_POINT('',(4.159673867288,-7.));
#7634 = CARTESIAN_POINT('',(4.159673867288,-5.25));
#7635 = CARTESIAN_POINT('',(4.159673867288,-3.5));
#7636 = CARTESIAN_POINT('',(4.159673867288,-1.75));
#7637 = CARTESIAN_POINT('',(4.159673867288,-5.047368747526E-17));
#7638 = ( GEOMETRIC_REPRESENTATION_CONTEXT(2) 
PARAMETRIC_REPRESENTATION_CONTEXT() REPRESENTATION_CONTEXT('2D SPACE',''
  ) );
#7639 = ORIENTED_EDGE('',*,*,#7640,.F.);
#7640 = EDGE_CURVE('',#5499,#7612,#7641,.T.);
#7641 = SURFACE_CURVE('',#7642,(#7648,#7657),.PCURVE_S1.);
#7642 = B_SPLINE_CURVE_WITH_KNOTS('',4,(#7643,#7644,#7645,#7646,#7647),
  .UNSPECIFIED.,.F.,.F.,(5,5),(0.,1.),.PIECEWISE_BEZIER_KNOTS.);
#7643 = CARTESIAN_POINT('',(40.,7.0000006,27.360319845011));
#7644 = CARTESIAN_POINT('',(40.,5.2500003,27.360319845011));
#7645 = CARTESIAN_POINT('',(40.,3.5,27.360319845011));
#7646 = CARTESIAN_POINT('',(40.,1.7499997,27.360319845011));
#7647 = CARTESIAN_POINT('',(40.,-5.999999999062E-07,27.360319845011));
#7648 = PCURVE('',#5325,#7649);
#7649 = DEFINITIONAL_REPRESENTATION('',(#7650),#7656);
#7650 = B_SPLINE_CURVE_WITH_KNOTS('',4,(#7651,#7652,#7653,#7654,#7655),
  .UNSPECIFIED.,.F.,.F.,(5,5),(0.,1.),.PIECEWISE_BEZIER_KNOTS.);
#7651 = CARTESIAN_POINT('',(29.360319845011,-15.0000006));
#7652 = CARTESIAN_POINT('',(29.360319845011,-13.2500003));
#7653 = CARTESIAN_POINT('',(29.360319845011,-11.5));
#7654 = CARTESIAN_POINT('',(29.360319845011,-9.7499997));
#7655 = CARTESIAN_POINT('',(29.360319845011,-7.9999994));
#7656 = ( GEOMETRIC_REPRESENTATION_CONTEXT(2) 
PARAMETRIC_REPRESENTATION_CONTEXT() REPRESENTATION_CONTEXT('2D SPACE',''
  ) );
#7657 = PCURVE('',#5566,#7658);
#7658 = DEFINITIONAL_REPRESENTATION('',(#7659),#7665);
#7659 = B_SPLINE_CURVE_WITH_KNOTS('',4,(#7660,#7661,#7662,#7663,#7664),
  .UNSPECIFIED.,.F.,.F.,(5,5),(8.571427100702E-08,1.),
  .PIECEWISE_BEZIER_KNOTS.);
#7660 = CARTESIAN_POINT('',(4.159673867288,-7.));
#7661 = CARTESIAN_POINT('',(4.159673867288,-5.24999985));
#7662 = CARTESIAN_POINT('',(4.159673867288,-3.4999997));
#7663 = CARTESIAN_POINT('',(4.159673867288,-1.74999955));
#7664 = CARTESIAN_POINT('',(4.159673867288,5.999999999062E-07));
#7665 = ( GEOMETRIC_REPRESENTATION_CONTEXT(2) 
PARAMETRIC_REPRESENTATION_CONTEXT() REPRESENTATION_CONTEXT('2D SPACE',''
  ) );
#7666 = ORIENTED_EDGE('',*,*,#5607,.F.);
#7667 = ORIENTED_EDGE('',*,*,#7565,.T.);
#7668 = ORIENTED_EDGE('',*,*,#7161,.T.);
#7669 = ORIENTED_EDGE('',*,*,#7670,.F.);
#7670 = EDGE_CURVE('',#7590,#7140,#7671,.T.);
#7671 = SURFACE_CURVE('',#7672,(#7678,#7687),.PCURVE_S1.);
#7672 = B_SPLINE_CURVE_WITH_KNOTS('',4,(#7673,#7674,#7675,#7676,#7677),
  .UNSPECIFIED.,.F.,.F.,(5,5),(0.,1.),.PIECEWISE_BEZIER_KNOTS.);
#7673 = CARTESIAN_POINT('',(40.,-7.0000006,42.125492133612));
#7674 = CARTESIAN_POINT('',(40.,-5.2500003,42.125492133612));
#7675 = CARTESIAN_POINT('',(40.,-3.5,42.125492133612));
#7676 = CARTESIAN_POINT('',(40.,-1.7499997,42.125492133612));
#7677 = CARTESIAN_POINT('',(40.,5.999999999062E-07,42.125492133612));
#7678 = PCURVE('',#5325,#7679);
#7679 = DEFINITIONAL_REPRESENTATION('',(#7680),#7686);
#7680 = B_SPLINE_CURVE_WITH_KNOTS('',4,(#7681,#7682,#7683,#7684,#7685),
  .UNSPECIFIED.,.F.,.F.,(5,5),(0.,1.),.PIECEWISE_BEZIER_KNOTS.);
#7681 = CARTESIAN_POINT('',(44.125492133612,-0.9999994));
#7682 = CARTESIAN_POINT('',(44.125492133612,-2.7499997));
#7683 = CARTESIAN_POINT('',(44.125492133612,-4.5));
#7684 = CARTESIAN_POINT('',(44.125492133612,-6.2500003));
#7685 = CARTESIAN_POINT('',(44.125492133612,-8.0000006));
#7686 = ( GEOMETRIC_REPRESENTATION_CONTEXT(2) 
PARAMETRIC_REPRESENTATION_CONTEXT() REPRESENTATION_CONTEXT('2D SPACE',''
  ) );
#7687 = PCURVE('',#4961,#7688);
#7688 = DEFINITIONAL_REPRESENTATION('',(#7689),#7695);
#7689 = B_SPLINE_CURVE_WITH_KNOTS('',4,(#7690,#7691,#7692,#7693,#7694),
  .UNSPECIFIED.,.F.,.F.,(5,5),(0.,0.999999914286),
  .PIECEWISE_BEZIER_KNOTS.);
#7690 = CARTESIAN_POINT('',(3.864326901403,-7.0000006));
#7691 = CARTESIAN_POINT('',(3.864326901403,-5.25000045));
#7692 = CARTESIAN_POINT('',(3.864326901403,-3.5000003));
#7693 = CARTESIAN_POINT('',(3.864326901403,-1.75000015));
#7694 = CARTESIAN_POINT('',(3.864326901403,-5.047379335438E-17));
#7695 = ( GEOMETRIC_REPRESENTATION_CONTEXT(2) 
PARAMETRIC_REPRESENTATION_CONTEXT() REPRESENTATION_CONTEXT('2D SPACE',''
  ) );
#7696 = ADVANCED_FACE('',(#7697),#5566,.T.);
#7697 = FACE_BOUND('',#7698,.T.);
#7698 = EDGE_LOOP('',(#7699,#7700,#7720));
#7699 = ORIENTED_EDGE('',*,*,#5498,.T.);
#7700 = ORIENTED_EDGE('',*,*,#7701,.F.);
#7701 = EDGE_CURVE('',#7612,#5344,#7702,.T.);
#7702 = SURFACE_CURVE('',#7703,(#7708,#7714),.PCURVE_S1.);
#7703 = ELLIPSE('',#7704,40.,36.);
#7704 = AXIS2_PLACEMENT_3D('',#7705,#7706,#7707);
#7705 = CARTESIAN_POINT('',(61.,0.,58.));
#7706 = DIRECTION('',(0.,-1.,0.));
#7707 = DIRECTION('',(1.,0.,0.));
#7708 = PCURVE('',#5566,#7709);
#7709 = DEFINITIONAL_REPRESENTATION('',(#7710),#7713);
#7710 = B_SPLINE_CURVE_WITH_KNOTS('',1,(#7711,#7712),.UNSPECIFIED.,.F.,
  .F.,(2,2),(4.159673867288,6.28318530718),.PIECEWISE_BEZIER_KNOTS.);
#7711 = CARTESIAN_POINT('',(4.159673867288,0.));
#7712 = CARTESIAN_POINT('',(6.28318530718,0.));
#7713 = ( GEOMETRIC_REPRESENTATION_CONTEXT(2) 
PARAMETRIC_REPRESENTATION_CONTEXT() REPRESENTATION_CONTEXT('2D SPACE',''
  ) );
#7714 = PCURVE('',#5405,#7715);
#7715 = DEFINITIONAL_REPRESENTATION('',(#7716),#7719);
#7716 = B_SPLINE_CURVE_WITH_KNOTS('',1,(#7717,#7718),.UNSPECIFIED.,.F.,
  .F.,(2,2),(4.159673867288,6.28318530718),.PIECEWISE_BEZIER_KNOTS.);
#7717 = CARTESIAN_POINT('',(4.159673867288,0.));
#7718 = CARTESIAN_POINT('',(6.28318530718,0.));
#7719 = ( GEOMETRIC_REPRESENTATION_CONTEXT(2) 
PARAMETRIC_REPRESENTATION_CONTEXT() REPRESENTATION_CONTEXT('2D SPACE',''
  ) );
#7720 = ORIENTED_EDGE('',*,*,#7640,.F.);
#7721 = ADVANCED_FACE('',(#7722),#5485,.T.);
#7722 = FACE_BOUND('',#7723,.T.);
#7723 = EDGE_LOOP('',(#7724));
#7724 = ORIENTED_EDGE('',*,*,#5470,.T.);
#7725 = ADVANCED_FACE('',(#7726),#5405,.F.);
#7726 = FACE_BOUND('',#7727,.F.);
#7727 = EDGE_LOOP('',(#7728,#7729,#7730));
#7728 = ORIENTED_EDGE('',*,*,#5343,.T.);
#7729 = ORIENTED_EDGE('',*,*,#7701,.F.);
#7730 = ORIENTED_EDGE('',*,*,#7611,.F.);
#7731 = ADVANCED_FACE('',(#7732),#5196,.T.);
#7732 = FACE_BOUND('',#7733,.T.);
#7733 = EDGE_LOOP('',(#7734,#7735,#7736));
#7734 = ORIENTED_EDGE('',*,*,#7589,.F.);
#7735 = ORIENTED_EDGE('',*,*,#5002,.F.);
#7736 = ORIENTED_EDGE('',*,*,#7737,.T.);
#7737 = EDGE_CURVE('',#4894,#7590,#7738,.T.);
#7738 = SURFACE_CURVE('',#7739,(#7892,#8048),.PCURVE_S1.);
#7739 = B_SPLINE_CURVE_WITH_KNOTS('',7,(#7740,#7741,#7742,#7743,#7744,
    #7745,#7746,#7747,#7748,#7749,#7750,#7751,#7752,#7753,#7754,#7755,
    #7756,#7757,#7758,#7759,#7760,#7761,#7762,#7763,#7764,#7765,#7766,
    #7767,#7768,#7769,#7770,#7771,#7772,#7773,#7774,#7775,#7776,#7777,
    #7778,#7779,#7780,#7781,#7782,#7783,#7784,#7785,#7786,#7787,#7788,
    #7789,#7790,#7791,#7792,#7793,#7794,#7795,#7796,#7797,#7798,#7799,
    #7800,#7801,#7802,#7803,#7804,#7805,#7806,#7807,#7808,#7809,#7810,
    #7811,#7812,#7813,#7814,#7815,#7816,#7817,#7818,#7819,#7820,#7821,
    #7822,#7823,#7824,#7825,#7826,#7827,#7828,#7829,#7830,#7831,#7832,
    #7833,#7834,#7835,#7836,#7837,#7838,#7839,#7840,#7841,#7842,#7843,
    #7844,#7845,#7846,#7847,#7848,#7849,#7850,#7851,#7852,#7853,#7854,
    #7855,#7856,#7857,#7858,#7859,#7860,#7861,#7862,#7863,#7864,#7865,
    #7866,#7867,#7868,#7869,#7870,#7871,#7872,#7873,#7874,#7875,#7876,
    #7877,#7878,#7879,#7880,#7881,#7882,#7883,#7884,#7885,#7886,#7887,
    #7888,#7889,#7890,#7891),.UNSPECIFIED.,.T.,.F.,(8,6,6,6,6,6,6,6,6,6,
    6,6,6,6,6,6,6,6,6,6,6,6,6,6,6,8),(0.,6.618517809349E-02,
    0.103980141374,0.14730539754,0.177449580991,0.249996666177,
    0.301404435559,0.32254127068,0.352685497016,0.396010814821,
    0.433805831873,0.455516451862,0.469502721115,0.50000103782,
    0.544484149245,0.566194740584,0.60398970776,0.647314968393,
    0.67745915495,0.698595962179,0.750003663722,0.822550653174,
    0.852694796846,0.896019995839,0.933814909245,1.),.UNSPECIFIED.);
#7740 = CARTESIAN_POINT('',(89.,-7.,58.));
#7741 = CARTESIAN_POINT('',(89.000000184584,-7.,56.453350300581));
#7742 = CARTESIAN_POINT('',(88.864334420662,-7.,54.905878717555));
#7743 = CARTESIAN_POINT('',(88.592750296352,-7.,53.37341858233));
#7744 = CARTESIAN_POINT('',(88.189158391151,-7.,51.869758698434));
#7745 = CARTESIAN_POINT('',(87.65992193162,-7.,50.407021966346));
#7746 = CARTESIAN_POINT('',(87.013412222081,-7.,48.995770225152));
#7747 = CARTESIAN_POINT('',(85.82937365598,-7.,46.873730651211));
#7748 = CARTESIAN_POINT('',(85.36394399046,-7.,46.121948408264));
#7749 = CARTESIAN_POINT('',(84.865224180092,-7.,45.391246671034));
#7750 = CARTESIAN_POINT('',(84.335053202923,-7.,44.682908864578));
#7751 = CARTESIAN_POINT('',(83.775295155304,-7.,43.998001173671));
#7752 = CARTESIAN_POINT('',(83.187799169988,-7.,43.337402171478));
#7753 = CARTESIAN_POINT('',(81.871183888489,-7.,41.973246493357));
#7754 = CARTESIAN_POINT('',(81.133927633658,-7.,41.277557402702));
#7755 = CARTESIAN_POINT('',(80.365305450945,-7.,40.615807041718));
#7756 = CARTESIAN_POINT('',(79.567951042189,-7.,39.988790814155));
#7757 = CARTESIAN_POINT('',(78.744395716059,-7.,39.397090810587));
#7758 = CARTESIAN_POINT('',(77.897035710742,-7.,38.841117159134));
#7759 = CARTESIAN_POINT('',(76.423524795818,-7.,37.959374261969));
#7760 = CARTESIAN_POINT('',(75.808515576346,-7.,37.615034841309));
#7761 = CARTESIAN_POINT('',(75.183828032627,-7.,37.288226682385));
#7762 = CARTESIAN_POINT('',(74.550193614995,-7.,36.979021453226));
#7763 = CARTESIAN_POINT('',(73.908317311953,-7.,36.687470501768));
#7764 = CARTESIAN_POINT('',(73.258875912391,-7.,36.413608435908));
#7765 = CARTESIAN_POINT('',(71.022875025165,-7.,35.540984017859));
#7766 = CARTESIAN_POINT('',(69.403387541495,-7.,35.027178397605));
#7767 = CARTESIAN_POINT('',(67.752795623235,-7.,34.616175123211));
#7768 = CARTESIAN_POINT('',(66.079429773014,-7.,34.30804024309));
#7769 = CARTESIAN_POINT('',(64.391227227297,-7.,34.102694981873));
#7770 = CARTESIAN_POINT('',(62.6957210097,-7.,34.000000070759));
#7771 = CARTESIAN_POINT('',(59.798391316591,-7.,34.000000003792));
#7772 = CARTESIAN_POINT('',(58.596820161915,-7.,34.051566530254));
#7773 = CARTESIAN_POINT('',(57.397877785013,-7.,34.154693916794));
#7774 = CARTESIAN_POINT('',(56.204231749,-7.,34.309406778538));
#7775 = CARTESIAN_POINT('',(55.018622338476,-7.,34.515728769129));
#7776 = CARTESIAN_POINT('',(53.843861700028,-7.,34.773672543991));
#7777 = CARTESIAN_POINT('',(52.205467830908,-7.,35.21053738988));
#7778 = CARTESIAN_POINT('',(51.730428477042,-7.,35.346550768996));
#7779 = CARTESIAN_POINT('',(51.257921950312,-7.,35.491291023472));
#7780 = CARTESIAN_POINT('',(50.788157509527,-7.,35.644756304998));
#7781 = CARTESIAN_POINT('',(50.321349376247,-7.,35.806942956918));
#7782 = CARTESIAN_POINT('',(49.857716734783,-7.,35.977845514224));
#7783 = CARTESIAN_POINT('',(48.741124087615,-7.,36.413608435905));
#7784 = CARTESIAN_POINT('',(48.091682688051,-7.,36.687470501767));
#7785 = CARTESIAN_POINT('',(47.449806385009,-7.,36.979021453225));
#7786 = CARTESIAN_POINT('',(46.816171967378,-7.,37.288226682382));
#7787 = CARTESIAN_POINT('',(46.191484423659,-7.,37.615034841305));
#7788 = CARTESIAN_POINT('',(45.576475204186,-7.,37.959374261968));
#7789 = CARTESIAN_POINT('',(44.102964289263,-7.,38.841117159131));
#7790 = CARTESIAN_POINT('',(43.255604283945,-7.,39.397090810584));
#7791 = CARTESIAN_POINT('',(42.432048957814,-7.,39.988790814152));
#7792 = CARTESIAN_POINT('',(41.63469454906,-7.,40.615807041715));
#7793 = CARTESIAN_POINT('',(40.866072366346,-7.,41.277557402699));
#7794 = CARTESIAN_POINT('',(40.128816111514,-7.,41.973246493354));
#7795 = CARTESIAN_POINT('',(38.812200830015,-7.,43.337402171474));
#7796 = CARTESIAN_POINT('',(38.224704844698,-7.,43.998001173667));
#7797 = CARTESIAN_POINT('',(37.664946797081,-7.,44.682908864575));
#7798 = CARTESIAN_POINT('',(37.134775819911,-7.,45.391246671031));
#7799 = CARTESIAN_POINT('',(36.636056009541,-7.,46.121948408261));
#7800 = CARTESIAN_POINT('',(36.170626344023,-7.,46.873730651207));
#7801 = CARTESIAN_POINT('',(35.493027178495,-7.,48.088127282975));
#7802 = CARTESIAN_POINT('',(35.257369751207,-7.,48.537651165339));
#7803 = CARTESIAN_POINT('',(35.03361071547,-7.,48.993335092624));
#7804 = CARTESIAN_POINT('',(34.822073298283,-7.,49.45486452323));
#7805 = CARTESIAN_POINT('',(34.623066722987,-7.,49.921900302335));
#7806 = CARTESIAN_POINT('',(34.436882838258,-7.,50.394077132146));
#7807 = CARTESIAN_POINT('',(34.152285904032,-7.,51.178243358307));
#7808 = CARTESIAN_POINT('',(34.046212478964,-7.,51.487456044206));
#7809 = CARTESIAN_POINT('',(33.945645240024,-7.,51.798535504388));
#7810 = CARTESIAN_POINT('',(33.850652417364,-7.,52.111373377989));
#7811 = CARTESIAN_POINT('',(33.761297703156,-7.,52.425857538736));
#7812 = CARTESIAN_POINT('',(33.677640251594,-7.,52.741872094944));
#7813 = CARTESIAN_POINT('',(33.429854096189,-7.,53.751471899068));
#7814 = CARTESIAN_POINT('',(33.287318274061,-7.,54.450374574744));
#7815 = CARTESIAN_POINT('',(33.172695481078,-7.,55.154736666633));
#7816 = CARTESIAN_POINT('',(33.086424914692,-7.,55.86324982803));
#7817 = CARTESIAN_POINT('',(33.028808011578,-7.,56.574565243518));
#7818 = CARTESIAN_POINT('',(32.99999975797,-7.,57.287292757044));
#7819 = CARTESIAN_POINT('',(32.999999911969,-7.,59.039514248594));
#7820 = CARTESIAN_POINT('',(33.061283808715,-7.,60.079155854937));
#7821 = CARTESIAN_POINT('',(33.183876700072,-7.,61.114361175282));
#7822 = CARTESIAN_POINT('',(33.367040445585,-7.,62.140848370209));
#7823 = CARTESIAN_POINT('',(33.609424896417,-7.,63.154593809819));
#7824 = CARTESIAN_POINT('',(33.909146268526,-7.,64.151820418296));
#7825 = CARTESIAN_POINT('',(34.436882838255,-7.,65.605922867848));
#7826 = CARTESIAN_POINT('',(34.623066722984,-7.,66.078099697658));
#7827 = CARTESIAN_POINT('',(34.82207329828,-7.,66.545135476764));
#7828 = CARTESIAN_POINT('',(35.033610715468,-7.,67.00666490737));
#7829 = CARTESIAN_POINT('',(35.257369751204,-7.,67.462348834655));
#7830 = CARTESIAN_POINT('',(35.493027178492,-7.,67.911872717019));
#7831 = CARTESIAN_POINT('',(36.17062634402,-7.,69.126269348788));
#7832 = CARTESIAN_POINT('',(36.636056009536,-7.,69.878051591731));
#7833 = CARTESIAN_POINT('',(37.134775819908,-7.,70.608753328966));
#7834 = CARTESIAN_POINT('',(37.664946797077,-7.,71.317091135422));
#7835 = CARTESIAN_POINT('',(38.224704844693,-7.,72.001998826324));
#7836 = CARTESIAN_POINT('',(38.812200830011,-7.,72.662597828522));
#7837 = CARTESIAN_POINT('',(40.128816111509,-7.,74.026753506642));
#7838 = CARTESIAN_POINT('',(40.866072366341,-7.,74.722442597296));
#7839 = CARTESIAN_POINT('',(41.634694549054,-7.,75.38419295828));
#7840 = CARTESIAN_POINT('',(42.432048957809,-7.,76.011209185844));
#7841 = CARTESIAN_POINT('',(43.255604283939,-7.,76.602909189412));
#7842 = CARTESIAN_POINT('',(44.102964289257,-7.,77.158882840865));
#7843 = CARTESIAN_POINT('',(45.57647520418,-7.,78.040625738029));
#7844 = CARTESIAN_POINT('',(46.191484423653,-7.,78.384965158691));
#7845 = CARTESIAN_POINT('',(46.816171967372,-7.,78.711773317614));
#7846 = CARTESIAN_POINT('',(47.449806385003,-7.,79.020978546773));
#7847 = CARTESIAN_POINT('',(48.091682688045,-7.,79.312529498231));
#7848 = CARTESIAN_POINT('',(48.741124087608,-7.,79.586391564092));
#7849 = CARTESIAN_POINT('',(49.857716734776,-7.,80.022154485774));
#7850 = CARTESIAN_POINT('',(50.321349376241,-7.,80.19305704308));
#7851 = CARTESIAN_POINT('',(50.788157509521,-7.,80.355243695));
#7852 = CARTESIAN_POINT('',(51.257921950306,-7.,80.508708976526));
#7853 = CARTESIAN_POINT('',(51.730428477036,-7.,80.653449231002));
#7854 = CARTESIAN_POINT('',(52.205467830901,-7.,80.789462610119));
#7855 = CARTESIAN_POINT('',(53.843861700022,-7.,81.226327456007));
#7856 = CARTESIAN_POINT('',(55.01862233847,-7.,81.484271230873));
#7857 = CARTESIAN_POINT('',(56.204231748993,-7.,81.69059322146));
#7858 = CARTESIAN_POINT('',(57.397877785006,-7.,81.845306083204));
#7859 = CARTESIAN_POINT('',(58.596820161909,-7.,81.948433469748));
#7860 = CARTESIAN_POINT('',(59.798391316584,-7.,81.999999996207));
#7861 = CARTESIAN_POINT('',(62.695721009692,-7.,81.999999929243));
#7862 = CARTESIAN_POINT('',(64.391227227295,-7.,81.897305018124));
#7863 = CARTESIAN_POINT('',(66.079429773007,-7.,81.691959756913));
#7864 = CARTESIAN_POINT('',(67.752795623227,-7.,81.383824876793));
#7865 = CARTESIAN_POINT('',(69.403387541492,-7.,80.972821602393));
#7866 = CARTESIAN_POINT('',(71.02287502516,-7.,80.459015982144));
#7867 = CARTESIAN_POINT('',(73.258875912385,-7.,79.586391564094));
#7868 = CARTESIAN_POINT('',(73.908317311949,-7.,79.312529498234));
#7869 = CARTESIAN_POINT('',(74.550193614992,-7.,79.020978546775));
#7870 = CARTESIAN_POINT('',(75.183828032622,-7.,78.711773317617));
#7871 = CARTESIAN_POINT('',(75.808515576341,-7.,78.384965158694));
#7872 = CARTESIAN_POINT('',(76.423524795815,-7.,78.040625738033));
#7873 = CARTESIAN_POINT('',(77.897035710738,-7.,77.158882840868));
#7874 = CARTESIAN_POINT('',(78.744395716055,-7.,76.602909189416));
#7875 = CARTESIAN_POINT('',(79.567951042186,-7.,76.011209185848));
#7876 = CARTESIAN_POINT('',(80.365305450941,-7.,75.384192958284));
#7877 = CARTESIAN_POINT('',(81.133927633655,-7.,74.7224425973));
#7878 = CARTESIAN_POINT('',(81.871183888486,-7.,74.026753506646));
#7879 = CARTESIAN_POINT('',(83.187799169982,-7.,72.662597828527));
#7880 = CARTESIAN_POINT('',(83.775295155308,-7.,72.001998826328));
#7881 = CARTESIAN_POINT('',(84.335053202916,-7.,71.317091135426));
#7882 = CARTESIAN_POINT('',(84.865224180086,-7.,70.608753328971));
#7883 = CARTESIAN_POINT('',(85.363943990464,-7.,69.878051591736));
#7884 = CARTESIAN_POINT('',(85.829373655975,-7.,69.126269348793));
#7885 = CARTESIAN_POINT('',(87.013412222086,-7.,67.004229774855));
#7886 = CARTESIAN_POINT('',(87.659921931596,-7.,65.592978033641));
#7887 = CARTESIAN_POINT('',(88.18915839119,-7.,64.130241301593));
#7888 = CARTESIAN_POINT('',(88.592750296313,-7.,62.626581417646));
#7889 = CARTESIAN_POINT('',(88.864334420682,-7.,61.094121282461));
#7890 = CARTESIAN_POINT('',(89.000000184579,-7.,59.546649699415));
#7891 = CARTESIAN_POINT('',(89.,-7.,58.));
#7892 = PCURVE('',#5196,#7893);
#7893 = DEFINITIONAL_REPRESENTATION('',(#7894),#8047);
#7894 = B_SPLINE_CURVE_WITH_KNOTS('',7,(#7895,#7896,#7897,#7898,#7899,
    #7900,#7901,#7902,#7903,#7904,#7905,#7906,#7907,#7908,#7909,#7910,
    #7911,#7912,#7913,#7914,#7915,#7916,#7917,#7918,#7919,#7920,#7921,
    #7922,#7923,#7924,#7925,#7926,#7927,#7928,#7929,#7930,#7931,#7932,
    #7933,#7934,#7935,#7936,#7937,#7938,#7939,#7940,#7941,#7942,#7943,
    #7944,#7945,#7946,#7947,#7948,#7949,#7950,#7951,#7952,#7953,#7954,
    #7955,#7956,#7957,#7958,#7959,#7960,#7961,#7962,#7963,#7964,#7965,
    #7966,#7967,#7968,#7969,#7970,#7971,#7972,#7973,#7974,#7975,#7976,
    #7977,#7978,#7979,#7980,#7981,#7982,#7983,#7984,#7985,#7986,#7987,
    #7988,#7989,#7990,#7991,#7992,#7993,#7994,#7995,#7996,#7997,#7998,
    #7999,#8000,#8001,#8002,#8003,#8004,#8005,#8006,#8007,#8008,#8009,
    #8010,#8011,#8012,#8013,#8014,#8015,#8016,#8017,#8018,#8019,#8020,
    #8021,#8022,#8023,#8024,#8025,#8026,#8027,#8028,#8029,#8030,#8031,
    #8032,#8033,#8034,#8035,#8036,#8037,#8038,#8039,#8040,#8041,#8042,
    #8043,#8044,#8045,#8046),.UNSPECIFIED.,.F.,.F.,(8,6,6,6,6,6,6,6,6,6,
    6,6,6,6,6,6,6,6,6,6,6,6,6,6,6,8),(0.,6.618517809349E-02,
    0.103980141374,0.14730539754,0.177449580991,0.249996666177,
    0.301404435559,0.32254127068,0.352685497016,0.396010814821,
    0.433805831873,0.455516451862,0.469502721115,0.50000103782,
    0.544484149245,0.566194740584,0.60398970776,0.647314968393,
    0.67745915495,0.698595962179,0.750003663722,0.822550653174,
    0.852694796846,0.896019995839,0.933814909245,1.),.UNSPECIFIED.);
#7895 = CARTESIAN_POINT('',(1.42108547152E-14,27.467299166349));
#7896 = CARTESIAN_POINT('',(1.546649699419,27.467299350933));
#7897 = CARTESIAN_POINT('',(3.094121282445,27.331633587011));
#7898 = CARTESIAN_POINT('',(4.62658141767,27.060049462701));
#7899 = CARTESIAN_POINT('',(6.130241301566,26.6564575575));
#7900 = CARTESIAN_POINT('',(7.592978033654,26.127221097969));
#7901 = CARTESIAN_POINT('',(9.004229774848,25.48071138843));
#7902 = CARTESIAN_POINT('',(11.126269348789,24.296672822329));
#7903 = CARTESIAN_POINT('',(11.878051591736,23.831243156809));
#7904 = CARTESIAN_POINT('',(12.608753328966,23.332523346441));
#7905 = CARTESIAN_POINT('',(13.317091135422,22.802352369271));
#7906 = CARTESIAN_POINT('',(14.001998826329,22.242594321653));
#7907 = CARTESIAN_POINT('',(14.662597828522,21.655098336337));
#7908 = CARTESIAN_POINT('',(16.026753506643,20.338483054837));
#7909 = CARTESIAN_POINT('',(16.722442597298,19.601226800007));
#7910 = CARTESIAN_POINT('',(17.384192958282,18.832604617293));
#7911 = CARTESIAN_POINT('',(18.011209185845,18.035250208538));
#7912 = CARTESIAN_POINT('',(18.602909189413,17.211694882408));
#7913 = CARTESIAN_POINT('',(19.158882840866,16.364334877091));
#7914 = CARTESIAN_POINT('',(20.040625738031,14.890823962166));
#7915 = CARTESIAN_POINT('',(20.384965158691,14.275814742695));
#7916 = CARTESIAN_POINT('',(20.711773317615,13.651127198976));
#7917 = CARTESIAN_POINT('',(21.020978546774,13.017492781344));
#7918 = CARTESIAN_POINT('',(21.312529498232,12.375616478302));
#7919 = CARTESIAN_POINT('',(21.586391564092,11.72617507874));
#7920 = CARTESIAN_POINT('',(22.459015982141,9.490174191514));
#7921 = CARTESIAN_POINT('',(22.972821602395,7.870686707844));
#7922 = CARTESIAN_POINT('',(23.383824876789,6.220094789584));
#7923 = CARTESIAN_POINT('',(23.69195975691,4.546728939363));
#7924 = CARTESIAN_POINT('',(23.897305018127,2.858526393646));
#7925 = CARTESIAN_POINT('',(23.999999929241,1.163020176049));
#7926 = CARTESIAN_POINT('',(23.999999996208,-1.734309517061));
#7927 = CARTESIAN_POINT('',(23.948433469746,-2.935880671736));
#7928 = CARTESIAN_POINT('',(23.845306083206,-4.134823048639));
#7929 = CARTESIAN_POINT('',(23.690593221462,-5.328469084651));
#7930 = CARTESIAN_POINT('',(23.484271230872,-6.514078495175));
#7931 = CARTESIAN_POINT('',(23.226327456009,-7.688839133623));
#7932 = CARTESIAN_POINT('',(22.78946261012,-9.327233002744));
#7933 = CARTESIAN_POINT('',(22.653449231004,-9.802272356609));
#7934 = CARTESIAN_POINT('',(22.508708976528,-10.27477888333));
#7935 = CARTESIAN_POINT('',(22.355243695002,-10.74454332412));
#7936 = CARTESIAN_POINT('',(22.193057043082,-11.2113514574));
#7937 = CARTESIAN_POINT('',(22.022154485776,-11.67498409886));
#7938 = CARTESIAN_POINT('',(21.586391564095,-12.79157674603));
#7939 = CARTESIAN_POINT('',(21.312529498233,-13.4410181456));
#7940 = CARTESIAN_POINT('',(21.020978546775,-14.08289444864));
#7941 = CARTESIAN_POINT('',(20.711773317618,-14.71652886627));
#7942 = CARTESIAN_POINT('',(20.384965158695,-15.34121640999));
#7943 = CARTESIAN_POINT('',(20.040625738032,-15.95622562946));
#7944 = CARTESIAN_POINT('',(19.158882840869,-17.42973654438));
#7945 = CARTESIAN_POINT('',(18.602909189416,-18.2770965497));
#7946 = CARTESIAN_POINT('',(18.011209185848,-19.10065187583));
#7947 = CARTESIAN_POINT('',(17.384192958285,-19.89800628459));
#7948 = CARTESIAN_POINT('',(16.722442597301,-20.6666284673));
#7949 = CARTESIAN_POINT('',(16.026753506646,-21.40388472213));
#7950 = CARTESIAN_POINT('',(14.662597828526,-22.72050000363));
#7951 = CARTESIAN_POINT('',(14.001998826333,-23.30799598895));
#7952 = CARTESIAN_POINT('',(13.317091135425,-23.86775403657));
#7953 = CARTESIAN_POINT('',(12.608753328969,-24.39792501374));
#7954 = CARTESIAN_POINT('',(11.878051591739,-24.89664482411));
#7955 = CARTESIAN_POINT('',(11.126269348793,-25.36207448962));
#7956 = CARTESIAN_POINT('',(9.911872717025,-26.03967365515));
#7957 = CARTESIAN_POINT('',(9.462348834661,-26.27533108244));
#7958 = CARTESIAN_POINT('',(9.006664907376,-26.49909011818));
#7959 = CARTESIAN_POINT('',(8.54513547677,-26.71062753536));
#7960 = CARTESIAN_POINT('',(8.078099697665,-26.90963411066));
#7961 = CARTESIAN_POINT('',(7.605922867854,-27.09581799539));
#7962 = CARTESIAN_POINT('',(6.821756641693,-27.38041492961));
#7963 = CARTESIAN_POINT('',(6.512543955794,-27.48648835468));
#7964 = CARTESIAN_POINT('',(6.201464495612,-27.58705559362));
#7965 = CARTESIAN_POINT('',(5.888626622011,-27.68204841628));
#7966 = CARTESIAN_POINT('',(5.574142461264,-27.77140313049));
#7967 = CARTESIAN_POINT('',(5.258127905056,-27.85506058205));
#7968 = CARTESIAN_POINT('',(4.248528100932,-28.10284673746));
#7969 = CARTESIAN_POINT('',(3.549625425256,-28.24538255959));
#7970 = CARTESIAN_POINT('',(2.845263333367,-28.36000535257));
#7971 = CARTESIAN_POINT('',(2.13675017197,-28.44627591895));
#7972 = CARTESIAN_POINT('',(1.425434756482,-28.50389282207));
#7973 = CARTESIAN_POINT('',(0.712707242956,-28.53270107568));
#7974 = CARTESIAN_POINT('',(-1.039514248594,-28.53270092168));
#7975 = CARTESIAN_POINT('',(-2.079155854937,-28.47141702493));
#7976 = CARTESIAN_POINT('',(-3.114361175282,-28.34882413357));
#7977 = CARTESIAN_POINT('',(-4.140848370209,-28.16566038806));
#7978 = CARTESIAN_POINT('',(-5.154593809819,-27.92327593723));
#7979 = CARTESIAN_POINT('',(-6.151820418296,-27.62355456512));
#7980 = CARTESIAN_POINT('',(-7.605922867848,-27.09581799539));
#7981 = CARTESIAN_POINT('',(-8.078099697658,-26.90963411066));
#7982 = CARTESIAN_POINT('',(-8.545135476764,-26.71062753537));
#7983 = CARTESIAN_POINT('',(-9.00666490737,-26.49909011818));
#7984 = CARTESIAN_POINT('',(-9.462348834655,-26.27533108244));
#7985 = CARTESIAN_POINT('',(-9.911872717019,-26.03967365515));
#7986 = CARTESIAN_POINT('',(-11.12626934878,-25.36207448963));
#7987 = CARTESIAN_POINT('',(-11.87805159173,-24.89664482411));
#7988 = CARTESIAN_POINT('',(-12.60875332896,-24.39792501374));
#7989 = CARTESIAN_POINT('',(-13.31709113542,-23.86775403657));
#7990 = CARTESIAN_POINT('',(-14.00199882632,-23.30799598895));
#7991 = CARTESIAN_POINT('',(-14.66259782852,-22.72050000364));
#7992 = CARTESIAN_POINT('',(-16.02675350664,-21.40388472214));
#7993 = CARTESIAN_POINT('',(-16.72244259729,-20.66662846731));
#7994 = CARTESIAN_POINT('',(-17.38419295828,-19.89800628459));
#7995 = CARTESIAN_POINT('',(-18.01120918584,-19.10065187584));
#7996 = CARTESIAN_POINT('',(-18.60290918941,-18.27709654971));
#7997 = CARTESIAN_POINT('',(-19.15888284086,-17.42973654439));
#7998 = CARTESIAN_POINT('',(-20.04062573802,-15.95622562947));
#7999 = CARTESIAN_POINT('',(-20.38496515869,-15.34121640999));
#8000 = CARTESIAN_POINT('',(-20.71177331761,-14.71652886627));
#8001 = CARTESIAN_POINT('',(-21.02097854677,-14.08289444864));
#8002 = CARTESIAN_POINT('',(-21.31252949823,-13.4410181456));
#8003 = CARTESIAN_POINT('',(-21.58639156409,-12.79157674604));
#8004 = CARTESIAN_POINT('',(-22.02215448577,-11.67498409887));
#8005 = CARTESIAN_POINT('',(-22.19305704308,-11.21135145741));
#8006 = CARTESIAN_POINT('',(-22.355243695,-10.74454332413));
#8007 = CARTESIAN_POINT('',(-22.50870897652,-10.27477888334));
#8008 = CARTESIAN_POINT('',(-22.653449231,-9.802272356615));
#8009 = CARTESIAN_POINT('',(-22.78946261011,-9.32723300275));
#8010 = CARTESIAN_POINT('',(-23.226327456,-7.688839133629));
#8011 = CARTESIAN_POINT('',(-23.48427123087,-6.514078495181));
#8012 = CARTESIAN_POINT('',(-23.69059322146,-5.328469084658));
#8013 = CARTESIAN_POINT('',(-23.8453060832,-4.134823048645));
#8014 = CARTESIAN_POINT('',(-23.94843346974,-2.935880671742));
#8015 = CARTESIAN_POINT('',(-23.9999999962,-1.734309517067));
#8016 = CARTESIAN_POINT('',(-23.99999992924,1.163020176041));
#8017 = CARTESIAN_POINT('',(-23.89730501812,2.858526393644));
#8018 = CARTESIAN_POINT('',(-23.69195975691,4.546728939356));
#8019 = CARTESIAN_POINT('',(-23.38382487679,6.220094789575));
#8020 = CARTESIAN_POINT('',(-22.97282160239,7.870686707841));
#8021 = CARTESIAN_POINT('',(-22.45901598214,9.490174191509));
#8022 = CARTESIAN_POINT('',(-21.58639156409,11.726175078734));
#8023 = CARTESIAN_POINT('',(-21.31252949823,12.375616478298));
#8024 = CARTESIAN_POINT('',(-21.02097854677,13.017492781341));
#8025 = CARTESIAN_POINT('',(-20.71177331761,13.651127198971));
#8026 = CARTESIAN_POINT('',(-20.38496515869,14.27581474269));
#8027 = CARTESIAN_POINT('',(-20.04062573803,14.890823962163));
#8028 = CARTESIAN_POINT('',(-19.15888284086,16.364334877087));
#8029 = CARTESIAN_POINT('',(-18.60290918941,17.211694882404));
#8030 = CARTESIAN_POINT('',(-18.01120918584,18.035250208535));
#8031 = CARTESIAN_POINT('',(-17.38419295828,18.83260461729));
#8032 = CARTESIAN_POINT('',(-16.7224425973,19.601226800003));
#8033 = CARTESIAN_POINT('',(-16.02675350664,20.338483054835));
#8034 = CARTESIAN_POINT('',(-14.66259782852,21.655098336331));
#8035 = CARTESIAN_POINT('',(-14.00199882632,22.242594321657));
#8036 = CARTESIAN_POINT('',(-13.31709113542,22.802352369265));
#8037 = CARTESIAN_POINT('',(-12.60875332897,23.332523346434));
#8038 = CARTESIAN_POINT('',(-11.87805159173,23.831243156813));
#8039 = CARTESIAN_POINT('',(-11.12626934879,24.296672822324));
#8040 = CARTESIAN_POINT('',(-9.004229774855,25.480711388435));
#8041 = CARTESIAN_POINT('',(-7.592978033641,26.127221097945));
#8042 = CARTESIAN_POINT('',(-6.130241301593,26.656457557539));
#8043 = CARTESIAN_POINT('',(-4.626581417646,27.060049462662));
#8044 = CARTESIAN_POINT('',(-3.094121282461,27.331633587031));
#8045 = CARTESIAN_POINT('',(-1.546649699415,27.467299350928));
#8046 = CARTESIAN_POINT('',(7.105427357601E-15,27.467299166349));
#8047 = ( GEOMETRIC_REPRESENTATION_CONTEXT(2) 
PARAMETRIC_REPRESENTATION_CONTEXT() REPRESENTATION_CONTEXT('2D SPACE',''
  ) );
#8048 = PCURVE('',#4961,#8049);
#8049 = DEFINITIONAL_REPRESENTATION('',(#8050),#8107);
#8050 = B_SPLINE_CURVE_WITH_KNOTS('',7,(#8051,#8052,#8053,#8054,#8055,
    #8056,#8057,#8058,#8059,#8060,#8061,#8062,#8063,#8064,#8065,#8066,
    #8067,#8068,#8069,#8070,#8071,#8072,#8073,#8074,#8075,#8076,#8077,
    #8078,#8079,#8080,#8081,#8082,#8083,#8084,#8085,#8086,#8087,#8088,
    #8089,#8090,#8091,#8092,#8093,#8094,#8095,#8096,#8097,#8098,#8099,
    #8100,#8101,#8102,#8103,#8104,#8105,#8106),.UNSPECIFIED.,.F.,.F.,(8,
    6,6,6,6,6,6,6,6,8),(0.,6.618517809349E-02,0.103980141374,
    0.14730539754,0.177449580991,0.249996666177,0.301404435559,
    0.32254127068,0.352685497016,0.391037037799),.UNSPECIFIED.);
#8051 = CARTESIAN_POINT('',(6.28318530718,-7.));
#8052 = CARTESIAN_POINT('',(6.218741565226,-7.));
#8053 = CARTESIAN_POINT('',(6.154263613455,-7.));
#8054 = CARTESIAN_POINT('',(6.089973858594,-7.));
#8055 = CARTESIAN_POINT('',(6.026008170853,-7.));
#8056 = CARTESIAN_POINT('',(5.962473968357,-7.));
#8057 = CARTESIAN_POINT('',(5.899464344217,-7.));
#8058 = CARTESIAN_POINT('',(5.801454163347,-7.));
#8059 = CARTESIAN_POINT('',(5.766023615234,-7.));
#8060 = CARTESIAN_POINT('',(5.730798627385,-7.));
#8061 = CARTESIAN_POINT('',(5.695785593128,-7.));
#8062 = CARTESIAN_POINT('',(5.660987529391,-7.));
#8063 = CARTESIAN_POINT('',(5.62640475896,-7.));
#8064 = CARTESIAN_POINT('',(5.552635971751,-7.));
#8065 = CARTESIAN_POINT('',(5.513517385851,-7.));
#8066 = CARTESIAN_POINT('',(5.474674321914,-7.));
#8067 = CARTESIAN_POINT('',(5.436098984753,-7.));
#8068 = CARTESIAN_POINT('',(5.397780667975,-7.));
#8069 = CARTESIAN_POINT('',(5.359705794184,-7.));
#8070 = CARTESIAN_POINT('',(5.295524765189,-7.));
#8071 = CARTESIAN_POINT('',(5.269301879236,-7.));
#8072 = CARTESIAN_POINT('',(5.243183886699,-7.));
#8073 = CARTESIAN_POINT('',(5.217165223348,-7.));
#8074 = CARTESIAN_POINT('',(5.191240091311,-7.));
#8075 = CARTESIAN_POINT('',(5.165402379039,-7.));
#8076 = CARTESIAN_POINT('',(5.077657483146,-7.));
#8077 = CARTESIAN_POINT('',(5.016146716314,-7.));
#8078 = CARTESIAN_POINT('',(4.955011187528,-7.));
#8079 = CARTESIAN_POINT('',(4.894159831779,-7.));
#8080 = CARTESIAN_POINT('',(4.833504322563,-7.));
#8081 = CARTESIAN_POINT('',(4.772950423366,-7.));
#8082 = CARTESIAN_POINT('',(4.669474386556,-7.));
#8083 = CARTESIAN_POINT('',(4.626561121231,-7.));
#8084 = CARTESIAN_POINT('',(4.583612683265,-7.));
#8085 = CARTESIAN_POINT('',(4.540595207992,-7.));
#8086 = CARTESIAN_POINT('',(4.497475871639,-7.));
#8087 = CARTESIAN_POINT('',(4.454221314897,-7.));
#8088 = CARTESIAN_POINT('',(4.392941354304,-7.));
#8089 = CARTESIAN_POINT('',(4.375058007079,-7.));
#8090 = CARTESIAN_POINT('',(4.357143738086,-7.));
#8091 = CARTESIAN_POINT('',(4.339196271522,-7.));
#8092 = CARTESIAN_POINT('',(4.321213361659,-7.));
#8093 = CARTESIAN_POINT('',(4.303192792843,-7.));
#8094 = CARTESIAN_POINT('',(4.25937558173,-7.));
#8095 = CARTESIAN_POINT('',(4.233537869459,-7.));
#8096 = CARTESIAN_POINT('',(4.207612737422,-7.));
#8097 = CARTESIAN_POINT('',(4.181594074071,-7.));
#8098 = CARTESIAN_POINT('',(4.155476081534,-7.));
#8099 = CARTESIAN_POINT('',(4.129253195581,-7.));
#8100 = CARTESIAN_POINT('',(4.069417125181,-7.));
#8101 = CARTESIAN_POINT('',(4.035736345355,-7.));
#8102 = CARTESIAN_POINT('',(4.001866285015,-7.));
#8103 = CARTESIAN_POINT('',(3.967797301161,-7.));
#8104 = CARTESIAN_POINT('',(3.933521510739,-7.));
#8105 = CARTESIAN_POINT('',(3.899032812492,-7.));
#8106 = CARTESIAN_POINT('',(3.864326908807,-7.));
#8107 = ( GEOMETRIC_REPRESENTATION_CONTEXT(2) 
PARAMETRIC_REPRESENTATION_CONTEXT() REPRESENTATION_CONTEXT('2D SPACE',''
  ) );
#8108 = ADVANCED_FACE('',(#8109),#4961,.T.);
#8109 = FACE_BOUND('',#8110,.T.);
#8110 = EDGE_LOOP('',(#8111,#8112,#8113,#8114));
#8111 = ORIENTED_EDGE('',*,*,#4893,.T.);
#8112 = ORIENTED_EDGE('',*,*,#7139,.F.);
#8113 = ORIENTED_EDGE('',*,*,#7670,.F.);
#8114 = ORIENTED_EDGE('',*,*,#7737,.F.);
#8115 = ADVANCED_FACE('',(#8116),#4825,.T.);
#8116 = FACE_BOUND('',#8117,.T.);
#8117 = EDGE_LOOP('',(#8118,#8119,#8120,#8494));
#8118 = ORIENTED_EDGE('',*,*,#7084,.F.);
#8119 = ORIENTED_EDGE('',*,*,#4757,.T.);
#8120 = ORIENTED_EDGE('',*,*,#8121,.F.);
#8121 = EDGE_CURVE('',#8122,#4463,#8124,.T.);
#8122 = VERTEX_POINT('',#8123);
#8123 = CARTESIAN_POINT('',(40.,-7.,73.874507946534));
#8124 = SURFACE_CURVE('',#8125,(#8278,#8338),.PCURVE_S1.);
#8125 = B_SPLINE_CURVE_WITH_KNOTS('',7,(#8126,#8127,#8128,#8129,#8130,
    #8131,#8132,#8133,#8134,#8135,#8136,#8137,#8138,#8139,#8140,#8141,
    #8142,#8143,#8144,#8145,#8146,#8147,#8148,#8149,#8150,#8151,#8152,
    #8153,#8154,#8155,#8156,#8157,#8158,#8159,#8160,#8161,#8162,#8163,
    #8164,#8165,#8166,#8167,#8168,#8169,#8170,#8171,#8172,#8173,#8174,
    #8175,#8176,#8177,#8178,#8179,#8180,#8181,#8182,#8183,#8184,#8185,
    #8186,#8187,#8188,#8189,#8190,#8191,#8192,#8193,#8194,#8195,#8196,
    #8197,#8198,#8199,#8200,#8201,#8202,#8203,#8204,#8205,#8206,#8207,
    #8208,#8209,#8210,#8211,#8212,#8213,#8214,#8215,#8216,#8217,#8218,
    #8219,#8220,#8221,#8222,#8223,#8224,#8225,#8226,#8227,#8228,#8229,
    #8230,#8231,#8232,#8233,#8234,#8235,#8236,#8237,#8238,#8239,#8240,
    #8241,#8242,#8243,#8244,#8245,#8246,#8247,#8248,#8249,#8250,#8251,
    #8252,#8253,#8254,#8255,#8256,#8257,#8258,#8259,#8260,#8261,#8262,
    #8263,#8264,#8265,#8266,#8267,#8268,#8269,#8270,#8271,#8272,#8273,
    #8274,#8275,#8276,#8277),.UNSPECIFIED.,.T.,.F.,(8,6,6,6,6,6,6,6,6,6,
    6,6,6,6,6,6,6,6,6,6,6,6,6,6,6,8),(0.,6.618517809349E-02,
    0.103980141374,0.14730539754,0.177449580991,0.249996666177,
    0.301404435559,0.32254127068,0.352685497016,0.396010814821,
    0.433805831873,0.455516451862,0.469502721115,0.50000103782,
    0.544484149245,0.566194740584,0.60398970776,0.647314968393,
    0.67745915495,0.698595962179,0.750003663722,0.822550653174,
    0.852694796846,0.896019995839,0.933814909245,1.),.UNSPECIFIED.);
#8126 = CARTESIAN_POINT('',(89.,-7.,58.));
#8127 = CARTESIAN_POINT('',(89.000000184584,-7.,56.453350300581));
#8128 = CARTESIAN_POINT('',(88.864334420662,-7.,54.905878717555));
#8129 = CARTESIAN_POINT('',(88.592750296352,-7.,53.37341858233));
#8130 = CARTESIAN_POINT('',(88.189158391151,-7.,51.869758698434));
#8131 = CARTESIAN_POINT('',(87.65992193162,-7.,50.407021966346));
#8132 = CARTESIAN_POINT('',(87.013412222081,-7.,48.995770225152));
#8133 = CARTESIAN_POINT('',(85.82937365598,-7.,46.873730651211));
#8134 = CARTESIAN_POINT('',(85.36394399046,-7.,46.121948408264));
#8135 = CARTESIAN_POINT('',(84.865224180092,-7.,45.391246671034));
#8136 = CARTESIAN_POINT('',(84.335053202923,-7.,44.682908864578));
#8137 = CARTESIAN_POINT('',(83.775295155304,-7.,43.998001173671));
#8138 = CARTESIAN_POINT('',(83.187799169988,-7.,43.337402171478));
#8139 = CARTESIAN_POINT('',(81.871183888489,-7.,41.973246493357));
#8140 = CARTESIAN_POINT('',(81.133927633658,-7.,41.277557402702));
#8141 = CARTESIAN_POINT('',(80.365305450945,-7.,40.615807041718));
#8142 = CARTESIAN_POINT('',(79.567951042189,-7.,39.988790814155));
#8143 = CARTESIAN_POINT('',(78.744395716059,-7.,39.397090810587));
#8144 = CARTESIAN_POINT('',(77.897035710742,-7.,38.841117159134));
#8145 = CARTESIAN_POINT('',(76.423524795818,-7.,37.959374261969));
#8146 = CARTESIAN_POINT('',(75.808515576346,-7.,37.615034841309));
#8147 = CARTESIAN_POINT('',(75.183828032627,-7.,37.288226682385));
#8148 = CARTESIAN_POINT('',(74.550193614995,-7.,36.979021453226));
#8149 = CARTESIAN_POINT('',(73.908317311953,-7.,36.687470501768));
#8150 = CARTESIAN_POINT('',(73.258875912391,-7.,36.413608435908));
#8151 = CARTESIAN_POINT('',(71.022875025165,-7.,35.540984017859));
#8152 = CARTESIAN_POINT('',(69.403387541495,-7.,35.027178397605));
#8153 = CARTESIAN_POINT('',(67.752795623235,-7.,34.616175123211));
#8154 = CARTESIAN_POINT('',(66.079429773014,-7.,34.30804024309));
#8155 = CARTESIAN_POINT('',(64.391227227297,-7.,34.102694981873));
#8156 = CARTESIAN_POINT('',(62.6957210097,-7.,34.000000070759));
#8157 = CARTESIAN_POINT('',(59.798391316591,-7.,34.000000003792));
#8158 = CARTESIAN_POINT('',(58.596820161915,-7.,34.051566530254));
#8159 = CARTESIAN_POINT('',(57.397877785013,-7.,34.154693916794));
#8160 = CARTESIAN_POINT('',(56.204231749,-7.,34.309406778538));
#8161 = CARTESIAN_POINT('',(55.018622338476,-7.,34.515728769129));
#8162 = CARTESIAN_POINT('',(53.843861700028,-7.,34.773672543991));
#8163 = CARTESIAN_POINT('',(52.205467830908,-7.,35.21053738988));
#8164 = CARTESIAN_POINT('',(51.730428477042,-7.,35.346550768996));
#8165 = CARTESIAN_POINT('',(51.257921950312,-7.,35.491291023472));
#8166 = CARTESIAN_POINT('',(50.788157509527,-7.,35.644756304998));
#8167 = CARTESIAN_POINT('',(50.321349376247,-7.,35.806942956918));
#8168 = CARTESIAN_POINT('',(49.857716734783,-7.,35.977845514224));
#8169 = CARTESIAN_POINT('',(48.741124087615,-7.,36.413608435905));
#8170 = CARTESIAN_POINT('',(48.091682688051,-7.,36.687470501767));
#8171 = CARTESIAN_POINT('',(47.449806385009,-7.,36.979021453225));
#8172 = CARTESIAN_POINT('',(46.816171967378,-7.,37.288226682382));
#8173 = CARTESIAN_POINT('',(46.191484423659,-7.,37.615034841305));
#8174 = CARTESIAN_POINT('',(45.576475204186,-7.,37.959374261968));
#8175 = CARTESIAN_POINT('',(44.102964289263,-7.,38.841117159131));
#8176 = CARTESIAN_POINT('',(43.255604283945,-7.,39.397090810584));
#8177 = CARTESIAN_POINT('',(42.432048957814,-7.,39.988790814152));
#8178 = CARTESIAN_POINT('',(41.63469454906,-7.,40.615807041715));
#8179 = CARTESIAN_POINT('',(40.866072366346,-7.,41.277557402699));
#8180 = CARTESIAN_POINT('',(40.128816111514,-7.,41.973246493354));
#8181 = CARTESIAN_POINT('',(38.812200830015,-7.,43.337402171474));
#8182 = CARTESIAN_POINT('',(38.224704844698,-7.,43.998001173667));
#8183 = CARTESIAN_POINT('',(37.664946797081,-7.,44.682908864575));
#8184 = CARTESIAN_POINT('',(37.134775819911,-7.,45.391246671031));
#8185 = CARTESIAN_POINT('',(36.636056009541,-7.,46.121948408261));
#8186 = CARTESIAN_POINT('',(36.170626344023,-7.,46.873730651207));
#8187 = CARTESIAN_POINT('',(35.493027178495,-7.,48.088127282975));
#8188 = CARTESIAN_POINT('',(35.257369751207,-7.,48.537651165339));
#8189 = CARTESIAN_POINT('',(35.03361071547,-7.,48.993335092624));
#8190 = CARTESIAN_POINT('',(34.822073298283,-7.,49.45486452323));
#8191 = CARTESIAN_POINT('',(34.623066722987,-7.,49.921900302335));
#8192 = CARTESIAN_POINT('',(34.436882838258,-7.,50.394077132146));
#8193 = CARTESIAN_POINT('',(34.152285904032,-7.,51.178243358307));
#8194 = CARTESIAN_POINT('',(34.046212478964,-7.,51.487456044206));
#8195 = CARTESIAN_POINT('',(33.945645240024,-7.,51.798535504388));
#8196 = CARTESIAN_POINT('',(33.850652417364,-7.,52.111373377989));
#8197 = CARTESIAN_POINT('',(33.761297703156,-7.,52.425857538736));
#8198 = CARTESIAN_POINT('',(33.677640251594,-7.,52.741872094944));
#8199 = CARTESIAN_POINT('',(33.429854096189,-7.,53.751471899068));
#8200 = CARTESIAN_POINT('',(33.287318274061,-7.,54.450374574744));
#8201 = CARTESIAN_POINT('',(33.172695481078,-7.,55.154736666633));
#8202 = CARTESIAN_POINT('',(33.086424914692,-7.,55.86324982803));
#8203 = CARTESIAN_POINT('',(33.028808011578,-7.,56.574565243518));
#8204 = CARTESIAN_POINT('',(32.99999975797,-7.,57.287292757044));
#8205 = CARTESIAN_POINT('',(32.999999911969,-7.,59.039514248594));
#8206 = CARTESIAN_POINT('',(33.061283808715,-7.,60.079155854937));
#8207 = CARTESIAN_POINT('',(33.183876700072,-7.,61.114361175282));
#8208 = CARTESIAN_POINT('',(33.367040445585,-7.,62.140848370209));
#8209 = CARTESIAN_POINT('',(33.609424896417,-7.,63.154593809819));
#8210 = CARTESIAN_POINT('',(33.909146268526,-7.,64.151820418296));
#8211 = CARTESIAN_POINT('',(34.436882838255,-7.,65.605922867848));
#8212 = CARTESIAN_POINT('',(34.623066722984,-7.,66.078099697658));
#8213 = CARTESIAN_POINT('',(34.82207329828,-7.,66.545135476764));
#8214 = CARTESIAN_POINT('',(35.033610715468,-7.,67.00666490737));
#8215 = CARTESIAN_POINT('',(35.257369751204,-7.,67.462348834655));
#8216 = CARTESIAN_POINT('',(35.493027178492,-7.,67.911872717019));
#8217 = CARTESIAN_POINT('',(36.17062634402,-7.,69.126269348788));
#8218 = CARTESIAN_POINT('',(36.636056009536,-7.,69.878051591731));
#8219 = CARTESIAN_POINT('',(37.134775819908,-7.,70.608753328966));
#8220 = CARTESIAN_POINT('',(37.664946797077,-7.,71.317091135422));
#8221 = CARTESIAN_POINT('',(38.224704844693,-7.,72.001998826324));
#8222 = CARTESIAN_POINT('',(38.812200830011,-7.,72.662597828522));
#8223 = CARTESIAN_POINT('',(40.128816111509,-7.,74.026753506642));
#8224 = CARTESIAN_POINT('',(40.866072366341,-7.,74.722442597296));
#8225 = CARTESIAN_POINT('',(41.634694549054,-7.,75.38419295828));
#8226 = CARTESIAN_POINT('',(42.432048957809,-7.,76.011209185844));
#8227 = CARTESIAN_POINT('',(43.255604283939,-7.,76.602909189412));
#8228 = CARTESIAN_POINT('',(44.102964289257,-7.,77.158882840865));
#8229 = CARTESIAN_POINT('',(45.57647520418,-7.,78.040625738029));
#8230 = CARTESIAN_POINT('',(46.191484423653,-7.,78.384965158691));
#8231 = CARTESIAN_POINT('',(46.816171967372,-7.,78.711773317614));
#8232 = CARTESIAN_POINT('',(47.449806385003,-7.,79.020978546773));
#8233 = CARTESIAN_POINT('',(48.091682688045,-7.,79.312529498231));
#8234 = CARTESIAN_POINT('',(48.741124087608,-7.,79.586391564092));
#8235 = CARTESIAN_POINT('',(49.857716734776,-7.,80.022154485774));
#8236 = CARTESIAN_POINT('',(50.321349376241,-7.,80.19305704308));
#8237 = CARTESIAN_POINT('',(50.788157509521,-7.,80.355243695));
#8238 = CARTESIAN_POINT('',(51.257921950306,-7.,80.508708976526));
#8239 = CARTESIAN_POINT('',(51.730428477036,-7.,80.653449231002));
#8240 = CARTESIAN_POINT('',(52.205467830901,-7.,80.789462610119));
#8241 = CARTESIAN_POINT('',(53.843861700022,-7.,81.226327456007));
#8242 = CARTESIAN_POINT('',(55.01862233847,-7.,81.484271230873));
#8243 = CARTESIAN_POINT('',(56.204231748993,-7.,81.69059322146));
#8244 = CARTESIAN_POINT('',(57.397877785006,-7.,81.845306083204));
#8245 = CARTESIAN_POINT('',(58.596820161909,-7.,81.948433469748));
#8246 = CARTESIAN_POINT('',(59.798391316584,-7.,81.999999996207));
#8247 = CARTESIAN_POINT('',(62.695721009692,-7.,81.999999929243));
#8248 = CARTESIAN_POINT('',(64.391227227295,-7.,81.897305018124));
#8249 = CARTESIAN_POINT('',(66.079429773007,-7.,81.691959756913));
#8250 = CARTESIAN_POINT('',(67.752795623227,-7.,81.383824876793));
#8251 = CARTESIAN_POINT('',(69.403387541492,-7.,80.972821602393));
#8252 = CARTESIAN_POINT('',(71.02287502516,-7.,80.459015982144));
#8253 = CARTESIAN_POINT('',(73.258875912385,-7.,79.586391564094));
#8254 = CARTESIAN_POINT('',(73.908317311949,-7.,79.312529498234));
#8255 = CARTESIAN_POINT('',(74.550193614992,-7.,79.020978546775));
#8256 = CARTESIAN_POINT('',(75.183828032622,-7.,78.711773317617));
#8257 = CARTESIAN_POINT('',(75.808515576341,-7.,78.384965158694));
#8258 = CARTESIAN_POINT('',(76.423524795815,-7.,78.040625738033));
#8259 = CARTESIAN_POINT('',(77.897035710738,-7.,77.158882840868));
#8260 = CARTESIAN_POINT('',(78.744395716055,-7.,76.602909189416));
#8261 = CARTESIAN_POINT('',(79.567951042186,-7.,76.011209185848));
#8262 = CARTESIAN_POINT('',(80.365305450941,-7.,75.384192958284));
#8263 = CARTESIAN_POINT('',(81.133927633655,-7.,74.7224425973));
#8264 = CARTESIAN_POINT('',(81.871183888486,-7.,74.026753506646));
#8265 = CARTESIAN_POINT('',(83.187799169982,-7.,72.662597828527));
#8266 = CARTESIAN_POINT('',(83.775295155308,-7.,72.001998826328));
#8267 = CARTESIAN_POINT('',(84.335053202916,-7.,71.317091135426));
#8268 = CARTESIAN_POINT('',(84.865224180086,-7.,70.608753328971));
#8269 = CARTESIAN_POINT('',(85.363943990464,-7.,69.878051591736));
#8270 = CARTESIAN_POINT('',(85.829373655975,-7.,69.126269348793));
#8271 = CARTESIAN_POINT('',(87.013412222086,-7.,67.004229774855));
#8272 = CARTESIAN_POINT('',(87.659921931596,-7.,65.592978033641));
#8273 = CARTESIAN_POINT('',(88.18915839119,-7.,64.130241301593));
#8274 = CARTESIAN_POINT('',(88.592750296313,-7.,62.626581417646));
#8275 = CARTESIAN_POINT('',(88.864334420682,-7.,61.094121282461));
#8276 = CARTESIAN_POINT('',(89.000000184579,-7.,59.546649699415));
#8277 = CARTESIAN_POINT('',(89.,-7.,58.));
#8278 = PCURVE('',#4825,#8279);
#8279 = DEFINITIONAL_REPRESENTATION('',(#8280),#8337);
#8280 = B_SPLINE_CURVE_WITH_KNOTS('',7,(#8281,#8282,#8283,#8284,#8285,
    #8286,#8287,#8288,#8289,#8290,#8291,#8292,#8293,#8294,#8295,#8296,
    #8297,#8298,#8299,#8300,#8301,#8302,#8303,#8304,#8305,#8306,#8307,
    #8308,#8309,#8310,#8311,#8312,#8313,#8314,#8315,#8316,#8317,#8318,
    #8319,#8320,#8321,#8322,#8323,#8324,#8325,#8326,#8327,#8328,#8329,
    #8330,#8331,#8332,#8333,#8334,#8335,#8336),.UNSPECIFIED.,.F.,.F.,(8,
    6,6,6,6,6,6,6,6,8),(0.608963478219,0.647314968393,0.67745915495,
    0.698595962179,0.750003663722,0.822550653174,0.852694796846,
    0.896019995839,0.933814909245,1.),.UNSPECIFIED.);
#8281 = CARTESIAN_POINT('',(8.702043705552,-7.));
#8282 = CARTESIAN_POINT('',(8.667337801868,-7.));
#8283 = CARTESIAN_POINT('',(8.63284910362,-7.));
#8284 = CARTESIAN_POINT('',(8.598573313198,-7.));
#8285 = CARTESIAN_POINT('',(8.564504329345,-7.));
#8286 = CARTESIAN_POINT('',(8.530634269005,-7.));
#8287 = CARTESIAN_POINT('',(8.496953489179,-7.));
#8288 = CARTESIAN_POINT('',(8.437117418779,-7.));
#8289 = CARTESIAN_POINT('',(8.410894532825,-7.));
#8290 = CARTESIAN_POINT('',(8.384776540288,-7.));
#8291 = CARTESIAN_POINT('',(8.358757876937,-7.));
#8292 = CARTESIAN_POINT('',(8.332832744901,-7.));
#8293 = CARTESIAN_POINT('',(8.306995032629,-7.));
#8294 = CARTESIAN_POINT('',(8.263177821517,-7.));
#8295 = CARTESIAN_POINT('',(8.245157252701,-7.));
#8296 = CARTESIAN_POINT('',(8.227174342837,-7.));
#8297 = CARTESIAN_POINT('',(8.209226876273,-7.));
#8298 = CARTESIAN_POINT('',(8.19131260728,-7.));
#8299 = CARTESIAN_POINT('',(8.173429260055,-7.));
#8300 = CARTESIAN_POINT('',(8.112149299462,-7.));
#8301 = CARTESIAN_POINT('',(8.06889474272,-7.));
#8302 = CARTESIAN_POINT('',(8.025775406368,-7.));
#8303 = CARTESIAN_POINT('',(7.982757931095,-7.));
#8304 = CARTESIAN_POINT('',(7.939809493129,-7.));
#8305 = CARTESIAN_POINT('',(7.896896227804,-7.));
#8306 = CARTESIAN_POINT('',(7.793420190993,-7.));
#8307 = CARTESIAN_POINT('',(7.732866291797,-7.));
#8308 = CARTESIAN_POINT('',(7.67221078258,-7.));
#8309 = CARTESIAN_POINT('',(7.611359426832,-7.));
#8310 = CARTESIAN_POINT('',(7.550223898046,-7.));
#8311 = CARTESIAN_POINT('',(7.488713131213,-7.));
#8312 = CARTESIAN_POINT('',(7.40096823532,-7.));
#8313 = CARTESIAN_POINT('',(7.375130523049,-7.));
#8314 = CARTESIAN_POINT('',(7.349205391012,-7.));
#8315 = CARTESIAN_POINT('',(7.323186727661,-7.));
#8316 = CARTESIAN_POINT('',(7.297068735124,-7.));
#8317 = CARTESIAN_POINT('',(7.27084584917,-7.));
#8318 = CARTESIAN_POINT('',(7.206664820175,-7.));
#8319 = CARTESIAN_POINT('',(7.168589946384,-7.));
#8320 = CARTESIAN_POINT('',(7.130271629606,-7.));
#8321 = CARTESIAN_POINT('',(7.091696292445,-7.));
#8322 = CARTESIAN_POINT('',(7.052853228508,-7.));
#8323 = CARTESIAN_POINT('',(7.013734642608,-7.));
#8324 = CARTESIAN_POINT('',(6.939965855399,-7.));
#8325 = CARTESIAN_POINT('',(6.905383084969,-7.));
#8326 = CARTESIAN_POINT('',(6.870585021231,-7.));
#8327 = CARTESIAN_POINT('',(6.835571986974,-7.));
#8328 = CARTESIAN_POINT('',(6.800346999126,-7.));
#8329 = CARTESIAN_POINT('',(6.764916451013,-7.));
#8330 = CARTESIAN_POINT('',(6.666906270142,-7.));
#8331 = CARTESIAN_POINT('',(6.603896646002,-7.));
#8332 = CARTESIAN_POINT('',(6.540362443508,-7.));
#8333 = CARTESIAN_POINT('',(6.476396755763,-7.));
#8334 = CARTESIAN_POINT('',(6.412107000905,-7.));
#8335 = CARTESIAN_POINT('',(6.347629049133,-7.));
#8336 = CARTESIAN_POINT('',(6.28318530718,-7.));
#8337 = ( GEOMETRIC_REPRESENTATION_CONTEXT(2) 
PARAMETRIC_REPRESENTATION_CONTEXT() REPRESENTATION_CONTEXT('2D SPACE',''
  ) );
#8338 = PCURVE('',#4656,#8339);
#8339 = DEFINITIONAL_REPRESENTATION('',(#8340),#8493);
#8340 = B_SPLINE_CURVE_WITH_KNOTS('',7,(#8341,#8342,#8343,#8344,#8345,
    #8346,#8347,#8348,#8349,#8350,#8351,#8352,#8353,#8354,#8355,#8356,
    #8357,#8358,#8359,#8360,#8361,#8362,#8363,#8364,#8365,#8366,#8367,
    #8368,#8369,#8370,#8371,#8372,#8373,#8374,#8375,#8376,#8377,#8378,
    #8379,#8380,#8381,#8382,#8383,#8384,#8385,#8386,#8387,#8388,#8389,
    #8390,#8391,#8392,#8393,#8394,#8395,#8396,#8397,#8398,#8399,#8400,
    #8401,#8402,#8403,#8404,#8405,#8406,#8407,#8408,#8409,#8410,#8411,
    #8412,#8413,#8414,#8415,#8416,#8417,#8418,#8419,#8420,#8421,#8422,
    #8423,#8424,#8425,#8426,#8427,#8428,#8429,#8430,#8431,#8432,#8433,
    #8434,#8435,#8436,#8437,#8438,#8439,#8440,#8441,#8442,#8443,#8444,
    #8445,#8446,#8447,#8448,#8449,#8450,#8451,#8452,#8453,#8454,#8455,
    #8456,#8457,#8458,#8459,#8460,#8461,#8462,#8463,#8464,#8465,#8466,
    #8467,#8468,#8469,#8470,#8471,#8472,#8473,#8474,#8475,#8476,#8477,
    #8478,#8479,#8480,#8481,#8482,#8483,#8484,#8485,#8486,#8487,#8488,
    #8489,#8490,#8491,#8492),.UNSPECIFIED.,.F.,.F.,(8,6,6,6,6,6,6,6,6,6,
    6,6,6,6,6,6,6,6,6,6,6,6,6,6,6,8),(0.,6.618517809349E-02,
    0.103980141374,0.14730539754,0.177449580991,0.249996666177,
    0.301404435559,0.32254127068,0.352685497016,0.396010814821,
    0.433805831873,0.455516451862,0.469502721115,0.50000103782,
    0.544484149245,0.566194740584,0.60398970776,0.647314968393,
    0.67745915495,0.698595962179,0.750003663722,0.822550653174,
    0.852694796846,0.896019995839,0.933814909245,1.),.UNSPECIFIED.);
#8341 = CARTESIAN_POINT('',(1.42108547152E-14,27.467299166349));
#8342 = CARTESIAN_POINT('',(1.546649699419,27.467299350933));
#8343 = CARTESIAN_POINT('',(3.094121282445,27.331633587011));
#8344 = CARTESIAN_POINT('',(4.62658141767,27.060049462701));
#8345 = CARTESIAN_POINT('',(6.130241301566,26.6564575575));
#8346 = CARTESIAN_POINT('',(7.592978033654,26.127221097969));
#8347 = CARTESIAN_POINT('',(9.004229774848,25.48071138843));
#8348 = CARTESIAN_POINT('',(11.126269348789,24.296672822329));
#8349 = CARTESIAN_POINT('',(11.878051591736,23.831243156809));
#8350 = CARTESIAN_POINT('',(12.608753328966,23.332523346441));
#8351 = CARTESIAN_POINT('',(13.317091135422,22.802352369271));
#8352 = CARTESIAN_POINT('',(14.001998826329,22.242594321653));
#8353 = CARTESIAN_POINT('',(14.662597828522,21.655098336337));
#8354 = CARTESIAN_POINT('',(16.026753506643,20.338483054837));
#8355 = CARTESIAN_POINT('',(16.722442597298,19.601226800007));
#8356 = CARTESIAN_POINT('',(17.384192958282,18.832604617293));
#8357 = CARTESIAN_POINT('',(18.011209185845,18.035250208538));
#8358 = CARTESIAN_POINT('',(18.602909189413,17.211694882408));
#8359 = CARTESIAN_POINT('',(19.158882840866,16.364334877091));
#8360 = CARTESIAN_POINT('',(20.040625738031,14.890823962166));
#8361 = CARTESIAN_POINT('',(20.384965158691,14.275814742695));
#8362 = CARTESIAN_POINT('',(20.711773317615,13.651127198976));
#8363 = CARTESIAN_POINT('',(21.020978546774,13.017492781344));
#8364 = CARTESIAN_POINT('',(21.312529498232,12.375616478302));
#8365 = CARTESIAN_POINT('',(21.586391564092,11.72617507874));
#8366 = CARTESIAN_POINT('',(22.459015982141,9.490174191514));
#8367 = CARTESIAN_POINT('',(22.972821602395,7.870686707844));
#8368 = CARTESIAN_POINT('',(23.383824876789,6.220094789584));
#8369 = CARTESIAN_POINT('',(23.69195975691,4.546728939363));
#8370 = CARTESIAN_POINT('',(23.897305018127,2.858526393646));
#8371 = CARTESIAN_POINT('',(23.999999929241,1.163020176049));
#8372 = CARTESIAN_POINT('',(23.999999996208,-1.734309517061));
#8373 = CARTESIAN_POINT('',(23.948433469746,-2.935880671736));
#8374 = CARTESIAN_POINT('',(23.845306083206,-4.134823048639));
#8375 = CARTESIAN_POINT('',(23.690593221462,-5.328469084651));
#8376 = CARTESIAN_POINT('',(23.484271230872,-6.514078495175));
#8377 = CARTESIAN_POINT('',(23.226327456009,-7.688839133623));
#8378 = CARTESIAN_POINT('',(22.78946261012,-9.327233002744));
#8379 = CARTESIAN_POINT('',(22.653449231004,-9.802272356609));
#8380 = CARTESIAN_POINT('',(22.508708976528,-10.27477888333));
#8381 = CARTESIAN_POINT('',(22.355243695002,-10.74454332412));
#8382 = CARTESIAN_POINT('',(22.193057043082,-11.2113514574));
#8383 = CARTESIAN_POINT('',(22.022154485776,-11.67498409886));
#8384 = CARTESIAN_POINT('',(21.586391564095,-12.79157674603));
#8385 = CARTESIAN_POINT('',(21.312529498233,-13.4410181456));
#8386 = CARTESIAN_POINT('',(21.020978546775,-14.08289444864));
#8387 = CARTESIAN_POINT('',(20.711773317618,-14.71652886627));
#8388 = CARTESIAN_POINT('',(20.384965158695,-15.34121640999));
#8389 = CARTESIAN_POINT('',(20.040625738032,-15.95622562946));
#8390 = CARTESIAN_POINT('',(19.158882840869,-17.42973654438));
#8391 = CARTESIAN_POINT('',(18.602909189416,-18.2770965497));
#8392 = CARTESIAN_POINT('',(18.011209185848,-19.10065187583));
#8393 = CARTESIAN_POINT('',(17.384192958285,-19.89800628459));
#8394 = CARTESIAN_POINT('',(16.722442597301,-20.6666284673));
#8395 = CARTESIAN_POINT('',(16.026753506646,-21.40388472213));
#8396 = CARTESIAN_POINT('',(14.662597828526,-22.72050000363));
#8397 = CARTESIAN_POINT('',(14.001998826333,-23.30799598895));
#8398 = CARTESIAN_POINT('',(13.317091135425,-23.86775403657));
#8399 = CARTESIAN_POINT('',(12.608753328969,-24.39792501374));
#8400 = CARTESIAN_POINT('',(11.878051591739,-24.89664482411));
#8401 = CARTESIAN_POINT('',(11.126269348793,-25.36207448962));
#8402 = CARTESIAN_POINT('',(9.911872717025,-26.03967365515));
#8403 = CARTESIAN_POINT('',(9.462348834661,-26.27533108244));
#8404 = CARTESIAN_POINT('',(9.006664907376,-26.49909011818));
#8405 = CARTESIAN_POINT('',(8.54513547677,-26.71062753536));
#8406 = CARTESIAN_POINT('',(8.078099697665,-26.90963411066));
#8407 = CARTESIAN_POINT('',(7.605922867854,-27.09581799539));
#8408 = CARTESIAN_POINT('',(6.821756641693,-27.38041492961));
#8409 = CARTESIAN_POINT('',(6.512543955794,-27.48648835468));
#8410 = CARTESIAN_POINT('',(6.201464495612,-27.58705559362));
#8411 = CARTESIAN_POINT('',(5.888626622011,-27.68204841628));
#8412 = CARTESIAN_POINT('',(5.574142461264,-27.77140313049));
#8413 = CARTESIAN_POINT('',(5.258127905056,-27.85506058205));
#8414 = CARTESIAN_POINT('',(4.248528100932,-28.10284673746));
#8415 = CARTESIAN_POINT('',(3.549625425256,-28.24538255959));
#8416 = CARTESIAN_POINT('',(2.845263333367,-28.36000535257));
#8417 = CARTESIAN_POINT('',(2.13675017197,-28.44627591895));
#8418 = CARTESIAN_POINT('',(1.425434756482,-28.50389282207));
#8419 = CARTESIAN_POINT('',(0.712707242956,-28.53270107568));
#8420 = CARTESIAN_POINT('',(-1.039514248594,-28.53270092168));
#8421 = CARTESIAN_POINT('',(-2.079155854937,-28.47141702493));
#8422 = CARTESIAN_POINT('',(-3.114361175282,-28.34882413357));
#8423 = CARTESIAN_POINT('',(-4.140848370209,-28.16566038806));
#8424 = CARTESIAN_POINT('',(-5.154593809819,-27.92327593723));
#8425 = CARTESIAN_POINT('',(-6.151820418296,-27.62355456512));
#8426 = CARTESIAN_POINT('',(-7.605922867848,-27.09581799539));
#8427 = CARTESIAN_POINT('',(-8.078099697658,-26.90963411066));
#8428 = CARTESIAN_POINT('',(-8.545135476764,-26.71062753537));
#8429 = CARTESIAN_POINT('',(-9.00666490737,-26.49909011818));
#8430 = CARTESIAN_POINT('',(-9.462348834655,-26.27533108244));
#8431 = CARTESIAN_POINT('',(-9.911872717019,-26.03967365515));
#8432 = CARTESIAN_POINT('',(-11.12626934878,-25.36207448963));
#8433 = CARTESIAN_POINT('',(-11.87805159173,-24.89664482411));
#8434 = CARTESIAN_POINT('',(-12.60875332896,-24.39792501374));
#8435 = CARTESIAN_POINT('',(-13.31709113542,-23.86775403657));
#8436 = CARTESIAN_POINT('',(-14.00199882632,-23.30799598895));
#8437 = CARTESIAN_POINT('',(-14.66259782852,-22.72050000364));
#8438 = CARTESIAN_POINT('',(-16.02675350664,-21.40388472214));
#8439 = CARTESIAN_POINT('',(-16.72244259729,-20.66662846731));
#8440 = CARTESIAN_POINT('',(-17.38419295828,-19.89800628459));
#8441 = CARTESIAN_POINT('',(-18.01120918584,-19.10065187584));
#8442 = CARTESIAN_POINT('',(-18.60290918941,-18.27709654971));
#8443 = CARTESIAN_POINT('',(-19.15888284086,-17.42973654439));
#8444 = CARTESIAN_POINT('',(-20.04062573802,-15.95622562947));
#8445 = CARTESIAN_POINT('',(-20.38496515869,-15.34121640999));
#8446 = CARTESIAN_POINT('',(-20.71177331761,-14.71652886627));
#8447 = CARTESIAN_POINT('',(-21.02097854677,-14.08289444864));
#8448 = CARTESIAN_POINT('',(-21.31252949823,-13.4410181456));
#8449 = CARTESIAN_POINT('',(-21.58639156409,-12.79157674604));
#8450 = CARTESIAN_POINT('',(-22.02215448577,-11.67498409887));
#8451 = CARTESIAN_POINT('',(-22.19305704308,-11.21135145741));
#8452 = CARTESIAN_POINT('',(-22.355243695,-10.74454332413));
#8453 = CARTESIAN_POINT('',(-22.50870897652,-10.27477888334));
#8454 = CARTESIAN_POINT('',(-22.653449231,-9.802272356615));
#8455 = CARTESIAN_POINT('',(-22.78946261011,-9.32723300275));
#8456 = CARTESIAN_POINT('',(-23.226327456,-7.688839133629));
#8457 = CARTESIAN_POINT('',(-23.48427123087,-6.514078495181));
#8458 = CARTESIAN_POINT('',(-23.69059322146,-5.328469084658));
#8459 = CARTESIAN_POINT('',(-23.8453060832,-4.134823048645));
#8460 = CARTESIAN_POINT('',(-23.94843346974,-2.935880671742));
#8461 = CARTESIAN_POINT('',(-23.9999999962,-1.734309517067));
#8462 = CARTESIAN_POINT('',(-23.99999992924,1.163020176041));
#8463 = CARTESIAN_POINT('',(-23.89730501812,2.858526393644));
#8464 = CARTESIAN_POINT('',(-23.69195975691,4.546728939356));
#8465 = CARTESIAN_POINT('',(-23.38382487679,6.220094789575));
#8466 = CARTESIAN_POINT('',(-22.97282160239,7.870686707841));
#8467 = CARTESIAN_POINT('',(-22.45901598214,9.490174191509));
#8468 = CARTESIAN_POINT('',(-21.58639156409,11.726175078734));
#8469 = CARTESIAN_POINT('',(-21.31252949823,12.375616478298));
#8470 = CARTESIAN_POINT('',(-21.02097854677,13.017492781341));
#8471 = CARTESIAN_POINT('',(-20.71177331761,13.651127198971));
#8472 = CARTESIAN_POINT('',(-20.38496515869,14.27581474269));
#8473 = CARTESIAN_POINT('',(-20.04062573803,14.890823962163));
#8474 = CARTESIAN_POINT('',(-19.15888284086,16.364334877087));
#8475 = CARTESIAN_POINT('',(-18.60290918941,17.211694882404));
#8476 = CARTESIAN_POINT('',(-18.01120918584,18.035250208535));
#8477 = CARTESIAN_POINT('',(-17.38419295828,18.83260461729));
#8478 = CARTESIAN_POINT('',(-16.7224425973,19.601226800003));
#8479 = CARTESIAN_POINT('',(-16.02675350664,20.338483054835));
#8480 = CARTESIAN_POINT('',(-14.66259782852,21.655098336331));
#8481 = CARTESIAN_POINT('',(-14.00199882632,22.242594321657));
#8482 = CARTESIAN_POINT('',(-13.31709113542,22.802352369265));
#8483 = CARTESIAN_POINT('',(-12.60875332897,23.332523346434));
#8484 = CARTESIAN_POINT('',(-11.87805159173,23.831243156813));
#8485 = CARTESIAN_POINT('',(-11.12626934879,24.296672822324));
#8486 = CARTESIAN_POINT('',(-9.004229774855,25.480711388435));
#8487 = CARTESIAN_POINT('',(-7.592978033641,26.127221097945));
#8488 = CARTESIAN_POINT('',(-6.130241301593,26.656457557539));
#8489 = CARTESIAN_POINT('',(-4.626581417646,27.060049462662));
#8490 = CARTESIAN_POINT('',(-3.094121282461,27.331633587031));
#8491 = CARTESIAN_POINT('',(-1.546649699415,27.467299350928));
#8492 = CARTESIAN_POINT('',(7.105427357601E-15,27.467299166349));
#8493 = ( GEOMETRIC_REPRESENTATION_CONTEXT(2) 
PARAMETRIC_REPRESENTATION_CONTEXT() REPRESENTATION_CONTEXT('2D SPACE',''
  ) );
#8494 = ORIENTED_EDGE('',*,*,#8495,.T.);
#8495 = EDGE_CURVE('',#8122,#7085,#8496,.T.);
#8496 = SURFACE_CURVE('',#8497,(#8503,#8512),.PCURVE_S1.);
#8497 = B_SPLINE_CURVE_WITH_KNOTS('',4,(#8498,#8499,#8500,#8501,#8502),
  .UNSPECIFIED.,.F.,.F.,(5,5),(0.,1.),.PIECEWISE_BEZIER_KNOTS.);
#8498 = CARTESIAN_POINT('',(40.,-7.0000006,73.874507866388));
#8499 = CARTESIAN_POINT('',(40.,-5.2500003,73.874507866388));
#8500 = CARTESIAN_POINT('',(40.,-3.5,73.874507866388));
#8501 = CARTESIAN_POINT('',(40.,-1.7499997,73.874507866388));
#8502 = CARTESIAN_POINT('',(40.,5.999999999062E-07,73.874507866388));
#8503 = PCURVE('',#4825,#8504);
#8504 = DEFINITIONAL_REPRESENTATION('',(#8505),#8511);
#8505 = B_SPLINE_CURVE_WITH_KNOTS('',4,(#8506,#8507,#8508,#8509,#8510),
  .UNSPECIFIED.,.F.,.F.,(5,5),(0.,0.999999914286),
  .PIECEWISE_BEZIER_KNOTS.);
#8506 = CARTESIAN_POINT('',(8.702043712956,-7.0000006));
#8507 = CARTESIAN_POINT('',(8.702043712956,-5.25000045));
#8508 = CARTESIAN_POINT('',(8.702043712956,-3.5000003));
#8509 = CARTESIAN_POINT('',(8.702043712956,-1.75000015));
#8510 = CARTESIAN_POINT('',(8.702043712956,-5.047379335438E-17));
#8511 = ( GEOMETRIC_REPRESENTATION_CONTEXT(2) 
PARAMETRIC_REPRESENTATION_CONTEXT() REPRESENTATION_CONTEXT('2D SPACE',''
  ) );
#8512 = PCURVE('',#6669,#8513);
#8513 = DEFINITIONAL_REPRESENTATION('',(#8514),#8520);
#8514 = B_SPLINE_CURVE_WITH_KNOTS('',4,(#8515,#8516,#8517,#8518,#8519),
  .UNSPECIFIED.,.F.,.F.,(5,5),(0.,1.),.PIECEWISE_BEZIER_KNOTS.);
#8515 = CARTESIAN_POINT('',(75.874507866388,-0.9999994));
#8516 = CARTESIAN_POINT('',(75.874507866388,-2.7499997));
#8517 = CARTESIAN_POINT('',(75.874507866388,-4.5));
#8518 = CARTESIAN_POINT('',(75.874507866388,-6.2500003));
#8519 = CARTESIAN_POINT('',(75.874507866388,-8.0000006));
#8520 = ( GEOMETRIC_REPRESENTATION_CONTEXT(2) 
PARAMETRIC_REPRESENTATION_CONTEXT() REPRESENTATION_CONTEXT('2D SPACE',''
  ) );
#8521 = ADVANCED_FACE('',(#8522),#4656,.T.);
#8522 = FACE_BOUND('',#8523,.T.);
#8523 = EDGE_LOOP('',(#8524,#8525,#8548,#8567));
#8524 = ORIENTED_EDGE('',*,*,#4462,.F.);
#8525 = ORIENTED_EDGE('',*,*,#8526,.T.);
#8526 = EDGE_CURVE('',#4354,#8527,#8529,.T.);
#8527 = VERTEX_POINT('',#8528);
#8528 = CARTESIAN_POINT('',(40.,-7.,88.639680154989));
#8529 = SURFACE_CURVE('',#8530,(#8535,#8542),.PCURVE_S1.);
#8530 = ELLIPSE('',#8531,40.,36.);
#8531 = AXIS2_PLACEMENT_3D('',#8532,#8533,#8534);
#8532 = CARTESIAN_POINT('',(61.,-7.,58.));
#8533 = DIRECTION('',(0.,-1.,0.));
#8534 = DIRECTION('',(1.,0.,0.));
#8535 = PCURVE('',#4656,#8536);
#8536 = DEFINITIONAL_REPRESENTATION('',(#8537),#8541);
#8537 = ELLIPSE('',#8538,40.,36.);
#8538 = AXIS2_PLACEMENT_2D('',#8539,#8540);
#8539 = CARTESIAN_POINT('',(7.105427357601E-15,-0.532700833651));
#8540 = DIRECTION('',(0.,1.));
#8541 = ( GEOMETRIC_REPRESENTATION_CONTEXT(2) 
PARAMETRIC_REPRESENTATION_CONTEXT() REPRESENTATION_CONTEXT('2D SPACE',''
  ) );
#8542 = PCURVE('',#4421,#8543);
#8543 = DEFINITIONAL_REPRESENTATION('',(#8544),#8547);
#8544 = B_SPLINE_CURVE_WITH_KNOTS('',1,(#8545,#8546),.UNSPECIFIED.,.F.,
  .F.,(2,2),(0.,2.123511439892),.PIECEWISE_BEZIER_KNOTS.);
#8545 = CARTESIAN_POINT('',(6.28318530718,-7.));
#8546 = CARTESIAN_POINT('',(8.406696747071,-7.));
#8547 = ( GEOMETRIC_REPRESENTATION_CONTEXT(2) 
PARAMETRIC_REPRESENTATION_CONTEXT() REPRESENTATION_CONTEXT('2D SPACE',''
  ) );
#8548 = ORIENTED_EDGE('',*,*,#8549,.F.);
#8549 = EDGE_CURVE('',#8122,#8527,#8550,.T.);
#8550 = SURFACE_CURVE('',#8551,(#8555,#8561),.PCURVE_S1.);
#8551 = LINE('',#8552,#8553);
#8552 = CARTESIAN_POINT('',(40.,-7.,28.));
#8553 = VECTOR('',#8554,1.);
#8554 = DIRECTION('',(0.,0.,1.));
#8555 = PCURVE('',#4656,#8556);
#8556 = DEFINITIONAL_REPRESENTATION('',(#8557),#8560);
#8557 = B_SPLINE_CURVE_WITH_KNOTS('',1,(#8558,#8559),.UNSPECIFIED.,.F.,
  .F.,(2,2),(-6.,66.),.PIECEWISE_BEZIER_KNOTS.);
#8558 = CARTESIAN_POINT('',(36.,-21.53270083365));
#8559 = CARTESIAN_POINT('',(-36.,-21.53270083365));
#8560 = ( GEOMETRIC_REPRESENTATION_CONTEXT(2) 
PARAMETRIC_REPRESENTATION_CONTEXT() REPRESENTATION_CONTEXT('2D SPACE',''
  ) );
#8561 = PCURVE('',#6669,#8562);
#8562 = DEFINITIONAL_REPRESENTATION('',(#8563),#8566);
#8563 = B_SPLINE_CURVE_WITH_KNOTS('',1,(#8564,#8565),.UNSPECIFIED.,.F.,
  .F.,(2,2),(-6.,66.),.PIECEWISE_BEZIER_KNOTS.);
#8564 = CARTESIAN_POINT('',(24.,-1.));
#8565 = CARTESIAN_POINT('',(96.,-1.));
#8566 = ( GEOMETRIC_REPRESENTATION_CONTEXT(2) 
PARAMETRIC_REPRESENTATION_CONTEXT() REPRESENTATION_CONTEXT('2D SPACE',''
  ) );
#8567 = ORIENTED_EDGE('',*,*,#8121,.T.);
#8568 = ADVANCED_FACE('',(#8569),#4421,.F.);
#8569 = FACE_BOUND('',#8570,.F.);
#8570 = EDGE_LOOP('',(#8571,#8572,#8573,#8574));
#8571 = ORIENTED_EDGE('',*,*,#6605,.F.);
#8572 = ORIENTED_EDGE('',*,*,#4353,.T.);
#8573 = ORIENTED_EDGE('',*,*,#8526,.T.);
#8574 = ORIENTED_EDGE('',*,*,#8575,.T.);
#8575 = EDGE_CURVE('',#8527,#6606,#8576,.T.);
#8576 = SURFACE_CURVE('',#8577,(#8583,#8592),.PCURVE_S1.);
#8577 = B_SPLINE_CURVE_WITH_KNOTS('',4,(#8578,#8579,#8580,#8581,#8582),
  .UNSPECIFIED.,.F.,.F.,(5,5),(0.,1.),.PIECEWISE_BEZIER_KNOTS.);
#8578 = CARTESIAN_POINT('',(40.,-7.0000006,88.639680154989));
#8579 = CARTESIAN_POINT('',(40.,-5.2500003,88.639680154989));
#8580 = CARTESIAN_POINT('',(40.,-3.5,88.639680154989));
#8581 = CARTESIAN_POINT('',(40.,-1.7499997,88.639680154989));
#8582 = CARTESIAN_POINT('',(40.,5.999999999062E-07,88.639680154989));
#8583 = PCURVE('',#4421,#8584);
#8584 = DEFINITIONAL_REPRESENTATION('',(#8585),#8591);
#8585 = B_SPLINE_CURVE_WITH_KNOTS('',4,(#8586,#8587,#8588,#8589,#8590),
  .UNSPECIFIED.,.F.,.F.,(5,5),(8.571427100702E-08,0.999999914286),
  .PIECEWISE_BEZIER_KNOTS.);
#8586 = CARTESIAN_POINT('',(8.406696747071,-7.));
#8587 = CARTESIAN_POINT('',(8.406696747071,-5.25));
#8588 = CARTESIAN_POINT('',(8.406696747071,-3.5));
#8589 = CARTESIAN_POINT('',(8.406696747071,-1.75));
#8590 = CARTESIAN_POINT('',(8.406696747071,-5.047368747526E-17));
#8591 = ( GEOMETRIC_REPRESENTATION_CONTEXT(2) 
PARAMETRIC_REPRESENTATION_CONTEXT() REPRESENTATION_CONTEXT('2D SPACE',''
  ) );
#8592 = PCURVE('',#6669,#8593);
#8593 = DEFINITIONAL_REPRESENTATION('',(#8594),#8600);
#8594 = B_SPLINE_CURVE_WITH_KNOTS('',4,(#8595,#8596,#8597,#8598,#8599),
  .UNSPECIFIED.,.F.,.F.,(5,5),(0.,1.),.PIECEWISE_BEZIER_KNOTS.);
#8595 = CARTESIAN_POINT('',(90.639680154989,-0.9999994));
#8596 = CARTESIAN_POINT('',(90.639680154989,-2.7499997));
#8597 = CARTESIAN_POINT('',(90.639680154989,-4.5));
#8598 = CARTESIAN_POINT('',(90.639680154989,-6.2500003));
#8599 = CARTESIAN_POINT('',(90.639680154989,-8.0000006));
#8600 = ( GEOMETRIC_REPRESENTATION_CONTEXT(2) 
PARAMETRIC_REPRESENTATION_CONTEXT() REPRESENTATION_CONTEXT('2D SPACE',''
  ) );
#8601 = ADVANCED_FACE('',(#8602),#6564,.F.);
#8602 = FACE_BOUND('',#8603,.T.);
#8603 = EDGE_LOOP('',(#8604));
#8604 = ORIENTED_EDGE('',*,*,#6547,.F.);
#8605 = ADVANCED_FACE('',(#8606),#6669,.F.);
#8606 = FACE_BOUND('',#8607,.F.);
#8607 = EDGE_LOOP('',(#8608,#8609,#8610,#8611,#8612,#8613));
#8608 = ORIENTED_EDGE('',*,*,#8575,.F.);
#8609 = ORIENTED_EDGE('',*,*,#8549,.F.);
#8610 = ORIENTED_EDGE('',*,*,#8495,.T.);
#8611 = ORIENTED_EDGE('',*,*,#7108,.F.);
#8612 = ORIENTED_EDGE('',*,*,#6688,.T.);
#8613 = ORIENTED_EDGE('',*,*,#6651,.T.);
#8614 = ( GEOMETRIC_REPRESENTATION_CONTEXT(3) 
GLOBAL_UNCERTAINTY_ASSIGNED_CONTEXT((#8618)) 
GLOBAL_UNIT_ASSIGNED_CONTEXT((#8615,#8616,#8617)) REPRESENTATION_CONTEXT
('Context #1','3D Context with UNIT and UNCERTAINTY') );
#8615 = ( LENGTH_UNIT() NAMED_UNIT(*) SI_UNIT(.MILLI.,.METRE.) );
#8616 = ( NAMED_UNIT(*) PLANE_ANGLE_UNIT() SI_UNIT($,.RADIAN.) );
#8617 = ( NAMED_UNIT(*) SI_UNIT($,.STERADIAN.) SOLID_ANGLE_UNIT() );
#8618 = UNCERTAINTY_MEASURE_WITH_UNIT(LENGTH_MEASURE(5.E-06),#8615,
  'distance_accuracy_value','confusion accuracy');
#8619 = PRODUCT_RELATED_PRODUCT_CATEGORY('part',$,(#7));
ENDSEC;
END-ISO-10303-21;
